0 verbose cli C:\Program Files\nodejs\node.exe C:\Program Files\nodejs\node_modules\npm\bin\npm-cli.js
1 info using npm@11.12.1
2 info using node@v24.15.0
3 silly config load:file:C:\Program Files\nodejs\node_modules\npm\npmrc
4 silly config load:file:C:\Users\Administrator\Documents\Syncrypt\syncrypt-app\.npmrc
5 silly config load:file:C:\Users\Administrator\.npmrc
6 silly config load:file:C:\Users\Administrator\AppData\Roaming\npm\etc\npmrc
7 verbose title npm install
8 verbose argv "install"
9 verbose logfile logs-max:10 dir:C:\Users\Administrator\Documents\Syncrypt\.npm-cache\_logs\2026-05-10T18_22_34_609Z-
10 verbose logfile C:\Users\Administrator\Documents\Syncrypt\.npm-cache\_logs\2026-05-10T18_22_34_609Z-debug-0.log
11 silly logfile done cleaning log files
12 silly packumentCache heap:4496293888 maxSize:1124073472 maxEntrySize:562036736
13 silly idealTree buildDeps
14 silly fetch manifest next@16.2.6
15 silly packumentCache full:https://registry.npmjs.org/next cache-miss
16 http fetch GET 200 https://registry.npmjs.org/next 1892ms (cache miss)
17 silly packumentCache full:https://registry.npmjs.org/next set size:undefined disposed:false
18 silly fetch manifest @opentelemetry/api@^1.1.0
19 silly packumentCache full:https://registry.npmjs.org/@opentelemetry%2fapi cache-miss
20 http fetch GET 200 https://registry.npmjs.org/@opentelemetry%2fapi 699ms (cache miss)
21 silly packumentCache full:https://registry.npmjs.org/@opentelemetry%2fapi set size:undefined disposed:false
22 silly fetch manifest @playwright/test@^1.51.1
23 silly packumentCache full:https://registry.npmjs.org/@playwright%2ftest cache-miss
24 http fetch GET 200 https://registry.npmjs.org/@playwright%2ftest 1509ms (cache miss)
25 silly packumentCache full:https://registry.npmjs.org/@playwright%2ftest set size:undefined disposed:false
26 silly fetch manifest babel-plugin-react-compiler@*
27 silly packumentCache full:https://registry.npmjs.org/babel-plugin-react-compiler cache-miss
28 http fetch GET 200 https://registry.npmjs.org/babel-plugin-react-compiler 165ms (cache miss)
29 silly packumentCache full:https://registry.npmjs.org/babel-plugin-react-compiler set size:undefined disposed:false
30 silly fetch manifest react@19.2.4
31 silly packumentCache full:https://registry.npmjs.org/react cache-miss
32 http fetch GET 200 https://registry.npmjs.org/react 655ms (cache miss)
33 silly packumentCache full:https://registry.npmjs.org/react set size:undefined disposed:false
34 silly fetch manifest react-dom@19.2.4
35 silly packumentCache full:https://registry.npmjs.org/react-dom cache-miss
36 http fetch GET 200 https://registry.npmjs.org/react-dom 1196ms (cache miss)
37 silly packumentCache full:https://registry.npmjs.org/react-dom set size:undefined disposed:false
38 silly fetch manifest sass@^1.3.0
39 silly packumentCache full:https://registry.npmjs.org/sass cache-miss
40 http fetch GET 200 https://registry.npmjs.org/sass 752ms (cache miss)
41 silly packumentCache full:https://registry.npmjs.org/sass set size:undefined disposed:false
42 silly fetch manifest @tailwindcss/postcss@^4
43 silly packumentCache full:https://registry.npmjs.org/@tailwindcss%2fpostcss cache-miss
44 http fetch GET 200 https://registry.npmjs.org/@tailwindcss%2fpostcss 900ms (cache miss)
45 silly packumentCache full:https://registry.npmjs.org/@tailwindcss%2fpostcss set size:undefined disposed:false
46 silly fetch manifest @types/node@^20
47 silly packumentCache full:https://registry.npmjs.org/@types%2fnode cache-miss
48 http fetch GET 200 https://registry.npmjs.org/@types%2fnode 873ms (cache miss)
49 silly packumentCache full:https://registry.npmjs.org/@types%2fnode set size:undefined disposed:false
50 silly fetch manifest @types/react@^19
51 silly packumentCache full:https://registry.npmjs.org/@types%2freact cache-miss
52 http fetch GET 200 https://registry.npmjs.org/@types%2freact 390ms (cache miss)
53 silly packumentCache full:https://registry.npmjs.org/@types%2freact set size:undefined disposed:false
54 silly fetch manifest @types/react-dom@^19
55 silly packumentCache full:https://registry.npmjs.org/@types%2freact-dom cache-miss
56 http fetch GET 200 https://registry.npmjs.org/@types%2freact-dom 133ms (cache miss)
57 silly packumentCache full:https://registry.npmjs.org/@types%2freact-dom set size:undefined disposed:false
58 silly fetch manifest eslint@^9
59 silly packumentCache full:https://registry.npmjs.org/eslint cache-miss
60 http fetch GET 200 https://registry.npmjs.org/eslint 186ms (cache miss)
61 silly packumentCache full:https://registry.npmjs.org/eslint set size:undefined disposed:false
62 silly fetch manifest jiti@*
63 silly packumentCache full:https://registry.npmjs.org/jiti cache-miss
64 http fetch GET 200 https://registry.npmjs.org/jiti 147ms (cache miss)
65 silly packumentCache full:https://registry.npmjs.org/jiti set size:undefined disposed:false
66 silly fetch manifest eslint-config-next@16.2.6
67 silly packumentCache full:https://registry.npmjs.org/eslint-config-next cache-miss
68 http fetch GET 200 https://registry.npmjs.org/eslint-config-next 798ms (cache miss)
69 silly packumentCache full:https://registry.npmjs.org/eslint-config-next set size:undefined disposed:false
70 silly fetch manifest typescript@^5
71 silly packumentCache full:https://registry.npmjs.org/typescript cache-miss
72 http fetch GET 200 https://registry.npmjs.org/typescript 823ms (cache miss)
73 silly packumentCache full:https://registry.npmjs.org/typescript set size:undefined disposed:false
74 silly fetch manifest tailwindcss@^4
75 silly packumentCache full:https://registry.npmjs.org/tailwindcss cache-miss
76 http fetch GET 200 https://registry.npmjs.org/tailwindcss 559ms (cache miss)
77 silly packumentCache full:https://registry.npmjs.org/tailwindcss set size:undefined disposed:false
78 silly placeDep ROOT @tailwindcss/postcss@4.3.0 OK for: syncrypt-app@0.1.0 want: ^4
79 silly placeDep ROOT @types/node@20.19.40 OK for: syncrypt-app@0.1.0 want: ^20
80 silly placeDep ROOT @types/react@19.2.14 OK for: syncrypt-app@0.1.0 want: ^19
81 silly placeDep ROOT @types/react-dom@19.2.3 OK for: syncrypt-app@0.1.0 want: ^19
82 silly placeDep ROOT eslint@9.39.4 OK for: syncrypt-app@0.1.0 want: ^9
83 silly placeDep ROOT eslint-config-next@16.2.6 OK for: syncrypt-app@0.1.0 want: 16.2.6
84 silly placeDep ROOT next@16.2.6 OK for: syncrypt-app@0.1.0 want: 16.2.6
85 silly placeDep ROOT react@19.2.4 OK for: next@16.2.6 want: ^18.2.0 || 19.0.0-rc-de68d2f4-20241204 || ^19.0.0
86 silly placeDep ROOT react-dom@19.2.4 OK for: next@16.2.6 want: ^18.2.0 || 19.0.0-rc-de68d2f4-20241204 || ^19.0.0
87 silly placeDep ROOT tailwindcss@4.3.0 OK for: syncrypt-app@0.1.0 want: ^4
88 silly placeDep ROOT typescript@5.9.3 OK for: syncrypt-app@0.1.0 want: ^5
89 silly fetch manifest postcss@^8.5.10
90 silly packumentCache full:https://registry.npmjs.org/postcss cache-miss
91 silly fetch manifest tailwindcss@4.3.0
92 silly packumentCache full:https://registry.npmjs.org/tailwindcss cache-miss
93 silly fetch manifest @alloc/quick-lru@^5.2.0
94 silly packumentCache full:https://registry.npmjs.org/@alloc%2fquick-lru cache-miss
95 silly fetch manifest @tailwindcss/node@4.3.0
96 silly packumentCache full:https://registry.npmjs.org/@tailwindcss%2fnode cache-miss
97 silly fetch manifest @tailwindcss/oxide@4.3.0
98 silly packumentCache full:https://registry.npmjs.org/@tailwindcss%2foxide cache-miss
99 silly fetch manifest undici-types@~6.21.0
100 silly packumentCache full:https://registry.npmjs.org/undici-types cache-miss
101 silly fetch manifest csstype@^3.2.2
102 silly packumentCache full:https://registry.npmjs.org/csstype cache-miss
103 http cache https://registry.npmjs.org/tailwindcss 161ms (cache hit)
104 silly packumentCache full:https://registry.npmjs.org/tailwindcss set size:10480773 disposed:false
105 silly fetch manifest ajv@^6.14.0
106 silly packumentCache full:https://registry.npmjs.org/ajv cache-miss
107 http fetch GET 200 https://registry.npmjs.org/postcss 427ms (cache miss)
108 silly packumentCache full:https://registry.npmjs.org/postcss set size:undefined disposed:false
109 silly fetch manifest chalk@^4.0.0
110 silly packumentCache full:https://registry.npmjs.org/chalk cache-miss
111 http fetch GET 200 https://registry.npmjs.org/undici-types 532ms (cache miss)
112 silly packumentCache full:https://registry.npmjs.org/undici-types set size:undefined disposed:false
113 silly fetch manifest debug@^4.3.2
114 silly packumentCache full:https://registry.npmjs.org/debug cache-miss
115 http fetch GET 200 https://registry.npmjs.org/ajv 254ms (cache miss)
116 silly packumentCache full:https://registry.npmjs.org/ajv set size:undefined disposed:false
117 silly fetch manifest espree@^10.4.0
118 silly packumentCache full:https://registry.npmjs.org/espree cache-miss
119 http fetch GET 200 https://registry.npmjs.org/chalk 149ms (cache miss)
120 silly packumentCache full:https://registry.npmjs.org/chalk set size:undefined disposed:false
121 silly fetch manifest ignore@^5.2.0
122 silly packumentCache full:https://registry.npmjs.org/ignore cache-miss
123 http fetch GET 200 https://registry.npmjs.org/csstype 637ms (cache miss)
124 silly packumentCache full:https://registry.npmjs.org/csstype set size:undefined disposed:false
125 silly fetch manifest esquery@^1.5.0
126 silly packumentCache full:https://registry.npmjs.org/esquery cache-miss
127 http fetch GET 200 https://registry.npmjs.org/debug 141ms (cache miss)
128 silly packumentCache full:https://registry.npmjs.org/debug set size:undefined disposed:false
129 silly fetch manifest esutils@^2.0.2
130 silly packumentCache full:https://registry.npmjs.org/esutils cache-miss
131 http fetch GET 200 https://registry.npmjs.org/espree 163ms (cache miss)
132 silly packumentCache full:https://registry.npmjs.org/espree set size:undefined disposed:false
133 silly fetch manifest find-up@^5.0.0
134 silly packumentCache full:https://registry.npmjs.org/find-up cache-miss
135 http fetch GET 200 https://registry.npmjs.org/esquery 136ms (cache miss)
136 silly packumentCache full:https://registry.npmjs.org/esquery set size:undefined disposed:false
137 silly fetch manifest is-glob@^4.0.0
138 silly packumentCache full:https://registry.npmjs.org/is-glob cache-miss
139 http fetch GET 200 https://registry.npmjs.org/ignore 182ms (cache miss)
140 silly packumentCache full:https://registry.npmjs.org/ignore set size:undefined disposed:false
141 silly fetch manifest minimatch@^3.1.5
142 silly packumentCache full:https://registry.npmjs.org/minimatch cache-miss
143 http fetch GET 200 https://registry.npmjs.org/esutils 127ms (cache miss)
144 silly packumentCache full:https://registry.npmjs.org/esutils set size:undefined disposed:false
145 silly fetch manifest @eslint/js@9.39.4
146 silly packumentCache full:https://registry.npmjs.org/@eslint%2fjs cache-miss
147 http fetch GET 200 https://registry.npmjs.org/find-up 87ms (cache miss)
148 silly packumentCache full:https://registry.npmjs.org/find-up set size:undefined disposed:false
149 silly fetch manifest optionator@^0.9.3
150 silly packumentCache full:https://registry.npmjs.org/optionator cache-miss
151 http fetch GET 200 https://registry.npmjs.org/is-glob 96ms (cache miss)
152 silly packumentCache full:https://registry.npmjs.org/is-glob set size:undefined disposed:false
153 silly fetch manifest cross-spawn@^7.0.6
154 silly packumentCache full:https://registry.npmjs.org/cross-spawn cache-miss
155 http fetch GET 200 https://registry.npmjs.org/optionator 109ms (cache miss)
156 silly packumentCache full:https://registry.npmjs.org/optionator set size:undefined disposed:false
157 silly fetch manifest glob-parent@^6.0.2
158 silly packumentCache full:https://registry.npmjs.org/glob-parent cache-miss
159 http fetch GET 200 https://registry.npmjs.org/minimatch 199ms (cache miss)
160 silly packumentCache full:https://registry.npmjs.org/minimatch set size:undefined disposed:false
161 silly fetch manifest imurmurhash@^0.1.4
162 silly packumentCache full:https://registry.npmjs.org/imurmurhash cache-miss
163 http fetch GET 200 https://registry.npmjs.org/@alloc%2fquick-lru 1056ms (cache miss)
164 silly packumentCache full:https://registry.npmjs.org/@alloc%2fquick-lru set size:undefined disposed:false
165 silly fetch manifest @eslint/core@^0.17.0
166 silly packumentCache full:https://registry.npmjs.org/@eslint%2fcore cache-miss
167 http fetch GET 200 https://registry.npmjs.org/cross-spawn 167ms (cache miss)
168 silly packumentCache full:https://registry.npmjs.org/cross-spawn set size:undefined disposed:false
169 silly fetch manifest eslint-scope@^8.4.0
170 silly packumentCache full:https://registry.npmjs.org/eslint-scope cache-miss
171 http fetch GET 200 https://registry.npmjs.org/glob-parent 115ms (cache miss)
172 silly packumentCache full:https://registry.npmjs.org/glob-parent set size:undefined disposed:false
173 silly fetch manifest lodash.merge@^4.6.2
174 silly packumentCache full:https://registry.npmjs.org/lodash.merge cache-miss
175 http fetch GET 200 https://registry.npmjs.org/imurmurhash 87ms (cache miss)
176 silly packumentCache full:https://registry.npmjs.org/imurmurhash set size:undefined disposed:false
177 silly fetch manifest @humanfs/node@^0.16.6
178 silly packumentCache full:https://registry.npmjs.org/@humanfs%2fnode cache-miss
179 http fetch GET 200 https://registry.npmjs.org/@tailwindcss%2fnode 1131ms (cache miss)
180 silly packumentCache full:https://registry.npmjs.org/@tailwindcss%2fnode set size:undefined disposed:false
181 silly fetch manifest @types/estree@^1.0.6
182 silly packumentCache full:https://registry.npmjs.org/@types%2festree cache-miss
183 http fetch GET 200 https://registry.npmjs.org/@eslint%2fjs 333ms (cache miss)
184 silly packumentCache full:https://registry.npmjs.org/@eslint%2fjs set size:undefined disposed:false
185 silly fetch manifest fast-deep-equal@^3.1.3
186 silly packumentCache full:https://registry.npmjs.org/fast-deep-equal cache-miss
187 http fetch GET 200 https://registry.npmjs.org/@eslint%2fcore 132ms (cache miss)
188 silly packumentCache full:https://registry.npmjs.org/@eslint%2fcore set size:undefined disposed:false
189 silly fetch manifest natural-compare@^1.4.0
190 silly packumentCache full:https://registry.npmjs.org/natural-compare cache-miss
191 http fetch GET 200 https://registry.npmjs.org/eslint-scope 136ms (cache miss)
192 silly packumentCache full:https://registry.npmjs.org/eslint-scope set size:undefined disposed:false
193 silly fetch manifest @eslint/eslintrc@^3.3.5
194 silly packumentCache full:https://registry.npmjs.org/@eslint%2feslintrc cache-miss
195 http fetch GET 200 https://registry.npmjs.org/lodash.merge 125ms (cache miss)
196 silly packumentCache full:https://registry.npmjs.org/lodash.merge set size:undefined disposed:false
197 silly fetch manifest file-entry-cache@^8.0.0
198 silly packumentCache full:https://registry.npmjs.org/file-entry-cache cache-miss
199 http fetch GET 200 https://registry.npmjs.org/@humanfs%2fnode 111ms (cache miss)
200 silly packumentCache full:https://registry.npmjs.org/@humanfs%2fnode set size:undefined disposed:false
201 silly fetch manifest @eslint/plugin-kit@^0.4.1
202 silly packumentCache full:https://registry.npmjs.org/@eslint%2fplugin-kit cache-miss
203 http fetch GET 200 https://registry.npmjs.org/fast-deep-equal 91ms (cache miss)
204 silly packumentCache full:https://registry.npmjs.org/fast-deep-equal set size:undefined disposed:false
205 silly fetch manifest eslint-visitor-keys@^4.2.1
206 silly packumentCache full:https://registry.npmjs.org/eslint-visitor-keys cache-miss
207 http fetch GET 200 https://registry.npmjs.org/@types%2festree 116ms (cache miss)
208 silly packumentCache full:https://registry.npmjs.org/@types%2festree set size:undefined disposed:false
209 silly fetch manifest @eslint/config-array@^0.21.2
210 silly packumentCache full:https://registry.npmjs.org/@eslint%2fconfig-array cache-miss
211 http fetch GET 200 https://registry.npmjs.org/natural-compare 89ms (cache miss)
212 silly packumentCache full:https://registry.npmjs.org/natural-compare set size:undefined disposed:false
213 silly fetch manifest @humanwhocodes/retry@^0.4.2
214 silly packumentCache full:https://registry.npmjs.org/@humanwhocodes%2fretry cache-miss
215 http fetch GET 200 https://registry.npmjs.org/file-entry-cache 110ms (cache miss)
216 silly packumentCache full:https://registry.npmjs.org/file-entry-cache set size:undefined disposed:false
217 silly fetch manifest escape-string-regexp@^4.0.0
218 silly packumentCache full:https://registry.npmjs.org/escape-string-regexp cache-miss
219 http fetch GET 200 https://registry.npmjs.org/@eslint%2fplugin-kit 196ms (cache miss)
220 silly packumentCache full:https://registry.npmjs.org/@eslint%2fplugin-kit set size:undefined disposed:false
221 silly fetch manifest @eslint/config-helpers@^0.4.2
222 silly packumentCache full:https://registry.npmjs.org/@eslint%2fconfig-helpers cache-miss
223 http fetch GET 200 https://registry.npmjs.org/@humanwhocodes%2fretry 163ms (cache miss)
224 silly packumentCache full:https://registry.npmjs.org/@humanwhocodes%2fretry set size:undefined disposed:false
225 silly fetch manifest @eslint-community/regexpp@^4.12.1
226 silly packumentCache full:https://registry.npmjs.org/@eslint-community%2fregexpp cache-miss
227 http fetch GET 200 https://registry.npmjs.org/@eslint%2fconfig-array 182ms (cache miss)
228 silly packumentCache full:https://registry.npmjs.org/@eslint%2fconfig-array set size:undefined disposed:false
229 silly fetch manifest @eslint-community/eslint-utils@^4.8.0
230 silly packumentCache full:https://registry.npmjs.org/@eslint-community%2feslint-utils cache-miss
231 http fetch GET 200 https://registry.npmjs.org/eslint-visitor-keys 208ms (cache miss)
232 silly packumentCache full:https://registry.npmjs.org/eslint-visitor-keys set size:undefined disposed:false
233 silly fetch manifest @humanwhocodes/module-importer@^1.0.1
234 silly packumentCache full:https://registry.npmjs.org/@humanwhocodes%2fmodule-importer cache-miss
235 http fetch GET 200 https://registry.npmjs.org/escape-string-regexp 141ms (cache miss)
236 silly packumentCache full:https://registry.npmjs.org/escape-string-regexp set size:undefined disposed:false
237 silly fetch manifest json-stable-stringify-without-jsonify@^1.0.1
238 silly packumentCache full:https://registry.npmjs.org/json-stable-stringify-without-jsonify cache-miss
239 http fetch GET 200 https://registry.npmjs.org/@eslint-community%2fregexpp 126ms (cache miss)
240 silly packumentCache full:https://registry.npmjs.org/@eslint-community%2fregexpp set size:undefined disposed:false
241 silly fetch manifest globals@16.4.0
242 silly packumentCache full:https://registry.npmjs.org/globals cache-miss
243 http fetch GET 200 https://registry.npmjs.org/json-stable-stringify-without-jsonify 102ms (cache miss)
244 silly packumentCache full:https://registry.npmjs.org/json-stable-stringify-without-jsonify set size:undefined disposed:false
245 silly fetch manifest typescript-eslint@^8.46.0
246 silly packumentCache full:https://registry.npmjs.org/typescript-eslint cache-miss
247 http fetch GET 200 https://registry.npmjs.org/@eslint-community%2feslint-utils 155ms (cache miss)
248 silly packumentCache full:https://registry.npmjs.org/@eslint-community%2feslint-utils set size:undefined disposed:false
249 silly fetch manifest eslint-plugin-react@^7.37.0
250 silly packumentCache full:https://registry.npmjs.org/eslint-plugin-react cache-miss
251 http fetch GET 200 https://registry.npmjs.org/@humanwhocodes%2fmodule-importer 164ms (cache miss)
252 silly packumentCache full:https://registry.npmjs.org/@humanwhocodes%2fmodule-importer set size:undefined disposed:false
253 silly fetch manifest eslint-plugin-import@^2.32.0
254 silly packumentCache full:https://registry.npmjs.org/eslint-plugin-import cache-miss
255 http fetch GET 200 https://registry.npmjs.org/globals 103ms (cache miss)
256 silly packumentCache full:https://registry.npmjs.org/globals set size:undefined disposed:false
257 silly fetch manifest eslint-plugin-jsx-a11y@^6.10.0
258 silly packumentCache full:https://registry.npmjs.org/eslint-plugin-jsx-a11y cache-miss
259 http fetch GET 200 https://registry.npmjs.org/@tailwindcss%2foxide 1707ms (cache miss)
260 silly packumentCache full:https://registry.npmjs.org/@tailwindcss%2foxide set size:undefined disposed:false
261 silly fetch manifest @next/eslint-plugin-next@16.2.6
262 silly packumentCache full:https://registry.npmjs.org/@next%2feslint-plugin-next cache-miss
263 http fetch GET 200 https://registry.npmjs.org/@eslint%2fconfig-helpers 399ms (cache miss)
264 silly packumentCache full:https://registry.npmjs.org/@eslint%2fconfig-helpers set size:undefined disposed:false
265 silly fetch manifest eslint-plugin-react-hooks@^7.0.0
266 silly packumentCache full:https://registry.npmjs.org/eslint-plugin-react-hooks cache-miss
267 http fetch GET 200 https://registry.npmjs.org/eslint-plugin-import 415ms (cache miss)
268 silly packumentCache full:https://registry.npmjs.org/eslint-plugin-import set size:undefined disposed:false
269 silly fetch manifest eslint-import-resolver-node@^0.3.6
270 silly packumentCache full:https://registry.npmjs.org/eslint-import-resolver-node cache-miss
271 http fetch GET 200 https://registry.npmjs.org/eslint-plugin-react 471ms (cache miss)
272 silly packumentCache full:https://registry.npmjs.org/eslint-plugin-react set size:undefined disposed:false
273 silly fetch manifest eslint-import-resolver-typescript@^3.5.2
274 silly packumentCache full:https://registry.npmjs.org/eslint-import-resolver-typescript cache-miss
275 http fetch GET 200 https://registry.npmjs.org/eslint-plugin-jsx-a11y 496ms (cache miss)
276 silly packumentCache full:https://registry.npmjs.org/eslint-plugin-jsx-a11y set size:undefined disposed:false
277 silly fetch manifest postcss@8.4.31
278 silly packumentCache full:https://registry.npmjs.org/postcss cache-miss
279 http cache https://registry.npmjs.org/postcss 45ms (cache hit)
280 silly packumentCache full:https://registry.npmjs.org/postcss set size:720302 disposed:false
281 silly fetch manifest @next/env@16.2.6
282 silly packumentCache full:https://registry.npmjs.org/@next%2fenv cache-miss
283 http fetch GET 200 https://registry.npmjs.org/@eslint%2feslintrc 1092ms (cache miss)
284 silly packumentCache full:https://registry.npmjs.org/@eslint%2feslintrc set size:undefined disposed:false
285 silly fetch manifest styled-jsx@5.1.6
286 silly packumentCache full:https://registry.npmjs.org/styled-jsx cache-miss
287 http fetch GET 200 https://registry.npmjs.org/typescript-eslint 791ms (cache miss)
288 silly packumentCache full:https://registry.npmjs.org/typescript-eslint set size:undefined disposed:false
289 silly fetch manifest @swc/helpers@0.5.15
290 silly packumentCache full:https://registry.npmjs.org/@swc%2fhelpers cache-miss
291 http fetch GET 200 https://registry.npmjs.org/eslint-import-resolver-node 451ms (cache miss)
292 silly packumentCache full:https://registry.npmjs.org/eslint-import-resolver-node set size:undefined disposed:false
293 silly fetch manifest caniuse-lite@^1.0.30001579
294 silly packumentCache full:https://registry.npmjs.org/caniuse-lite cache-miss
295 http fetch GET 200 https://registry.npmjs.org/styled-jsx 231ms (cache miss)
296 silly packumentCache full:https://registry.npmjs.org/styled-jsx set size:undefined disposed:false
297 silly fetch manifest baseline-browser-mapping@^2.9.19
298 silly packumentCache full:https://registry.npmjs.org/baseline-browser-mapping cache-miss
299 http fetch GET 200 https://registry.npmjs.org/eslint-import-resolver-typescript 445ms (cache miss)
300 silly packumentCache full:https://registry.npmjs.org/eslint-import-resolver-typescript set size:undefined disposed:false
301 silly fetch manifest sharp@^0.34.5
302 silly packumentCache full:https://registry.npmjs.org/sharp cache-miss
303 http fetch GET 200 https://registry.npmjs.org/baseline-browser-mapping 118ms (cache miss)
304 silly packumentCache full:https://registry.npmjs.org/baseline-browser-mapping set size:undefined disposed:false
305 silly fetch manifest @next/swc-darwin-x64@16.2.6
306 silly packumentCache full:https://registry.npmjs.org/@next%2fswc-darwin-x64 cache-miss
307 http fetch GET 200 https://registry.npmjs.org/eslint-plugin-react-hooks 861ms (cache miss)
308 silly packumentCache full:https://registry.npmjs.org/eslint-plugin-react-hooks set size:undefined disposed:false
309 silly fetch manifest @next/swc-darwin-arm64@16.2.6
310 silly packumentCache full:https://registry.npmjs.org/@next%2fswc-darwin-arm64 cache-miss
311 http fetch GET 200 https://registry.npmjs.org/sharp 292ms (cache miss)
312 silly packumentCache full:https://registry.npmjs.org/sharp set size:undefined disposed:false
313 silly fetch manifest @next/swc-linux-x64-gnu@16.2.6
314 silly packumentCache full:https://registry.npmjs.org/@next%2fswc-linux-x64-gnu cache-miss
315 http fetch GET 200 https://registry.npmjs.org/caniuse-lite 381ms (cache miss)
316 silly packumentCache full:https://registry.npmjs.org/caniuse-lite set size:undefined disposed:false
317 silly fetch manifest @next/swc-linux-x64-musl@16.2.6
318 silly packumentCache full:https://registry.npmjs.org/@next%2fswc-linux-x64-musl cache-miss
319 http fetch GET 200 https://registry.npmjs.org/@next%2feslint-plugin-next 1315ms (cache miss)
320 silly packumentCache full:https://registry.npmjs.org/@next%2feslint-plugin-next set size:undefined disposed:false
321 silly fetch manifest @next/swc-win32-x64-msvc@16.2.6
322 silly packumentCache full:https://registry.npmjs.org/@next%2fswc-win32-x64-msvc cache-miss
323 http fetch GET 200 https://registry.npmjs.org/@swc%2fhelpers 838ms (cache miss)
324 silly packumentCache full:https://registry.npmjs.org/@swc%2fhelpers set size:undefined disposed:false
325 silly fetch manifest @next/swc-linux-arm64-gnu@16.2.6
326 silly packumentCache full:https://registry.npmjs.org/@next%2fswc-linux-arm64-gnu cache-miss
327 http fetch GET 200 https://registry.npmjs.org/@next%2fswc-darwin-x64 2363ms (cache miss)
328 silly packumentCache full:https://registry.npmjs.org/@next%2fswc-darwin-x64 set size:undefined disposed:false
329 silly fetch manifest @next/swc-linux-arm64-musl@16.2.6
330 silly packumentCache full:https://registry.npmjs.org/@next%2fswc-linux-arm64-musl cache-miss
331 http fetch GET 200 https://registry.npmjs.org/@next%2fenv 2884ms (cache miss)
332 silly packumentCache full:https://registry.npmjs.org/@next%2fenv set size:undefined disposed:false
333 silly fetch manifest @next/swc-win32-arm64-msvc@16.2.6
334 silly packumentCache full:https://registry.npmjs.org/@next%2fswc-win32-arm64-msvc cache-miss
335 http fetch GET 200 https://registry.npmjs.org/@next%2fswc-win32-x64-msvc 2407ms (cache miss)
336 silly packumentCache full:https://registry.npmjs.org/@next%2fswc-win32-x64-msvc set size:undefined disposed:false
337 silly fetch manifest scheduler@^0.27.0
338 silly packumentCache full:https://registry.npmjs.org/scheduler cache-miss
339 http fetch GET 200 https://registry.npmjs.org/@next%2fswc-linux-x64-musl 3278ms (cache miss)
340 silly packumentCache full:https://registry.npmjs.org/@next%2fswc-linux-x64-musl set size:undefined disposed:false
341 http fetch GET 200 https://registry.npmjs.org/@next%2fswc-linux-x64-gnu 4177ms (cache miss)
342 silly packumentCache full:https://registry.npmjs.org/@next%2fswc-linux-x64-gnu set size:undefined disposed:false
343 http fetch GET 200 https://registry.npmjs.org/@next%2fswc-linux-arm64-musl 2401ms (cache miss)
344 silly packumentCache full:https://registry.npmjs.org/@next%2fswc-linux-arm64-musl set size:undefined disposed:false
345 http fetch GET 200 https://registry.npmjs.org/@next%2fswc-linux-arm64-gnu 4483ms (cache miss)
346 silly packumentCache full:https://registry.npmjs.org/@next%2fswc-linux-arm64-gnu set size:undefined disposed:false
347 http fetch GET 200 https://registry.npmjs.org/@next%2fswc-darwin-arm64 5151ms (cache miss)
348 silly packumentCache full:https://registry.npmjs.org/@next%2fswc-darwin-arm64 set size:undefined disposed:false
349 http fetch GET 200 https://registry.npmjs.org/scheduler 2444ms (cache miss)
350 silly packumentCache full:https://registry.npmjs.org/scheduler set size:undefined disposed:false
351 http fetch GET 200 https://registry.npmjs.org/@next%2fswc-win32-arm64-msvc 3607ms (cache miss)
352 silly packumentCache full:https://registry.npmjs.org/@next%2fswc-win32-arm64-msvc set size:undefined disposed:false
353 silly placeDep ROOT @alloc/quick-lru@5.2.0 OK for: @tailwindcss/postcss@4.3.0 want: ^5.2.0
354 silly placeDep ROOT @tailwindcss/node@4.3.0 OK for: @tailwindcss/postcss@4.3.0 want: 4.3.0
355 silly placeDep ROOT @tailwindcss/oxide@4.3.0 OK for: @tailwindcss/postcss@4.3.0 want: 4.3.0
356 silly placeDep ROOT postcss@8.5.14 OK for: @tailwindcss/postcss@4.3.0 want: ^8.5.10
357 silly fetch manifest jiti@^2.6.1
358 silly packumentCache full:https://registry.npmjs.org/jiti cache-miss
359 silly fetch manifest lightningcss@1.32.0
360 silly packumentCache full:https://registry.npmjs.org/lightningcss cache-miss
361 silly fetch manifest magic-string@^0.30.21
362 silly packumentCache full:https://registry.npmjs.org/magic-string cache-miss
363 silly fetch manifest source-map-js@^1.2.1
364 silly packumentCache full:https://registry.npmjs.org/source-map-js cache-miss
365 silly fetch manifest enhanced-resolve@^5.21.0
366 silly packumentCache full:https://registry.npmjs.org/enhanced-resolve cache-miss
367 silly fetch manifest @jridgewell/remapping@^2.3.5
368 silly packumentCache full:https://registry.npmjs.org/@jridgewell%2fremapping cache-miss
369 silly fetch manifest @tailwindcss/oxide-darwin-x64@4.3.0
370 silly packumentCache full:https://registry.npmjs.org/@tailwindcss%2foxide-darwin-x64 cache-miss
371 http cache https://registry.npmjs.org/jiti 77ms (cache hit)
372 silly packumentCache full:https://registry.npmjs.org/jiti set size:387989 disposed:false
373 silly fetch manifest @tailwindcss/oxide-freebsd-x64@4.3.0
374 silly packumentCache full:https://registry.npmjs.org/@tailwindcss%2foxide-freebsd-x64 cache-miss
375 http fetch GET 200 https://registry.npmjs.org/@jridgewell%2fremapping 124ms (cache miss)
376 silly packumentCache full:https://registry.npmjs.org/@jridgewell%2fremapping set size:undefined disposed:false
377 silly fetch manifest @tailwindcss/oxide-wasm32-wasi@4.3.0
378 silly packumentCache full:https://registry.npmjs.org/@tailwindcss%2foxide-wasm32-wasi cache-miss
379 http fetch GET 200 https://registry.npmjs.org/lightningcss 157ms (cache miss)
380 silly packumentCache full:https://registry.npmjs.org/lightningcss set size:undefined disposed:false
381 silly fetch manifest @tailwindcss/oxide-darwin-arm64@4.3.0
382 silly packumentCache full:https://registry.npmjs.org/@tailwindcss%2foxide-darwin-arm64 cache-miss
383 http fetch GET 200 https://registry.npmjs.org/source-map-js 194ms (cache miss)
384 silly packumentCache full:https://registry.npmjs.org/source-map-js set size:undefined disposed:false
385 silly fetch manifest @tailwindcss/oxide-android-arm64@4.3.0
386 silly packumentCache full:https://registry.npmjs.org/@tailwindcss%2foxide-android-arm64 cache-miss
387 http fetch GET 200 https://registry.npmjs.org/magic-string 220ms (cache miss)
388 silly packumentCache full:https://registry.npmjs.org/magic-string set size:undefined disposed:false
389 silly fetch manifest @tailwindcss/oxide-linux-x64-gnu@4.3.0
390 silly packumentCache full:https://registry.npmjs.org/@tailwindcss%2foxide-linux-x64-gnu cache-miss
391 http fetch GET 200 https://registry.npmjs.org/enhanced-resolve 472ms (cache miss)
392 silly packumentCache full:https://registry.npmjs.org/enhanced-resolve set size:undefined disposed:false
393 silly fetch manifest @tailwindcss/oxide-linux-x64-musl@4.3.0
394 silly packumentCache full:https://registry.npmjs.org/@tailwindcss%2foxide-linux-x64-musl cache-miss
395 http fetch GET 200 https://registry.npmjs.org/@tailwindcss%2foxide-android-arm64 531ms (cache miss)
396 silly packumentCache full:https://registry.npmjs.org/@tailwindcss%2foxide-android-arm64 set size:undefined disposed:false
397 silly fetch manifest @tailwindcss/oxide-win32-x64-msvc@4.3.0
398 silly packumentCache full:https://registry.npmjs.org/@tailwindcss%2foxide-win32-x64-msvc cache-miss
399 http fetch GET 200 https://registry.npmjs.org/@tailwindcss%2foxide-wasm32-wasi 657ms (cache miss)
400 silly packumentCache full:https://registry.npmjs.org/@tailwindcss%2foxide-wasm32-wasi set size:undefined disposed:false
401 silly fetch manifest @tailwindcss/oxide-linux-arm64-gnu@4.3.0
402 silly packumentCache full:https://registry.npmjs.org/@tailwindcss%2foxide-linux-arm64-gnu cache-miss
403 http fetch GET 200 https://registry.npmjs.org/@tailwindcss%2foxide-darwin-x64 837ms (cache miss)
404 silly packumentCache full:https://registry.npmjs.org/@tailwindcss%2foxide-darwin-x64 set size:undefined disposed:false
405 silly fetch manifest @tailwindcss/oxide-linux-arm64-musl@4.3.0
406 silly packumentCache full:https://registry.npmjs.org/@tailwindcss%2foxide-linux-arm64-musl cache-miss
407 http fetch GET 200 https://registry.npmjs.org/@tailwindcss%2foxide-freebsd-x64 1111ms (cache miss)
408 silly packumentCache full:https://registry.npmjs.org/@tailwindcss%2foxide-freebsd-x64 set size:undefined disposed:false
409 silly fetch manifest @tailwindcss/oxide-win32-arm64-msvc@4.3.0
410 silly packumentCache full:https://registry.npmjs.org/@tailwindcss%2foxide-win32-arm64-msvc cache-miss
411 http fetch GET 200 https://registry.npmjs.org/@tailwindcss%2foxide-linux-x64-gnu 1298ms (cache miss)
412 silly packumentCache full:https://registry.npmjs.org/@tailwindcss%2foxide-linux-x64-gnu set size:undefined disposed:false
413 silly fetch manifest @tailwindcss/oxide-linux-arm-gnueabihf@4.3.0
414 silly packumentCache full:https://registry.npmjs.org/@tailwindcss%2foxide-linux-arm-gnueabihf cache-miss
415 http fetch GET 200 https://registry.npmjs.org/@tailwindcss%2foxide-darwin-arm64 1491ms (cache miss)
416 silly packumentCache full:https://registry.npmjs.org/@tailwindcss%2foxide-darwin-arm64 set size:undefined disposed:false
417 silly fetch manifest nanoid@^3.3.11
418 silly packumentCache full:https://registry.npmjs.org/nanoid cache-miss
419 http fetch GET 200 https://registry.npmjs.org/@tailwindcss%2foxide-win32-x64-msvc 968ms (cache miss)
420 silly packumentCache full:https://registry.npmjs.org/@tailwindcss%2foxide-win32-x64-msvc set size:undefined disposed:false
421 silly fetch manifest picocolors@^1.1.1
422 silly packumentCache full:https://registry.npmjs.org/picocolors cache-miss
423 http fetch GET 200 https://registry.npmjs.org/picocolors 121ms (cache miss)
424 silly packumentCache full:https://registry.npmjs.org/picocolors set size:undefined disposed:false
425 http fetch GET 200 https://registry.npmjs.org/nanoid 265ms (cache miss)
426 silly packumentCache full:https://registry.npmjs.org/nanoid set size:undefined disposed:false
427 http fetch GET 200 https://registry.npmjs.org/@tailwindcss%2foxide-linux-arm64-musl 1149ms (cache miss)
428 silly packumentCache full:https://registry.npmjs.org/@tailwindcss%2foxide-linux-arm64-musl set size:undefined disposed:false
429 http fetch GET 200 https://registry.npmjs.org/@tailwindcss%2foxide-linux-arm64-gnu 1291ms (cache miss)
430 silly packumentCache full:https://registry.npmjs.org/@tailwindcss%2foxide-linux-arm64-gnu set size:undefined disposed:false
431 http fetch GET 200 https://registry.npmjs.org/@tailwindcss%2foxide-win32-arm64-msvc 1038ms (cache miss)
432 silly packumentCache full:https://registry.npmjs.org/@tailwindcss%2foxide-win32-arm64-msvc set size:undefined disposed:false
433 http fetch GET 200 https://registry.npmjs.org/@tailwindcss%2foxide-linux-arm-gnueabihf 794ms (cache miss)
434 silly packumentCache full:https://registry.npmjs.org/@tailwindcss%2foxide-linux-arm-gnueabihf set size:undefined disposed:false
435 http fetch GET 200 https://registry.npmjs.org/@tailwindcss%2foxide-linux-x64-musl 2874ms (cache miss)
436 silly packumentCache full:https://registry.npmjs.org/@tailwindcss%2foxide-linux-x64-musl set size:undefined disposed:false
437 silly placeDep ROOT @jridgewell/remapping@2.3.5 OK for: @tailwindcss/node@4.3.0 want: ^2.3.5
438 silly placeDep ROOT enhanced-resolve@5.21.2 OK for: @tailwindcss/node@4.3.0 want: ^5.21.0
439 silly placeDep ROOT jiti@2.7.0 OK for: @tailwindcss/node@4.3.0 want: ^2.6.1
440 silly placeDep ROOT lightningcss@1.32.0 OK for: @tailwindcss/node@4.3.0 want: 1.32.0
441 silly placeDep ROOT magic-string@0.30.21 OK for: @tailwindcss/node@4.3.0 want: ^0.30.21
442 silly placeDep ROOT source-map-js@1.2.1 OK for: @tailwindcss/node@4.3.0 want: ^1.2.1
443 silly fetch manifest @jridgewell/gen-mapping@^0.3.5
444 silly packumentCache full:https://registry.npmjs.org/@jridgewell%2fgen-mapping cache-miss
445 silly fetch manifest @jridgewell/trace-mapping@^0.3.24
446 silly packumentCache full:https://registry.npmjs.org/@jridgewell%2ftrace-mapping cache-miss
447 silly fetch manifest graceful-fs@^4.2.4
448 silly packumentCache full:https://registry.npmjs.org/graceful-fs cache-miss
449 silly fetch manifest tapable@^2.3.3
450 silly packumentCache full:https://registry.npmjs.org/tapable cache-miss
451 silly fetch manifest detect-libc@^2.0.3
452 silly packumentCache full:https://registry.npmjs.org/detect-libc cache-miss
453 silly fetch manifest lightningcss-darwin-x64@1.32.0
454 silly packumentCache full:https://registry.npmjs.org/lightningcss-darwin-x64 cache-miss
455 silly fetch manifest lightningcss-linux-x64-gnu@1.32.0
456 silly packumentCache full:https://registry.npmjs.org/lightningcss-linux-x64-gnu cache-miss
457 http fetch GET 200 https://registry.npmjs.org/lightningcss-darwin-x64 204ms (cache miss)
458 silly packumentCache full:https://registry.npmjs.org/lightningcss-darwin-x64 set size:undefined disposed:false
459 silly fetch manifest lightningcss-win32-x64-msvc@1.32.0
460 silly packumentCache full:https://registry.npmjs.org/lightningcss-win32-x64-msvc cache-miss
461 http fetch GET 200 https://registry.npmjs.org/graceful-fs 231ms (cache miss)
462 silly packumentCache full:https://registry.npmjs.org/graceful-fs set size:undefined disposed:false
463 silly fetch manifest lightningcss-win32-arm64-msvc@1.32.0
464 silly packumentCache full:https://registry.npmjs.org/lightningcss-win32-arm64-msvc cache-miss
465 http fetch GET 200 https://registry.npmjs.org/@jridgewell%2fgen-mapping 256ms (cache miss)
466 silly packumentCache full:https://registry.npmjs.org/@jridgewell%2fgen-mapping set size:undefined disposed:false
467 silly fetch manifest lightningcss-darwin-arm64@1.32.0
468 silly packumentCache full:https://registry.npmjs.org/lightningcss-darwin-arm64 cache-miss
469 http fetch GET 200 https://registry.npmjs.org/lightningcss-linux-x64-gnu 262ms (cache miss)
470 silly packumentCache full:https://registry.npmjs.org/lightningcss-linux-x64-gnu set size:undefined disposed:false
471 silly fetch manifest lightningcss-linux-arm64-gnu@1.32.0
472 silly packumentCache full:https://registry.npmjs.org/lightningcss-linux-arm64-gnu cache-miss
473 http fetch GET 200 https://registry.npmjs.org/@jridgewell%2ftrace-mapping 285ms (cache miss)
474 silly packumentCache full:https://registry.npmjs.org/@jridgewell%2ftrace-mapping set size:undefined disposed:false
475 silly fetch manifest lightningcss-linux-arm-gnueabihf@1.32.0
476 silly packumentCache full:https://registry.npmjs.org/lightningcss-linux-arm-gnueabihf cache-miss
477 http fetch GET 200 https://registry.npmjs.org/detect-libc 304ms (cache miss)
478 silly packumentCache full:https://registry.npmjs.org/detect-libc set size:undefined disposed:false
479 silly fetch manifest lightningcss-linux-arm64-musl@1.32.0
480 silly packumentCache full:https://registry.npmjs.org/lightningcss-linux-arm64-musl cache-miss
481 http fetch GET 200 https://registry.npmjs.org/lightningcss-win32-x64-msvc 132ms (cache miss)
482 silly packumentCache full:https://registry.npmjs.org/lightningcss-win32-x64-msvc set size:undefined disposed:false
483 silly fetch manifest lightningcss-linux-x64-musl@1.32.0
484 silly packumentCache full:https://registry.npmjs.org/lightningcss-linux-x64-musl cache-miss
485 http fetch GET 200 https://registry.npmjs.org/lightningcss-win32-arm64-msvc 117ms (cache miss)
486 silly packumentCache full:https://registry.npmjs.org/lightningcss-win32-arm64-msvc set size:undefined disposed:false
487 silly fetch manifest lightningcss-freebsd-x64@1.32.0
488 silly packumentCache full:https://registry.npmjs.org/lightningcss-freebsd-x64 cache-miss
489 http fetch GET 200 https://registry.npmjs.org/lightningcss-linux-arm64-musl 362ms (cache miss)
490 silly packumentCache full:https://registry.npmjs.org/lightningcss-linux-arm64-musl set size:undefined disposed:false
491 silly fetch manifest lightningcss-android-arm64@1.32.0
492 silly packumentCache full:https://registry.npmjs.org/lightningcss-android-arm64 cache-miss
493 http fetch GET 200 https://registry.npmjs.org/tapable 684ms (cache miss)
494 silly packumentCache full:https://registry.npmjs.org/tapable set size:undefined disposed:false
495 silly fetch manifest @jridgewell/sourcemap-codec@^1.5.5
496 silly packumentCache full:https://registry.npmjs.org/@jridgewell%2fsourcemap-codec cache-miss
497 http fetch GET 200 https://registry.npmjs.org/lightningcss-linux-arm-gnueabihf 463ms (cache miss)
498 silly packumentCache full:https://registry.npmjs.org/lightningcss-linux-arm-gnueabihf set size:undefined disposed:false
499 http fetch GET 200 https://registry.npmjs.org/lightningcss-darwin-arm64 504ms (cache miss)
500 silly packumentCache full:https://registry.npmjs.org/lightningcss-darwin-arm64 set size:undefined disposed:false
501 http fetch GET 200 https://registry.npmjs.org/lightningcss-linux-arm64-gnu 522ms (cache miss)
502 silly packumentCache full:https://registry.npmjs.org/lightningcss-linux-arm64-gnu set size:undefined disposed:false
503 http fetch GET 200 https://registry.npmjs.org/lightningcss-freebsd-x64 446ms (cache miss)
504 silly packumentCache full:https://registry.npmjs.org/lightningcss-freebsd-x64 set size:undefined disposed:false
505 http fetch GET 200 https://registry.npmjs.org/@jridgewell%2fsourcemap-codec 158ms (cache miss)
506 silly packumentCache full:https://registry.npmjs.org/@jridgewell%2fsourcemap-codec set size:undefined disposed:false
507 http fetch GET 200 https://registry.npmjs.org/lightningcss-linux-x64-musl 586ms (cache miss)
508 silly packumentCache full:https://registry.npmjs.org/lightningcss-linux-x64-musl set size:undefined disposed:false
509 http fetch GET 200 https://registry.npmjs.org/lightningcss-android-arm64 663ms (cache miss)
510 silly packumentCache full:https://registry.npmjs.org/lightningcss-android-arm64 set size:undefined disposed:false
511 silly placeDep ROOT @jridgewell/gen-mapping@0.3.13 OK for: @jridgewell/remapping@2.3.5 want: ^0.3.5
512 silly placeDep ROOT @jridgewell/trace-mapping@0.3.31 OK for: @jridgewell/remapping@2.3.5 want: ^0.3.24
513 silly fetch manifest @jridgewell/sourcemap-codec@^1.5.0
514 silly packumentCache full:https://registry.npmjs.org/@jridgewell%2fsourcemap-codec cache-miss
515 silly fetch manifest @jridgewell/resolve-uri@^3.1.0
516 silly packumentCache full:https://registry.npmjs.org/@jridgewell%2fresolve-uri cache-miss
517 silly fetch manifest @jridgewell/sourcemap-codec@^1.4.14
518 silly packumentCache full:https://registry.npmjs.org/@jridgewell%2fsourcemap-codec cache-miss
519 http cache https://registry.npmjs.org/@jridgewell%2fsourcemap-codec 27ms (cache hit)
520 silly packumentCache full:https://registry.npmjs.org/@jridgewell%2fsourcemap-codec set size:59275 disposed:false
521 http cache https://registry.npmjs.org/@jridgewell%2fsourcemap-codec 36ms (cache hit)
522 silly packumentCache full:https://registry.npmjs.org/@jridgewell%2fsourcemap-codec set size:59275 disposed:false
523 silly packumentCache full:https://registry.npmjs.org/@jridgewell%2fsourcemap-codec dispose
524 http fetch GET 200 https://registry.npmjs.org/@jridgewell%2fresolve-uri 121ms (cache miss)
525 silly packumentCache full:https://registry.npmjs.org/@jridgewell%2fresolve-uri set size:undefined disposed:false
526 silly placeDep ROOT @jridgewell/sourcemap-codec@1.5.5 OK for: @jridgewell/gen-mapping@0.3.13 want: ^1.5.0
527 silly placeDep ROOT @jridgewell/resolve-uri@3.1.2 OK for: @jridgewell/trace-mapping@0.3.31 want: ^3.1.0
528 silly placeDep ROOT @tailwindcss/oxide-android-arm64@4.3.0 OK for: @tailwindcss/oxide@4.3.0 want: 4.3.0
529 silly placeDep ROOT @tailwindcss/oxide-darwin-arm64@4.3.0 OK for: @tailwindcss/oxide@4.3.0 want: 4.3.0
530 silly placeDep ROOT @tailwindcss/oxide-darwin-x64@4.3.0 OK for: @tailwindcss/oxide@4.3.0 want: 4.3.0
531 silly placeDep ROOT @tailwindcss/oxide-freebsd-x64@4.3.0 OK for: @tailwindcss/oxide@4.3.0 want: 4.3.0
532 silly placeDep ROOT @tailwindcss/oxide-linux-arm-gnueabihf@4.3.0 OK for: @tailwindcss/oxide@4.3.0 want: 4.3.0
533 silly placeDep ROOT @tailwindcss/oxide-linux-arm64-gnu@4.3.0 OK for: @tailwindcss/oxide@4.3.0 want: 4.3.0
534 silly placeDep ROOT @tailwindcss/oxide-linux-arm64-musl@4.3.0 OK for: @tailwindcss/oxide@4.3.0 want: 4.3.0
535 silly placeDep ROOT @tailwindcss/oxide-linux-x64-gnu@4.3.0 OK for: @tailwindcss/oxide@4.3.0 want: 4.3.0
536 silly placeDep ROOT @tailwindcss/oxide-linux-x64-musl@4.3.0 OK for: @tailwindcss/oxide@4.3.0 want: 4.3.0
537 silly placeDep ROOT @tailwindcss/oxide-wasm32-wasi@4.3.0 OK for: @tailwindcss/oxide@4.3.0 want: 4.3.0
538 silly placeDep ROOT @tailwindcss/oxide-win32-arm64-msvc@4.3.0 OK for: @tailwindcss/oxide@4.3.0 want: 4.3.0
539 silly placeDep ROOT @tailwindcss/oxide-win32-x64-msvc@4.3.0 OK for: @tailwindcss/oxide@4.3.0 want: 4.3.0
540 silly placeDep ROOT undici-types@6.21.0 OK for: @types/node@20.19.40 want: ~6.21.0
541 silly placeDep ROOT csstype@3.2.3 OK for: @types/react@19.2.14 want: ^3.2.2
542 silly placeDep ROOT graceful-fs@4.2.11 OK for: enhanced-resolve@5.21.2 want: ^4.2.4
543 silly placeDep ROOT tapable@2.3.3 OK for: enhanced-resolve@5.21.2 want: ^2.3.3
544 silly fetch manifest eslint@^6.0.0 || ^7.0.0 || >=8.0.0
545 silly packumentCache full:https://registry.npmjs.org/eslint cache-miss
546 http cache https://registry.npmjs.org/eslint 35ms (cache hit)
547 silly packumentCache full:https://registry.npmjs.org/eslint set size:1990528 disposed:false
548 silly placeDep ROOT @eslint-community/eslint-utils@4.9.1 OK for: eslint@9.39.4 want: ^4.8.0
549 silly placeDep ROOT @eslint-community/regexpp@4.12.2 OK for: eslint@9.39.4 want: ^4.12.1
550 silly placeDep ROOT @eslint/config-array@0.21.2 OK for: eslint@9.39.4 want: ^0.21.2
551 silly placeDep ROOT @eslint/config-helpers@0.4.2 OK for: eslint@9.39.4 want: ^0.4.2
552 silly placeDep ROOT @eslint/core@0.17.0 OK for: eslint@9.39.4 want: ^0.17.0
553 silly placeDep ROOT @eslint/eslintrc@3.3.5 OK for: eslint@9.39.4 want: ^3.3.5
554 silly placeDep ROOT @eslint/js@9.39.4 OK for: eslint@9.39.4 want: 9.39.4
555 silly placeDep ROOT @eslint/plugin-kit@0.4.1 OK for: eslint@9.39.4 want: ^0.4.1
556 silly placeDep ROOT @humanfs/node@0.16.8 OK for: eslint@9.39.4 want: ^0.16.6
557 silly placeDep ROOT @humanwhocodes/module-importer@1.0.1 OK for: eslint@9.39.4 want: ^1.0.1
558 silly placeDep ROOT @humanwhocodes/retry@0.4.3 OK for: eslint@9.39.4 want: ^0.4.2
559 silly placeDep ROOT @types/estree@1.0.9 OK for: eslint@9.39.4 want: ^1.0.6
560 silly placeDep ROOT ajv@6.15.0 OK for: eslint@9.39.4 want: ^6.14.0
561 silly placeDep ROOT chalk@4.1.2 OK for: eslint@9.39.4 want: ^4.0.0
562 silly placeDep ROOT cross-spawn@7.0.6 OK for: eslint@9.39.4 want: ^7.0.6
563 silly placeDep ROOT debug@4.4.3 OK for: eslint@9.39.4 want: ^4.3.2
564 silly placeDep ROOT escape-string-regexp@4.0.0 OK for: eslint@9.39.4 want: ^4.0.0
565 silly placeDep ROOT eslint-scope@8.4.0 OK for: eslint@9.39.4 want: ^8.4.0
566 silly placeDep ROOT eslint-visitor-keys@4.2.1 OK for: eslint@9.39.4 want: ^4.2.1
567 silly placeDep ROOT espree@10.4.0 OK for: eslint@9.39.4 want: ^10.4.0
568 silly placeDep ROOT esquery@1.7.0 OK for: eslint@9.39.4 want: ^1.5.0
569 silly placeDep ROOT esutils@2.0.3 OK for: eslint@9.39.4 want: ^2.0.2
570 silly placeDep ROOT fast-deep-equal@3.1.3 OK for: eslint@9.39.4 want: ^3.1.3
571 silly placeDep ROOT file-entry-cache@8.0.0 OK for: eslint@9.39.4 want: ^8.0.0
572 silly placeDep ROOT find-up@5.0.0 OK for: eslint@9.39.4 want: ^5.0.0
573 silly placeDep ROOT glob-parent@6.0.2 OK for: eslint@9.39.4 want: ^6.0.2
574 silly placeDep ROOT ignore@5.3.2 OK for: eslint@9.39.4 want: ^5.2.0
575 silly placeDep ROOT imurmurhash@0.1.4 OK for: eslint@9.39.4 want: ^0.1.4
576 silly placeDep ROOT is-glob@4.0.3 OK for: eslint@9.39.4 want: ^4.0.0
577 silly placeDep ROOT json-stable-stringify-without-jsonify@1.0.1 OK for: eslint@9.39.4 want: ^1.0.1
578 silly placeDep ROOT lodash.merge@4.6.2 OK for: eslint@9.39.4 want: ^4.6.2
579 silly placeDep ROOT minimatch@3.1.5 OK for: eslint@9.39.4 want: ^3.1.5
580 silly placeDep ROOT natural-compare@1.4.0 OK for: eslint@9.39.4 want: ^1.4.0
581 silly placeDep ROOT optionator@0.9.4 OK for: eslint@9.39.4 want: ^0.9.3
582 silly fetch manifest eslint-visitor-keys@^3.4.3
583 silly packumentCache full:https://registry.npmjs.org/eslint-visitor-keys cache-miss
584 silly fetch manifest debug@^4.3.1
585 silly packumentCache full:https://registry.npmjs.org/debug cache-miss
586 silly fetch manifest @eslint/object-schema@^2.1.7
587 silly packumentCache full:https://registry.npmjs.org/@eslint%2fobject-schema cache-miss
588 silly fetch manifest @types/json-schema@^7.0.15
589 silly packumentCache full:https://registry.npmjs.org/@types%2fjson-schema cache-miss
590 silly fetch manifest espree@^10.0.1
591 silly packumentCache full:https://registry.npmjs.org/espree cache-miss
592 silly fetch manifest globals@^14.0.0
593 silly packumentCache full:https://registry.npmjs.org/globals cache-miss
594 silly fetch manifest import-fresh@^3.2.1
595 silly packumentCache full:https://registry.npmjs.org/import-fresh cache-miss
596 http cache https://registry.npmjs.org/debug 68ms (cache hit)
597 silly packumentCache full:https://registry.npmjs.org/debug set size:195840 disposed:false
598 silly fetch manifest js-yaml@^4.1.1
599 silly packumentCache full:https://registry.npmjs.org/js-yaml cache-miss
600 http cache https://registry.npmjs.org/globals 72ms (cache hit)
601 silly packumentCache full:https://registry.npmjs.org/globals set size:315985 disposed:false
602 silly fetch manifest strip-json-comments@^3.1.1
603 silly packumentCache full:https://registry.npmjs.org/strip-json-comments cache-miss
604 http cache https://registry.npmjs.org/eslint-visitor-keys 100ms (cache hit)
605 silly packumentCache full:https://registry.npmjs.org/eslint-visitor-keys set size:69949 disposed:false
606 silly fetch manifest levn@^0.4.1
607 silly packumentCache full:https://registry.npmjs.org/levn cache-miss
608 http cache https://registry.npmjs.org/espree 103ms (cache hit)
609 silly packumentCache full:https://registry.npmjs.org/espree set size:326080 disposed:false
610 silly fetch manifest @humanwhocodes/retry@^0.4.0
611 silly packumentCache full:https://registry.npmjs.org/@humanwhocodes%2fretry cache-miss
612 http cache https://registry.npmjs.org/@humanwhocodes%2fretry 34ms (cache hit)
613 silly packumentCache full:https://registry.npmjs.org/@humanwhocodes%2fretry set size:42348 disposed:false
614 silly fetch manifest @humanfs/core@^0.19.2
615 silly packumentCache full:https://registry.npmjs.org/@humanfs%2fcore cache-miss
616 http fetch GET 200 https://registry.npmjs.org/import-fresh 157ms (cache miss)
617 silly packumentCache full:https://registry.npmjs.org/import-fresh set size:undefined disposed:false
618 silly fetch manifest @humanfs/types@^0.15.0
619 silly packumentCache full:https://registry.npmjs.org/@humanfs%2ftypes cache-miss
620 http fetch GET 200 https://registry.npmjs.org/@eslint%2fobject-schema 191ms (cache miss)
621 silly packumentCache full:https://registry.npmjs.org/@eslint%2fobject-schema set size:undefined disposed:false
622 silly fetch manifest uri-js@^4.2.2
623 silly packumentCache full:https://registry.npmjs.org/uri-js cache-miss
624 http fetch GET 200 https://registry.npmjs.org/@types%2fjson-schema 214ms (cache miss)
625 silly packumentCache full:https://registry.npmjs.org/@types%2fjson-schema set size:undefined disposed:false
626 silly fetch manifest fast-deep-equal@^3.1.1
627 silly packumentCache full:https://registry.npmjs.org/fast-deep-equal cache-miss
628 http fetch GET 200 https://registry.npmjs.org/levn 131ms (cache miss)
629 silly packumentCache full:https://registry.npmjs.org/levn set size:undefined disposed:false
630 silly fetch manifest json-schema-traverse@^0.4.1
631 silly packumentCache full:https://registry.npmjs.org/json-schema-traverse cache-miss
632 http fetch GET 200 https://registry.npmjs.org/strip-json-comments 153ms (cache miss)
633 silly packumentCache full:https://registry.npmjs.org/strip-json-comments set size:undefined disposed:false
634 silly fetch manifest fast-json-stable-stringify@^2.0.0
635 silly packumentCache full:https://registry.npmjs.org/fast-json-stable-stringify cache-miss
636 http fetch GET 200 https://registry.npmjs.org/js-yaml 184ms (cache miss)
637 silly packumentCache full:https://registry.npmjs.org/js-yaml set size:undefined disposed:false
638 silly fetch manifest ansi-styles@^4.1.0
639 silly packumentCache full:https://registry.npmjs.org/ansi-styles cache-miss
640 http cache https://registry.npmjs.org/fast-deep-equal 68ms (cache hit)
641 silly packumentCache full:https://registry.npmjs.org/fast-deep-equal set size:48634 disposed:false
642 silly fetch manifest supports-color@^7.1.0
643 silly packumentCache full:https://registry.npmjs.org/supports-color cache-miss
644 http fetch GET 200 https://registry.npmjs.org/@humanfs%2ftypes 153ms (cache miss)
645 silly packumentCache full:https://registry.npmjs.org/@humanfs%2ftypes set size:undefined disposed:false
646 silly fetch manifest which@^2.0.1
647 silly packumentCache full:https://registry.npmjs.org/which cache-miss
648 http fetch GET 200 https://registry.npmjs.org/@humanfs%2fcore 168ms (cache miss)
649 silly packumentCache full:https://registry.npmjs.org/@humanfs%2fcore set size:undefined disposed:false
650 silly fetch manifest path-key@^3.1.0
651 silly packumentCache full:https://registry.npmjs.org/path-key cache-miss
652 http fetch GET 200 https://registry.npmjs.org/json-schema-traverse 109ms (cache miss)
653 silly packumentCache full:https://registry.npmjs.org/json-schema-traverse set size:undefined disposed:false
654 silly fetch manifest shebang-command@^2.0.0
655 silly packumentCache full:https://registry.npmjs.org/shebang-command cache-miss
656 http fetch GET 200 https://registry.npmjs.org/fast-json-stable-stringify 120ms (cache miss)
657 silly packumentCache full:https://registry.npmjs.org/fast-json-stable-stringify set size:undefined disposed:false
658 silly fetch manifest ms@^2.1.3
659 silly packumentCache full:https://registry.npmjs.org/ms cache-miss
660 http fetch GET 200 https://registry.npmjs.org/uri-js 192ms (cache miss)
661 silly packumentCache full:https://registry.npmjs.org/uri-js set size:undefined disposed:false
662 silly fetch manifest esrecurse@^4.3.0
663 silly packumentCache full:https://registry.npmjs.org/esrecurse cache-miss
664 http fetch GET 200 https://registry.npmjs.org/supports-color 148ms (cache miss)
665 silly packumentCache full:https://registry.npmjs.org/supports-color set size:undefined disposed:false
666 silly fetch manifest estraverse@^5.2.0
667 silly packumentCache full:https://registry.npmjs.org/estraverse cache-miss
668 http fetch GET 200 https://registry.npmjs.org/path-key 144ms (cache miss)
669 silly packumentCache full:https://registry.npmjs.org/path-key set size:undefined disposed:false
670 silly fetch manifest acorn@^8.15.0
671 silly packumentCache full:https://registry.npmjs.org/acorn cache-miss
672 http fetch GET 200 https://registry.npmjs.org/shebang-command 142ms (cache miss)
673 silly packumentCache full:https://registry.npmjs.org/shebang-command set size:undefined disposed:false
674 silly fetch manifest acorn-jsx@^5.3.2
675 silly packumentCache full:https://registry.npmjs.org/acorn-jsx cache-miss
676 http fetch GET 200 https://registry.npmjs.org/ansi-styles 237ms (cache miss)
677 silly packumentCache full:https://registry.npmjs.org/ansi-styles set size:undefined disposed:false
678 silly fetch manifest estraverse@^5.1.0
679 silly packumentCache full:https://registry.npmjs.org/estraverse cache-miss
680 http fetch GET 200 https://registry.npmjs.org/which 191ms (cache miss)
681 silly packumentCache full:https://registry.npmjs.org/which set size:undefined disposed:false
682 silly fetch manifest flat-cache@^4.0.0
683 silly packumentCache full:https://registry.npmjs.org/flat-cache cache-miss
684 http fetch GET 200 https://registry.npmjs.org/ms 191ms (cache miss)
685 silly packumentCache full:https://registry.npmjs.org/ms set size:undefined disposed:false
686 silly fetch manifest locate-path@^6.0.0
687 silly packumentCache full:https://registry.npmjs.org/locate-path cache-miss
688 http fetch GET 200 https://registry.npmjs.org/esrecurse 186ms (cache miss)
689 silly packumentCache full:https://registry.npmjs.org/esrecurse set size:undefined disposed:false
690 silly fetch manifest path-exists@^4.0.0
691 silly packumentCache full:https://registry.npmjs.org/path-exists cache-miss
692 http fetch GET 200 https://registry.npmjs.org/estraverse 175ms (cache miss)
693 silly packumentCache full:https://registry.npmjs.org/estraverse set size:undefined disposed:false
694 silly fetch manifest is-glob@^4.0.3
695 silly packumentCache full:https://registry.npmjs.org/is-glob cache-miss
696 http fetch GET 200 https://registry.npmjs.org/estraverse 123ms (cache miss)
697 silly packumentCache full:https://registry.npmjs.org/estraverse set size:undefined disposed:false
698 silly fetch manifest is-extglob@^2.1.1
699 silly packumentCache full:https://registry.npmjs.org/is-extglob cache-miss
700 http fetch GET 200 https://registry.npmjs.org/acorn-jsx 168ms (cache miss)
701 silly packumentCache full:https://registry.npmjs.org/acorn-jsx set size:undefined disposed:false
702 silly fetch manifest brace-expansion@^1.1.7
703 silly packumentCache full:https://registry.npmjs.org/brace-expansion cache-miss
704 http fetch GET 200 https://registry.npmjs.org/flat-cache 166ms (cache miss)
705 silly packumentCache full:https://registry.npmjs.org/flat-cache set size:undefined disposed:false
706 silly fetch manifest prelude-ls@^1.2.1
707 silly packumentCache full:https://registry.npmjs.org/prelude-ls cache-miss
708 http cache https://registry.npmjs.org/is-glob 84ms (cache hit)
709 silly packumentCache full:https://registry.npmjs.org/is-glob set size:40530 disposed:false
710 silly fetch manifest deep-is@^0.1.3
711 silly packumentCache full:https://registry.npmjs.org/deep-is cache-miss
712 http fetch GET 200 https://registry.npmjs.org/path-exists 152ms (cache miss)
713 silly packumentCache full:https://registry.npmjs.org/path-exists set size:undefined disposed:false
714 silly fetch manifest word-wrap@^1.2.5
715 silly packumentCache full:https://registry.npmjs.org/word-wrap cache-miss
716 http fetch GET 200 https://registry.npmjs.org/locate-path 181ms (cache miss)
717 silly packumentCache full:https://registry.npmjs.org/locate-path set size:undefined disposed:false
718 silly fetch manifest type-check@^0.4.0
719 silly packumentCache full:https://registry.npmjs.org/type-check cache-miss
720 http fetch GET 200 https://registry.npmjs.org/acorn 281ms (cache miss)
721 silly packumentCache full:https://registry.npmjs.org/acorn set size:undefined disposed:false
722 silly fetch manifest fast-levenshtein@^2.0.6
723 silly packumentCache full:https://registry.npmjs.org/fast-levenshtein cache-miss
724 http fetch GET 200 https://registry.npmjs.org/is-extglob 159ms (cache miss)
725 silly packumentCache full:https://registry.npmjs.org/is-extglob set size:undefined disposed:false
726 http fetch GET 200 https://registry.npmjs.org/prelude-ls 139ms (cache miss)
727 silly packumentCache full:https://registry.npmjs.org/prelude-ls set size:undefined disposed:false
728 http fetch GET 200 https://registry.npmjs.org/word-wrap 112ms (cache miss)
729 silly packumentCache full:https://registry.npmjs.org/word-wrap set size:undefined disposed:false
730 http fetch GET 200 https://registry.npmjs.org/brace-expansion 173ms (cache miss)
731 silly packumentCache full:https://registry.npmjs.org/brace-expansion set size:undefined disposed:false
732 http fetch GET 200 https://registry.npmjs.org/deep-is 140ms (cache miss)
733 silly packumentCache full:https://registry.npmjs.org/deep-is set size:undefined disposed:false
734 http fetch GET 200 https://registry.npmjs.org/type-check 108ms (cache miss)
735 silly packumentCache full:https://registry.npmjs.org/type-check set size:undefined disposed:false
736 http fetch GET 200 https://registry.npmjs.org/fast-levenshtein 97ms (cache miss)
737 silly packumentCache full:https://registry.npmjs.org/fast-levenshtein set size:undefined disposed:false
738 silly placeDep node_modules/@eslint-community/eslint-utils eslint-visitor-keys@3.4.3 OK for: @eslint-community/eslint-utils@4.9.1 want: ^3.4.3
739 silly placeDep ROOT @eslint/object-schema@2.1.7 OK for: @eslint/config-array@0.21.2 want: ^2.1.7
740 silly placeDep ROOT @types/json-schema@7.0.15 OK for: @eslint/core@0.17.0 want: ^7.0.15
741 silly placeDep ROOT globals@14.0.0 OK for: @eslint/eslintrc@3.3.5 want: ^14.0.0
742 silly placeDep ROOT import-fresh@3.3.1 OK for: @eslint/eslintrc@3.3.5 want: ^3.2.1
743 silly placeDep ROOT js-yaml@4.1.1 OK for: @eslint/eslintrc@3.3.5 want: ^4.1.1
744 silly placeDep ROOT strip-json-comments@3.1.1 OK for: @eslint/eslintrc@3.3.5 want: ^3.1.1
745 silly fetch manifest resolve-from@^4.0.0
746 silly packumentCache full:https://registry.npmjs.org/resolve-from cache-miss
747 silly fetch manifest parent-module@^1.0.0
748 silly packumentCache full:https://registry.npmjs.org/parent-module cache-miss
749 silly fetch manifest argparse@^2.0.1
750 silly packumentCache full:https://registry.npmjs.org/argparse cache-miss
751 http fetch GET 200 https://registry.npmjs.org/resolve-from 82ms (cache miss)
752 silly packumentCache full:https://registry.npmjs.org/resolve-from set size:undefined disposed:false
753 http fetch GET 200 https://registry.npmjs.org/argparse 91ms (cache miss)
754 silly packumentCache full:https://registry.npmjs.org/argparse set size:undefined disposed:false
755 http fetch GET 200 https://registry.npmjs.org/parent-module 99ms (cache miss)
756 silly packumentCache full:https://registry.npmjs.org/parent-module set size:undefined disposed:false
757 silly placeDep ROOT levn@0.4.1 OK for: @eslint/plugin-kit@0.4.1 want: ^0.4.1
758 silly fetch manifest type-check@~0.4.0
759 silly packumentCache full:https://registry.npmjs.org/type-check cache-miss
760 http cache https://registry.npmjs.org/type-check 18ms (cache hit)
761 silly packumentCache full:https://registry.npmjs.org/type-check set size:21221 disposed:false
762 silly placeDep ROOT @humanfs/core@0.19.2 OK for: @humanfs/node@0.16.8 want: ^0.19.2
763 silly placeDep ROOT @humanfs/types@0.15.0 OK for: @humanfs/node@0.16.8 want: ^0.15.0
764 silly placeDep ROOT fast-json-stable-stringify@2.1.0 OK for: ajv@6.15.0 want: ^2.0.0
765 silly placeDep ROOT json-schema-traverse@0.4.1 OK for: ajv@6.15.0 want: ^0.4.1
766 silly placeDep ROOT uri-js@4.4.1 OK for: ajv@6.15.0 want: ^4.2.2
767 silly fetch manifest punycode@^2.1.0
768 silly packumentCache full:https://registry.npmjs.org/punycode cache-miss
769 http fetch GET 200 https://registry.npmjs.org/punycode 101ms (cache miss)
770 silly packumentCache full:https://registry.npmjs.org/punycode set size:undefined disposed:false
771 silly placeDep ROOT ansi-styles@4.3.0 OK for: chalk@4.1.2 want: ^4.1.0
772 silly placeDep ROOT supports-color@7.2.0 OK for: chalk@4.1.2 want: ^7.1.0
773 silly fetch manifest color-convert@^2.0.1
774 silly packumentCache full:https://registry.npmjs.org/color-convert cache-miss
775 silly fetch manifest has-flag@^4.0.0
776 silly packumentCache full:https://registry.npmjs.org/has-flag cache-miss
777 http fetch GET 200 https://registry.npmjs.org/color-convert 92ms (cache miss)
778 silly packumentCache full:https://registry.npmjs.org/color-convert set size:undefined disposed:false
779 http fetch GET 200 https://registry.npmjs.org/has-flag 361ms (cache miss)
780 silly packumentCache full:https://registry.npmjs.org/has-flag set size:undefined disposed:false
781 silly placeDep ROOT color-convert@2.0.1 OK for: ansi-styles@4.3.0 want: ^2.0.1
782 silly fetch manifest color-name@~1.1.4
783 silly packumentCache full:https://registry.npmjs.org/color-name cache-miss
784 http fetch GET 200 https://registry.npmjs.org/color-name 64ms (cache miss)
785 silly packumentCache full:https://registry.npmjs.org/color-name set size:undefined disposed:false
786 silly placeDep ROOT color-name@1.1.4 OK for: color-convert@2.0.1 want: ~1.1.4
787 silly placeDep ROOT path-key@3.1.1 OK for: cross-spawn@7.0.6 want: ^3.1.0
788 silly placeDep ROOT shebang-command@2.0.0 OK for: cross-spawn@7.0.6 want: ^2.0.0
789 silly placeDep ROOT which@2.0.2 OK for: cross-spawn@7.0.6 want: ^2.0.1
790 silly fetch manifest shebang-regex@^3.0.0
791 silly packumentCache full:https://registry.npmjs.org/shebang-regex cache-miss
792 silly fetch manifest isexe@^2.0.0
793 silly packumentCache full:https://registry.npmjs.org/isexe cache-miss
794 http fetch GET 200 https://registry.npmjs.org/shebang-regex 77ms (cache miss)
795 silly packumentCache full:https://registry.npmjs.org/shebang-regex set size:undefined disposed:false
796 http fetch GET 200 https://registry.npmjs.org/isexe 83ms (cache miss)
797 silly packumentCache full:https://registry.npmjs.org/isexe set size:undefined disposed:false
798 silly placeDep ROOT ms@2.1.3 OK for: debug@4.4.3 want: ^2.1.3
799 silly fetch manifest eslint@>=9.0.0
800 silly packumentCache full:https://registry.npmjs.org/eslint cache-miss
801 http cache https://registry.npmjs.org/eslint 31ms (cache hit)
802 silly packumentCache full:https://registry.npmjs.org/eslint set size:1990528 disposed:false
803 silly fetch manifest typescript@>=3.3.1
804 silly packumentCache full:https://registry.npmjs.org/typescript cache-miss
805 http cache https://registry.npmjs.org/typescript 114ms (cache hit)
806 silly packumentCache full:https://registry.npmjs.org/typescript set size:15409943 disposed:false
807 silly fetch manifest eslint@^3 || ^4 || ^5 || ^6 || ^7 || ^8 || ^9.7
808 silly packumentCache full:https://registry.npmjs.org/eslint cache-miss
809 http cache https://registry.npmjs.org/eslint 16ms (cache hit)
810 silly packumentCache full:https://registry.npmjs.org/eslint set size:1990528 disposed:false
811 silly fetch manifest eslint@^2 || ^3 || ^4 || ^5 || ^6 || ^7.2.0 || ^8 || ^9
812 silly packumentCache full:https://registry.npmjs.org/eslint cache-miss
813 http cache https://registry.npmjs.org/eslint 17ms (cache hit)
814 silly packumentCache full:https://registry.npmjs.org/eslint set size:1990528 disposed:false
815 silly fetch manifest eslint@^3 || ^4 || ^5 || ^6 || ^7 || ^8 || ^9
816 silly packumentCache full:https://registry.npmjs.org/eslint cache-miss
817 http cache https://registry.npmjs.org/eslint 20ms (cache hit)
818 silly packumentCache full:https://registry.npmjs.org/eslint set size:1990528 disposed:false
819 silly fetch manifest eslint-plugin-import-x@*
820 silly packumentCache full:https://registry.npmjs.org/eslint-plugin-import-x cache-miss
821 http fetch GET 200 https://registry.npmjs.org/eslint-plugin-import-x 378ms (cache miss)
822 silly packumentCache full:https://registry.npmjs.org/eslint-plugin-import-x set size:undefined disposed:false
823 silly fetch manifest @typescript-eslint/utils@^8.56.0
824 silly packumentCache full:https://registry.npmjs.org/@typescript-eslint%2futils cache-miss
825 http fetch GET 200 https://registry.npmjs.org/@typescript-eslint%2futils 1306ms (cache miss)
826 silly packumentCache full:https://registry.npmjs.org/@typescript-eslint%2futils set size:undefined disposed:false
827 silly placeDep ROOT @next/eslint-plugin-next@16.2.6 OK for: eslint-config-next@16.2.6 want: 16.2.6
828 silly placeDep ROOT eslint-import-resolver-node@0.3.10 OK for: eslint-config-next@16.2.6 want: ^0.3.6
829 silly placeDep ROOT eslint-import-resolver-typescript@3.10.1 OK for: eslint-config-next@16.2.6 want: ^3.5.2
830 silly placeDep ROOT eslint-plugin-import@2.32.0 OK for: eslint-config-next@16.2.6 want: ^2.32.0
831 silly placeDep ROOT eslint-plugin-jsx-a11y@6.10.2 OK for: eslint-config-next@16.2.6 want: ^6.10.0
832 silly placeDep ROOT eslint-plugin-react@7.37.5 OK for: eslint-config-next@16.2.6 want: ^7.37.0
833 silly placeDep ROOT eslint-plugin-react-hooks@7.1.1 OK for: eslint-config-next@16.2.6 want: ^7.0.0
834 silly placeDep node_modules/eslint-config-next globals@16.4.0 OK for: eslint-config-next@16.2.6 want: 16.4.0
835 silly placeDep ROOT typescript-eslint@8.59.2 OK for: eslint-config-next@16.2.6 want: ^8.46.0
836 silly fetch manifest fast-glob@3.3.1
837 silly packumentCache full:https://registry.npmjs.org/fast-glob cache-miss
838 silly fetch manifest debug@^3.2.7
839 silly packumentCache full:https://registry.npmjs.org/debug cache-hit
840 silly fetch manifest is-core-module@^2.16.1
841 silly packumentCache full:https://registry.npmjs.org/is-core-module cache-miss
842 silly fetch manifest resolve@^2.0.0-next.6
843 silly packumentCache full:https://registry.npmjs.org/resolve cache-miss
844 silly fetch manifest tinyglobby@^0.2.13
845 silly packumentCache full:https://registry.npmjs.org/tinyglobby cache-miss
846 silly fetch manifest stable-hash@^0.0.5
847 silly packumentCache full:https://registry.npmjs.org/stable-hash cache-miss
848 silly fetch manifest get-tsconfig@^4.10.0
849 silly packumentCache full:https://registry.npmjs.org/get-tsconfig cache-miss
850 silly fetch manifest is-bun-module@^2.0.0
851 silly packumentCache full:https://registry.npmjs.org/is-bun-module cache-miss
852 http fetch GET 200 https://registry.npmjs.org/tinyglobby 105ms (cache miss)
853 silly packumentCache full:https://registry.npmjs.org/tinyglobby set size:undefined disposed:false
854 silly fetch manifest unrs-resolver@^1.6.2
855 silly packumentCache full:https://registry.npmjs.org/unrs-resolver cache-miss
856 http fetch GET 200 https://registry.npmjs.org/get-tsconfig 117ms (cache miss)
857 silly packumentCache full:https://registry.npmjs.org/get-tsconfig set size:undefined disposed:false
858 silly fetch manifest @nolyfill/is-core-module@1.0.39
859 silly packumentCache full:https://registry.npmjs.org/@nolyfill%2fis-core-module cache-miss
860 http fetch GET 200 https://registry.npmjs.org/is-core-module 133ms (cache miss)
861 silly packumentCache full:https://registry.npmjs.org/is-core-module set size:undefined disposed:false
862 silly fetch manifest @rtsao/scc@^1.1.0
863 silly packumentCache full:https://registry.npmjs.org/@rtsao%2fscc cache-miss
864 http fetch GET 200 https://registry.npmjs.org/resolve 141ms (cache miss)
865 silly packumentCache full:https://registry.npmjs.org/resolve set size:undefined disposed:false
866 silly fetch manifest array-includes@^3.1.9
867 silly packumentCache full:https://registry.npmjs.org/array-includes cache-miss
868 http fetch GET 200 https://registry.npmjs.org/fast-glob 202ms (cache miss)
869 silly packumentCache full:https://registry.npmjs.org/fast-glob set size:undefined disposed:false
870 silly fetch manifest array.prototype.findlastindex@^1.2.6
871 silly packumentCache full:https://registry.npmjs.org/array.prototype.findlastindex cache-miss
872 http fetch GET 200 https://registry.npmjs.org/unrs-resolver 99ms (cache miss)
873 silly packumentCache full:https://registry.npmjs.org/unrs-resolver set size:undefined disposed:false
874 silly fetch manifest array.prototype.flat@^1.3.3
875 silly packumentCache full:https://registry.npmjs.org/array.prototype.flat cache-miss
876 http fetch GET 200 https://registry.npmjs.org/is-bun-module 359ms (cache miss)
877 silly packumentCache full:https://registry.npmjs.org/is-bun-module set size:undefined disposed:false
878 silly fetch manifest array.prototype.flatmap@^1.3.3
879 silly packumentCache full:https://registry.npmjs.org/array.prototype.flatmap cache-miss
880 http fetch GET 200 https://registry.npmjs.org/stable-hash 396ms (cache miss)
881 silly packumentCache full:https://registry.npmjs.org/stable-hash set size:undefined disposed:false
882 silly fetch manifest doctrine@^2.1.0
883 silly packumentCache full:https://registry.npmjs.org/doctrine cache-miss
884 http fetch GET 200 https://registry.npmjs.org/array-includes 359ms (cache miss)
885 silly packumentCache full:https://registry.npmjs.org/array-includes set size:undefined disposed:false
886 silly fetch manifest eslint-module-utils@^2.12.1
887 silly packumentCache full:https://registry.npmjs.org/eslint-module-utils cache-miss
888 http fetch GET 200 https://registry.npmjs.org/array.prototype.findlastindex 361ms (cache miss)
889 silly packumentCache full:https://registry.npmjs.org/array.prototype.findlastindex set size:undefined disposed:false
890 silly fetch manifest hasown@^2.0.2
891 silly packumentCache full:https://registry.npmjs.org/hasown cache-miss
892 http fetch GET 200 https://registry.npmjs.org/array.prototype.flat 362ms (cache miss)
893 silly packumentCache full:https://registry.npmjs.org/array.prototype.flat set size:undefined disposed:false
894 silly fetch manifest object.fromentries@^2.0.8
895 silly packumentCache full:https://registry.npmjs.org/object.fromentries cache-miss
896 http fetch GET 200 https://registry.npmjs.org/hasown 71ms (cache miss)
897 silly packumentCache full:https://registry.npmjs.org/hasown set size:undefined disposed:false
898 silly fetch manifest object.groupby@^1.0.3
899 silly packumentCache full:https://registry.npmjs.org/object.groupby cache-miss
900 http fetch GET 200 https://registry.npmjs.org/array.prototype.flatmap 370ms (cache miss)
901 silly packumentCache full:https://registry.npmjs.org/array.prototype.flatmap set size:undefined disposed:false
902 silly fetch manifest object.values@^1.2.1
903 silly packumentCache full:https://registry.npmjs.org/object.values cache-miss
904 http fetch GET 200 https://registry.npmjs.org/doctrine 401ms (cache miss)
905 silly packumentCache full:https://registry.npmjs.org/doctrine set size:undefined disposed:false
906 silly fetch manifest semver@^6.3.1
907 silly packumentCache full:https://registry.npmjs.org/semver cache-miss
908 http fetch GET 200 https://registry.npmjs.org/eslint-module-utils 365ms (cache miss)
909 silly packumentCache full:https://registry.npmjs.org/eslint-module-utils set size:undefined disposed:false
910 silly fetch manifest string.prototype.trimend@^1.0.9
911 silly packumentCache full:https://registry.npmjs.org/string.prototype.trimend cache-miss
912 http fetch GET 200 https://registry.npmjs.org/object.fromentries 363ms (cache miss)
913 silly packumentCache full:https://registry.npmjs.org/object.fromentries set size:undefined disposed:false
914 silly fetch manifest tsconfig-paths@^3.15.0
915 silly packumentCache full:https://registry.npmjs.org/tsconfig-paths cache-miss
916 http fetch GET 200 https://registry.npmjs.org/semver 156ms (cache miss)
917 silly packumentCache full:https://registry.npmjs.org/semver set size:undefined disposed:false
918 silly fetch manifest aria-query@^5.3.2
919 silly packumentCache full:https://registry.npmjs.org/aria-query cache-miss
920 http fetch GET 200 https://registry.npmjs.org/string.prototype.trimend 100ms (cache miss)
921 silly packumentCache full:https://registry.npmjs.org/string.prototype.trimend set size:undefined disposed:false
922 silly fetch manifest array-includes@^3.1.8
923 silly packumentCache full:https://registry.npmjs.org/array-includes cache-miss
924 http fetch GET 200 https://registry.npmjs.org/object.groupby 363ms (cache miss)
925 silly packumentCache full:https://registry.npmjs.org/object.groupby set size:undefined disposed:false
926 silly fetch manifest array.prototype.flatmap@^1.3.2
927 silly packumentCache full:https://registry.npmjs.org/array.prototype.flatmap cache-miss
928 http cache https://registry.npmjs.org/array-includes 24ms (cache hit)
929 silly packumentCache full:https://registry.npmjs.org/array-includes set size:77143 disposed:false
930 silly fetch manifest ast-types-flow@^0.0.8
931 silly packumentCache full:https://registry.npmjs.org/ast-types-flow cache-miss
932 http cache https://registry.npmjs.org/array.prototype.flatmap 26ms (cache hit)
933 silly packumentCache full:https://registry.npmjs.org/array.prototype.flatmap set size:51458 disposed:false
934 silly fetch manifest axe-core@^4.10.0
935 silly packumentCache full:https://registry.npmjs.org/axe-core cache-miss
936 http fetch GET 200 https://registry.npmjs.org/@nolyfill%2fis-core-module 947ms (cache miss)
937 silly packumentCache full:https://registry.npmjs.org/@nolyfill%2fis-core-module set size:undefined disposed:false
938 silly fetch manifest axobject-query@^4.1.0
939 silly packumentCache full:https://registry.npmjs.org/axobject-query cache-miss
940 http fetch GET 200 https://registry.npmjs.org/@rtsao%2fscc 954ms (cache miss)
941 silly packumentCache full:https://registry.npmjs.org/@rtsao%2fscc set size:undefined disposed:false
942 silly fetch manifest damerau-levenshtein@^1.0.8
943 silly packumentCache full:https://registry.npmjs.org/damerau-levenshtein cache-miss
944 http fetch GET 200 https://registry.npmjs.org/object.values 367ms (cache miss)
945 silly packumentCache full:https://registry.npmjs.org/object.values set size:undefined disposed:false
946 silly fetch manifest emoji-regex@^9.2.2
947 silly packumentCache full:https://registry.npmjs.org/emoji-regex cache-miss
948 http fetch GET 200 https://registry.npmjs.org/emoji-regex 81ms (cache miss)
949 silly packumentCache full:https://registry.npmjs.org/emoji-regex set size:undefined disposed:false
950 silly fetch manifest jsx-ast-utils@^3.3.5
951 silly packumentCache full:https://registry.npmjs.org/jsx-ast-utils cache-miss
952 http fetch GET 200 https://registry.npmjs.org/tsconfig-paths 392ms (cache miss)
953 silly packumentCache full:https://registry.npmjs.org/tsconfig-paths set size:undefined disposed:false
954 silly fetch manifest language-tags@^1.0.9
955 silly packumentCache full:https://registry.npmjs.org/language-tags cache-miss
956 http fetch GET 200 https://registry.npmjs.org/aria-query 410ms (cache miss)
957 silly packumentCache full:https://registry.npmjs.org/aria-query set size:undefined disposed:false
958 silly fetch manifest safe-regex-test@^1.0.3
959 silly packumentCache full:https://registry.npmjs.org/safe-regex-test cache-miss
960 http fetch GET 200 https://registry.npmjs.org/ast-types-flow 362ms (cache miss)
961 silly packumentCache full:https://registry.npmjs.org/ast-types-flow set size:undefined disposed:false
962 silly fetch manifest string.prototype.includes@^2.0.1
963 silly packumentCache full:https://registry.npmjs.org/string.prototype.includes cache-miss
964 http fetch GET 200 https://registry.npmjs.org/axobject-query 381ms (cache miss)
965 silly packumentCache full:https://registry.npmjs.org/axobject-query set size:undefined disposed:false
966 silly fetch manifest array.prototype.findlast@^1.2.5
967 silly packumentCache full:https://registry.npmjs.org/array.prototype.findlast cache-miss
968 http fetch GET 200 https://registry.npmjs.org/damerau-levenshtein 393ms (cache miss)
969 silly packumentCache full:https://registry.npmjs.org/damerau-levenshtein set size:undefined disposed:false
970 silly fetch manifest array.prototype.tosorted@^1.1.4
971 silly packumentCache full:https://registry.npmjs.org/array.prototype.tosorted cache-miss
972 http fetch GET 200 https://registry.npmjs.org/jsx-ast-utils 390ms (cache miss)
973 silly packumentCache full:https://registry.npmjs.org/jsx-ast-utils set size:undefined disposed:false
974 silly fetch manifest es-iterator-helpers@^1.2.1
975 silly packumentCache full:https://registry.npmjs.org/es-iterator-helpers cache-miss
976 http fetch GET 200 https://registry.npmjs.org/language-tags 410ms (cache miss)
977 silly packumentCache full:https://registry.npmjs.org/language-tags set size:undefined disposed:false
978 silly fetch manifest estraverse@^5.3.0
979 silly packumentCache full:https://registry.npmjs.org/estraverse cache-miss
980 http fetch GET 200 https://registry.npmjs.org/safe-regex-test 400ms (cache miss)
981 silly packumentCache full:https://registry.npmjs.org/safe-regex-test set size:undefined disposed:false
982 silly fetch manifest jsx-ast-utils@^2.4.1 || ^3.0.0
983 silly packumentCache full:https://registry.npmjs.org/jsx-ast-utils cache-miss
984 http fetch GET 200 https://registry.npmjs.org/string.prototype.includes 403ms (cache miss)
985 silly packumentCache full:https://registry.npmjs.org/string.prototype.includes set size:undefined disposed:false
986 silly fetch manifest object.entries@^1.1.9
987 silly packumentCache full:https://registry.npmjs.org/object.entries cache-miss
988 http cache https://registry.npmjs.org/estraverse 43ms (cache hit)
989 silly packumentCache full:https://registry.npmjs.org/estraverse set size:62412 disposed:false
990 silly fetch manifest prop-types@^15.8.1
991 silly packumentCache full:https://registry.npmjs.org/prop-types cache-miss
992 http cache https://registry.npmjs.org/jsx-ast-utils 50ms (cache hit)
993 silly packumentCache full:https://registry.npmjs.org/jsx-ast-utils set size:115998 disposed:false
994 silly fetch manifest resolve@^2.0.0-next.5
995 silly packumentCache full:https://registry.npmjs.org/resolve cache-miss
996 http fetch GET 200 https://registry.npmjs.org/array.prototype.findlast 402ms (cache miss)
997 silly packumentCache full:https://registry.npmjs.org/array.prototype.findlast set size:undefined disposed:false
998 silly fetch manifest string.prototype.matchall@^4.0.12
999 silly packumentCache full:https://registry.npmjs.org/string.prototype.matchall cache-miss
1000 http cache https://registry.npmjs.org/resolve 38ms (cache hit)
1001 silly packumentCache full:https://registry.npmjs.org/resolve set size:252941 disposed:false
1002 silly fetch manifest string.prototype.repeat@^1.0.0
1003 silly packumentCache full:https://registry.npmjs.org/string.prototype.repeat cache-miss
1004 http fetch GET 200 https://registry.npmjs.org/array.prototype.tosorted 427ms (cache miss)
1005 silly packumentCache full:https://registry.npmjs.org/array.prototype.tosorted set size:undefined disposed:false
1006 silly fetch manifest zod@^3.25.0 || ^4.0.0
1007 silly packumentCache full:https://registry.npmjs.org/zod cache-miss
1008 http fetch GET 200 https://registry.npmjs.org/es-iterator-helpers 389ms (cache miss)
1009 silly packumentCache full:https://registry.npmjs.org/es-iterator-helpers set size:undefined disposed:false
1010 silly fetch manifest @babel/core@^7.24.4
1011 silly packumentCache full:https://registry.npmjs.org/@babel%2fcore cache-miss
1012 http fetch GET 200 https://registry.npmjs.org/object.entries 457ms (cache miss)
1013 silly packumentCache full:https://registry.npmjs.org/object.entries set size:undefined disposed:false
1014 silly fetch manifest @babel/parser@^7.24.4
1015 silly packumentCache full:https://registry.npmjs.org/@babel%2fparser cache-miss
1016 http fetch GET 200 https://registry.npmjs.org/@babel%2fcore 288ms (cache miss)
1017 silly packumentCache full:https://registry.npmjs.org/@babel%2fcore set size:undefined disposed:false
1018 silly fetch manifest hermes-parser@^0.25.1
1019 silly packumentCache full:https://registry.npmjs.org/hermes-parser cache-miss
1020 http fetch GET 200 https://registry.npmjs.org/string.prototype.repeat 416ms (cache miss)
1021 silly packumentCache full:https://registry.npmjs.org/string.prototype.repeat set size:undefined disposed:false
1022 silly fetch manifest zod-validation-error@^3.5.0 || ^4.0.0
1023 silly packumentCache full:https://registry.npmjs.org/zod-validation-error cache-miss
1024 http fetch GET 200 https://registry.npmjs.org/string.prototype.matchall 448ms (cache miss)
1025 silly packumentCache full:https://registry.npmjs.org/string.prototype.matchall set size:undefined disposed:false
1026 silly fetch manifest @typescript-eslint/utils@8.59.2
1027 silly packumentCache full:https://registry.npmjs.org/@typescript-eslint%2futils cache-miss
1028 http fetch GET 200 https://registry.npmjs.org/prop-types 511ms (cache miss)
1029 silly packumentCache full:https://registry.npmjs.org/prop-types set size:undefined disposed:false
1030 silly fetch manifest @typescript-eslint/parser@8.59.2
1031 silly packumentCache full:https://registry.npmjs.org/@typescript-eslint%2fparser cache-miss
1032 http cache https://registry.npmjs.org/@typescript-eslint%2futils 63ms (cache hit)
1033 silly packumentCache full:https://registry.npmjs.org/@typescript-eslint%2futils set size:10089025 disposed:false
1034 silly fetch manifest @typescript-eslint/eslint-plugin@8.59.2
1035 silly packumentCache full:https://registry.npmjs.org/@typescript-eslint%2feslint-plugin cache-miss
1036 http fetch GET 200 https://registry.npmjs.org/zod-validation-error 404ms (cache miss)
1037 silly packumentCache full:https://registry.npmjs.org/zod-validation-error set size:undefined disposed:false
1038 silly fetch manifest @typescript-eslint/typescript-estree@8.59.2
1039 silly packumentCache full:https://registry.npmjs.org/@typescript-eslint%2ftypescript-estree cache-miss
1040 http fetch GET 200 https://registry.npmjs.org/hermes-parser 439ms (cache miss)
1041 silly packumentCache full:https://registry.npmjs.org/hermes-parser set size:undefined disposed:false
1042 http fetch GET 200 https://registry.npmjs.org/@babel%2fparser 497ms (cache miss)
1043 silly packumentCache full:https://registry.npmjs.org/@babel%2fparser set size:undefined disposed:false
1044 http fetch GET 200 https://registry.npmjs.org/zod 864ms (cache miss)
1045 silly packumentCache full:https://registry.npmjs.org/zod set size:undefined disposed:false
1046 http fetch GET 200 https://registry.npmjs.org/axe-core 1862ms (cache miss)
1047 silly packumentCache full:https://registry.npmjs.org/axe-core set size:undefined disposed:false
1048 http fetch GET 200 https://registry.npmjs.org/@typescript-eslint%2fparser 2558ms (cache miss)
1049 silly packumentCache full:https://registry.npmjs.org/@typescript-eslint%2fparser set size:undefined disposed:false
1050 http fetch GET 200 https://registry.npmjs.org/@typescript-eslint%2feslint-plugin 4030ms (cache miss)
1051 silly packumentCache full:https://registry.npmjs.org/@typescript-eslint%2feslint-plugin set size:undefined disposed:false
1052 http fetch GET 200 https://registry.npmjs.org/@typescript-eslint%2ftypescript-estree 8849ms (cache miss)
1053 silly packumentCache full:https://registry.npmjs.org/@typescript-eslint%2ftypescript-estree set size:undefined disposed:false
1054 silly placeDep ROOT fast-glob@3.3.1 OK for: @next/eslint-plugin-next@16.2.6 want: 3.3.1
1055 silly fetch manifest merge2@^1.3.0
1056 silly packumentCache full:https://registry.npmjs.org/merge2 cache-miss
1057 silly fetch manifest micromatch@^4.0.4
1058 silly packumentCache full:https://registry.npmjs.org/micromatch cache-miss
1059 silly fetch manifest glob-parent@^5.1.2
1060 silly packumentCache full:https://registry.npmjs.org/glob-parent cache-miss
1061 silly fetch manifest @nodelib/fs.stat@^2.0.2
1062 silly packumentCache full:https://registry.npmjs.org/@nodelib%2ffs.stat cache-miss
1063 silly fetch manifest @nodelib/fs.walk@^1.2.3
1064 silly packumentCache full:https://registry.npmjs.org/@nodelib%2ffs.walk cache-miss
1065 http cache https://registry.npmjs.org/glob-parent 54ms (cache hit)
1066 silly packumentCache full:https://registry.npmjs.org/glob-parent set size:42445 disposed:false
1067 http fetch GET 200 https://registry.npmjs.org/merge2 94ms (cache miss)
1068 silly packumentCache full:https://registry.npmjs.org/merge2 set size:undefined disposed:false
1069 http fetch GET 200 https://registry.npmjs.org/micromatch 118ms (cache miss)
1070 silly packumentCache full:https://registry.npmjs.org/micromatch set size:undefined disposed:false
1071 http fetch GET 200 https://registry.npmjs.org/@nodelib%2ffs.stat 128ms (cache miss)
1072 silly packumentCache full:https://registry.npmjs.org/@nodelib%2ffs.stat set size:undefined disposed:false
1073 http fetch GET 200 https://registry.npmjs.org/@nodelib%2ffs.walk 439ms (cache miss)
1074 silly packumentCache full:https://registry.npmjs.org/@nodelib%2ffs.walk set size:undefined disposed:false
1075 silly placeDep node_modules/eslint-import-resolver-node debug@3.2.7 OK for: eslint-import-resolver-node@0.3.10 want: ^3.2.7
1076 silly placeDep ROOT is-core-module@2.16.2 OK for: eslint-import-resolver-node@0.3.10 want: ^2.16.1
1077 silly placeDep ROOT resolve@2.0.0-next.6 OK for: eslint-import-resolver-node@0.3.10 want: ^2.0.0-next.6
1078 silly fetch manifest hasown@^2.0.3
1079 silly packumentCache full:https://registry.npmjs.org/hasown cache-miss
1080 silly fetch manifest es-errors@^1.3.0
1081 silly packumentCache full:https://registry.npmjs.org/es-errors cache-miss
1082 silly fetch manifest path-parse@^1.0.7
1083 silly packumentCache full:https://registry.npmjs.org/path-parse cache-miss
1084 silly fetch manifest object-keys@^1.1.1
1085 silly packumentCache full:https://registry.npmjs.org/object-keys cache-miss
1086 silly fetch manifest node-exports-info@^1.6.0
1087 silly packumentCache full:https://registry.npmjs.org/node-exports-info cache-miss
1088 silly fetch manifest supports-preserve-symlinks-flag@^1.0.0
1089 silly packumentCache full:https://registry.npmjs.org/supports-preserve-symlinks-flag cache-miss
1090 http cache https://registry.npmjs.org/hasown 36ms (cache hit)
1091 silly packumentCache full:https://registry.npmjs.org/hasown set size:15429 disposed:false
1092 http fetch GET 200 https://registry.npmjs.org/supports-preserve-symlinks-flag 72ms (cache miss)
1093 silly packumentCache full:https://registry.npmjs.org/supports-preserve-symlinks-flag set size:undefined disposed:false
1094 http fetch GET 200 https://registry.npmjs.org/path-parse 85ms (cache miss)
1095 silly packumentCache full:https://registry.npmjs.org/path-parse set size:undefined disposed:false
1096 http fetch GET 200 https://registry.npmjs.org/object-keys 91ms (cache miss)
1097 silly packumentCache full:https://registry.npmjs.org/object-keys set size:undefined disposed:false
1098 http fetch GET 200 https://registry.npmjs.org/es-errors 109ms (cache miss)
1099 silly packumentCache full:https://registry.npmjs.org/es-errors set size:undefined disposed:false
1100 http fetch GET 200 https://registry.npmjs.org/node-exports-info 389ms (cache miss)
1101 silly packumentCache full:https://registry.npmjs.org/node-exports-info set size:undefined disposed:false
1102 silly placeDep ROOT @nolyfill/is-core-module@1.0.39 OK for: eslint-import-resolver-typescript@3.10.1 want: 1.0.39
1103 silly placeDep ROOT get-tsconfig@4.14.0 OK for: eslint-import-resolver-typescript@3.10.1 want: ^4.10.0
1104 silly placeDep ROOT is-bun-module@2.0.0 OK for: eslint-import-resolver-typescript@3.10.1 want: ^2.0.0
1105 silly placeDep ROOT stable-hash@0.0.5 OK for: eslint-import-resolver-typescript@3.10.1 want: ^0.0.5
1106 silly placeDep ROOT tinyglobby@0.2.16 OK for: eslint-import-resolver-typescript@3.10.1 want: ^0.2.13
1107 silly placeDep ROOT unrs-resolver@1.11.1 OK for: eslint-import-resolver-typescript@3.10.1 want: ^1.6.2
1108 silly fetch manifest resolve-pkg-maps@^1.0.0
1109 silly packumentCache full:https://registry.npmjs.org/resolve-pkg-maps cache-miss
1110 silly fetch manifest semver@^7.7.1
1111 silly packumentCache full:https://registry.npmjs.org/semver cache-miss
1112 silly fetch manifest fdir@^6.5.0
1113 silly packumentCache full:https://registry.npmjs.org/fdir cache-miss
1114 silly fetch manifest picomatch@^4.0.4
1115 silly packumentCache full:https://registry.npmjs.org/picomatch cache-miss
1116 silly fetch manifest napi-postinstall@^0.3.0
1117 silly packumentCache full:https://registry.npmjs.org/napi-postinstall cache-miss
1118 silly fetch manifest @unrs/resolver-binding-win32-x64-msvc@1.11.1
1119 silly packumentCache full:https://registry.npmjs.org/@unrs%2fresolver-binding-win32-x64-msvc cache-miss
1120 silly fetch manifest @unrs/resolver-binding-win32-arm64-msvc@1.11.1
1121 silly packumentCache full:https://registry.npmjs.org/@unrs%2fresolver-binding-win32-arm64-msvc cache-miss
1122 http cache https://registry.npmjs.org/semver 37ms (cache hit)
1123 silly packumentCache full:https://registry.npmjs.org/semver set size:233058 disposed:false
1124 silly fetch manifest @unrs/resolver-binding-win32-ia32-msvc@1.11.1
1125 silly packumentCache full:https://registry.npmjs.org/@unrs%2fresolver-binding-win32-ia32-msvc cache-miss
1126 http fetch GET 200 https://registry.npmjs.org/resolve-pkg-maps 105ms (cache miss)
1127 silly packumentCache full:https://registry.npmjs.org/resolve-pkg-maps set size:undefined disposed:false
1128 silly fetch manifest @unrs/resolver-binding-linux-x64-gnu@1.11.1
1129 silly packumentCache full:https://registry.npmjs.org/@unrs%2fresolver-binding-linux-x64-gnu cache-miss
1130 http fetch GET 200 https://registry.npmjs.org/fdir 113ms (cache miss)
1131 silly packumentCache full:https://registry.npmjs.org/fdir set size:undefined disposed:false
1132 silly fetch manifest @unrs/resolver-binding-linux-x64-musl@1.11.1
1133 silly packumentCache full:https://registry.npmjs.org/@unrs%2fresolver-binding-linux-x64-musl cache-miss
1134 http fetch GET 200 https://registry.npmjs.org/picomatch 134ms (cache miss)
1135 silly packumentCache full:https://registry.npmjs.org/picomatch set size:undefined disposed:false
1136 silly fetch manifest @unrs/resolver-binding-freebsd-x64@1.11.1
1137 silly packumentCache full:https://registry.npmjs.org/@unrs%2fresolver-binding-freebsd-x64 cache-miss
1138 http fetch GET 200 https://registry.npmjs.org/napi-postinstall 433ms (cache miss)
1139 silly packumentCache full:https://registry.npmjs.org/napi-postinstall set size:undefined disposed:false
1140 silly fetch manifest @unrs/resolver-binding-android-arm64@1.11.1
1141 silly packumentCache full:https://registry.npmjs.org/@unrs%2fresolver-binding-android-arm64 cache-miss
1142 http fetch GET 200 https://registry.npmjs.org/@unrs%2fresolver-binding-linux-x64-gnu 341ms (cache miss)
1143 silly packumentCache full:https://registry.npmjs.org/@unrs%2fresolver-binding-linux-x64-gnu set size:undefined disposed:false
1144 silly fetch manifest @unrs/resolver-binding-linux-arm64-gnu@1.11.1
1145 silly packumentCache full:https://registry.npmjs.org/@unrs%2fresolver-binding-linux-arm64-gnu cache-miss
1146 http fetch GET 200 https://registry.npmjs.org/@unrs%2fresolver-binding-win32-ia32-msvc 410ms (cache miss)
1147 silly packumentCache full:https://registry.npmjs.org/@unrs%2fresolver-binding-win32-ia32-msvc set size:undefined disposed:false
1148 silly fetch manifest @unrs/resolver-binding-linux-arm64-musl@1.11.1
1149 silly packumentCache full:https://registry.npmjs.org/@unrs%2fresolver-binding-linux-arm64-musl cache-miss
1150 http fetch GET 200 https://registry.npmjs.org/@unrs%2fresolver-binding-win32-arm64-msvc 472ms (cache miss)
1151 silly packumentCache full:https://registry.npmjs.org/@unrs%2fresolver-binding-win32-arm64-msvc set size:undefined disposed:false
1152 silly fetch manifest @unrs/resolver-binding-android-arm-eabi@1.11.1
1153 silly packumentCache full:https://registry.npmjs.org/@unrs%2fresolver-binding-android-arm-eabi cache-miss
1154 http fetch GET 200 https://registry.npmjs.org/@unrs%2fresolver-binding-freebsd-x64 577ms (cache miss)
1155 silly packumentCache full:https://registry.npmjs.org/@unrs%2fresolver-binding-freebsd-x64 set size:undefined disposed:false
1156 silly fetch manifest @unrs/resolver-binding-linux-arm-gnueabihf@1.11.1
1157 silly packumentCache full:https://registry.npmjs.org/@unrs%2fresolver-binding-linux-arm-gnueabihf cache-miss
1158 http fetch GET 200 https://registry.npmjs.org/@unrs%2fresolver-binding-linux-x64-musl 701ms (cache miss)
1159 silly packumentCache full:https://registry.npmjs.org/@unrs%2fresolver-binding-linux-x64-musl set size:undefined disposed:false
1160 silly fetch manifest @unrs/resolver-binding-linux-arm-musleabihf@1.11.1
1161 silly packumentCache full:https://registry.npmjs.org/@unrs%2fresolver-binding-linux-arm-musleabihf cache-miss
1162 http fetch GET 200 https://registry.npmjs.org/@unrs%2fresolver-binding-android-arm64 510ms (cache miss)
1163 silly packumentCache full:https://registry.npmjs.org/@unrs%2fresolver-binding-android-arm64 set size:undefined disposed:false
1164 silly fetch manifest @unrs/resolver-binding-linux-ppc64-gnu@1.11.1
1165 silly packumentCache full:https://registry.npmjs.org/@unrs%2fresolver-binding-linux-ppc64-gnu cache-miss
1166 http fetch GET 200 https://registry.npmjs.org/@unrs%2fresolver-binding-linux-arm64-musl 535ms (cache miss)
1167 silly packumentCache full:https://registry.npmjs.org/@unrs%2fresolver-binding-linux-arm64-musl set size:undefined disposed:false
1168 silly fetch manifest @unrs/resolver-binding-linux-riscv64-gnu@1.11.1
1169 silly packumentCache full:https://registry.npmjs.org/@unrs%2fresolver-binding-linux-riscv64-gnu cache-miss
1170 http fetch GET 200 https://registry.npmjs.org/@unrs%2fresolver-binding-linux-arm64-gnu 556ms (cache miss)
1171 silly packumentCache full:https://registry.npmjs.org/@unrs%2fresolver-binding-linux-arm64-gnu set size:undefined disposed:false
1172 silly fetch manifest @unrs/resolver-binding-linux-riscv64-musl@1.11.1
1173 silly packumentCache full:https://registry.npmjs.org/@unrs%2fresolver-binding-linux-riscv64-musl cache-miss
1174 http fetch GET 200 https://registry.npmjs.org/@unrs%2fresolver-binding-android-arm-eabi 653ms (cache miss)
1175 silly packumentCache full:https://registry.npmjs.org/@unrs%2fresolver-binding-android-arm-eabi set size:undefined disposed:false
1176 silly fetch manifest @unrs/resolver-binding-linux-s390x-gnu@1.11.1
1177 silly packumentCache full:https://registry.npmjs.org/@unrs%2fresolver-binding-linux-s390x-gnu cache-miss
1178 http fetch GET 200 https://registry.npmjs.org/@unrs%2fresolver-binding-win32-x64-msvc 1244ms (cache miss)
1179 silly packumentCache full:https://registry.npmjs.org/@unrs%2fresolver-binding-win32-x64-msvc set size:undefined disposed:false
1180 silly fetch manifest @unrs/resolver-binding-darwin-x64@1.11.1
1181 silly packumentCache full:https://registry.npmjs.org/@unrs%2fresolver-binding-darwin-x64 cache-miss
1182 http fetch GET 200 https://registry.npmjs.org/@unrs%2fresolver-binding-linux-riscv64-gnu 370ms (cache miss)
1183 silly packumentCache full:https://registry.npmjs.org/@unrs%2fresolver-binding-linux-riscv64-gnu set size:undefined disposed:false
1184 silly fetch manifest @unrs/resolver-binding-darwin-arm64@1.11.1
1185 silly packumentCache full:https://registry.npmjs.org/@unrs%2fresolver-binding-darwin-arm64 cache-miss
1186 http fetch GET 200 https://registry.npmjs.org/@unrs%2fresolver-binding-linux-arm-gnueabihf 698ms (cache miss)
1187 silly packumentCache full:https://registry.npmjs.org/@unrs%2fresolver-binding-linux-arm-gnueabihf set size:undefined disposed:false
1188 silly fetch manifest @unrs/resolver-binding-wasm32-wasi@1.11.1
1189 silly packumentCache full:https://registry.npmjs.org/@unrs%2fresolver-binding-wasm32-wasi cache-miss
1190 http fetch GET 200 https://registry.npmjs.org/@unrs%2fresolver-binding-linux-arm-musleabihf 662ms (cache miss)
1191 silly packumentCache full:https://registry.npmjs.org/@unrs%2fresolver-binding-linux-arm-musleabihf set size:undefined disposed:false
1192 http fetch GET 200 https://registry.npmjs.org/@unrs%2fresolver-binding-linux-riscv64-musl 702ms (cache miss)
1193 silly packumentCache full:https://registry.npmjs.org/@unrs%2fresolver-binding-linux-riscv64-musl set size:undefined disposed:false
1194 http fetch GET 200 https://registry.npmjs.org/@unrs%2fresolver-binding-linux-s390x-gnu 829ms (cache miss)
1195 silly packumentCache full:https://registry.npmjs.org/@unrs%2fresolver-binding-linux-s390x-gnu set size:undefined disposed:false
1196 http fetch GET 200 https://registry.npmjs.org/@unrs%2fresolver-binding-linux-ppc64-gnu 1017ms (cache miss)
1197 silly packumentCache full:https://registry.npmjs.org/@unrs%2fresolver-binding-linux-ppc64-gnu set size:undefined disposed:false
1198 http fetch GET 200 https://registry.npmjs.org/@unrs%2fresolver-binding-darwin-x64 728ms (cache miss)
1199 silly packumentCache full:https://registry.npmjs.org/@unrs%2fresolver-binding-darwin-x64 set size:undefined disposed:false
1200 http fetch GET 200 https://registry.npmjs.org/@unrs%2fresolver-binding-darwin-arm64 690ms (cache miss)
1201 silly packumentCache full:https://registry.npmjs.org/@unrs%2fresolver-binding-darwin-arm64 set size:undefined disposed:false
1202 http fetch GET 200 https://registry.npmjs.org/@unrs%2fresolver-binding-wasm32-wasi 660ms (cache miss)
1203 silly packumentCache full:https://registry.npmjs.org/@unrs%2fresolver-binding-wasm32-wasi set size:undefined disposed:false
1204 silly placeDep ROOT @rtsao/scc@1.1.0 OK for: eslint-plugin-import@2.32.0 want: ^1.1.0
1205 silly placeDep ROOT array-includes@3.1.9 OK for: eslint-plugin-import@2.32.0 want: ^3.1.9
1206 silly placeDep ROOT array.prototype.findlastindex@1.2.6 OK for: eslint-plugin-import@2.32.0 want: ^1.2.6
1207 silly placeDep ROOT array.prototype.flat@1.3.3 OK for: eslint-plugin-import@2.32.0 want: ^1.3.3
1208 silly placeDep ROOT array.prototype.flatmap@1.3.3 OK for: eslint-plugin-import@2.32.0 want: ^1.3.3
1209 silly placeDep node_modules/eslint-plugin-import debug@3.2.7 OK for: eslint-plugin-import@2.32.0 want: ^3.2.7
1210 silly placeDep ROOT doctrine@2.1.0 OK for: eslint-plugin-import@2.32.0 want: ^2.1.0
1211 silly placeDep ROOT eslint-module-utils@2.12.1 OK for: eslint-plugin-import@2.32.0 want: ^2.12.1
1212 silly placeDep ROOT hasown@2.0.3 OK for: eslint-plugin-import@2.32.0 want: ^2.0.2
1213 silly placeDep ROOT object.fromentries@2.0.8 OK for: eslint-plugin-import@2.32.0 want: ^2.0.8
1214 silly placeDep ROOT object.groupby@1.0.3 OK for: eslint-plugin-import@2.32.0 want: ^1.0.3
1215 silly placeDep ROOT object.values@1.2.1 OK for: eslint-plugin-import@2.32.0 want: ^1.2.1
1216 silly placeDep ROOT semver@6.3.1 OK for: eslint-plugin-import@2.32.0 want: ^6.3.1
1217 silly placeDep ROOT string.prototype.trimend@1.0.9 OK for: eslint-plugin-import@2.32.0 want: ^1.0.9
1218 silly placeDep ROOT tsconfig-paths@3.15.0 OK for: eslint-plugin-import@2.32.0 want: ^3.15.0
1219 silly fetch manifest call-bind@^1.0.8
1220 silly packumentCache full:https://registry.npmjs.org/call-bind cache-miss
1221 silly fetch manifest call-bound@^1.0.4
1222 silly packumentCache full:https://registry.npmjs.org/call-bound cache-miss
1223 silly fetch manifest define-properties@^1.2.1
1224 silly packumentCache full:https://registry.npmjs.org/define-properties cache-miss
1225 silly fetch manifest es-abstract@^1.24.0
1226 silly packumentCache full:https://registry.npmjs.org/es-abstract cache-miss
1227 silly fetch manifest es-object-atoms@^1.1.1
1228 silly packumentCache full:https://registry.npmjs.org/es-object-atoms cache-miss
1229 silly fetch manifest get-intrinsic@^1.3.0
1230 silly packumentCache full:https://registry.npmjs.org/get-intrinsic cache-miss
1231 silly fetch manifest is-string@^1.1.1
1232 silly packumentCache full:https://registry.npmjs.org/is-string cache-miss
1233 http fetch GET 200 https://registry.npmjs.org/es-object-atoms 116ms (cache miss)
1234 silly packumentCache full:https://registry.npmjs.org/es-object-atoms set size:undefined disposed:false
1235 silly fetch manifest math-intrinsics@^1.1.0
1236 silly packumentCache full:https://registry.npmjs.org/math-intrinsics cache-miss
1237 http fetch GET 200 https://registry.npmjs.org/define-properties 136ms (cache miss)
1238 silly packumentCache full:https://registry.npmjs.org/define-properties set size:undefined disposed:false
1239 silly fetch manifest call-bind@^1.0.8
1240 silly packumentCache full:https://registry.npmjs.org/call-bind cache-miss
1241 http fetch GET 200 https://registry.npmjs.org/call-bind 155ms (cache miss)
1242 silly packumentCache full:https://registry.npmjs.org/call-bind set size:undefined disposed:false
1243 silly fetch manifest call-bound@^1.0.4
1244 silly packumentCache full:https://registry.npmjs.org/call-bound cache-miss
1245 http fetch GET 200 https://registry.npmjs.org/get-intrinsic 159ms (cache miss)
1246 silly packumentCache full:https://registry.npmjs.org/get-intrinsic set size:undefined disposed:false
1247 silly fetch manifest es-abstract@^1.23.9
1248 silly packumentCache full:https://registry.npmjs.org/es-abstract cache-miss
1249 http fetch GET 200 https://registry.npmjs.org/call-bound 176ms (cache miss)
1250 silly packumentCache full:https://registry.npmjs.org/call-bound set size:undefined disposed:false
1251 silly fetch manifest es-shim-unscopables@^1.1.0
1252 silly packumentCache full:https://registry.npmjs.org/es-shim-unscopables cache-miss
1253 http fetch GET 200 https://registry.npmjs.org/es-abstract 203ms (cache miss)
1254 silly packumentCache full:https://registry.npmjs.org/es-abstract set size:undefined disposed:false
1255 silly fetch manifest es-abstract@^1.23.5
1256 silly packumentCache full:https://registry.npmjs.org/es-abstract cache-miss
1257 http fetch GET 200 https://registry.npmjs.org/math-intrinsics 118ms (cache miss)
1258 silly packumentCache full:https://registry.npmjs.org/math-intrinsics set size:undefined disposed:false
1259 silly fetch manifest es-shim-unscopables@^1.0.2
1260 silly packumentCache full:https://registry.npmjs.org/es-shim-unscopables cache-miss
1261 http fetch GET 200 https://registry.npmjs.org/call-bind 122ms (cache miss)
1262 silly packumentCache full:https://registry.npmjs.org/call-bind set size:undefined disposed:false
1263 silly fetch manifest es-abstract@^1.23.5
1264 silly packumentCache full:https://registry.npmjs.org/es-abstract cache-miss
1265 http fetch GET 200 https://registry.npmjs.org/call-bound 116ms (cache miss)
1266 silly packumentCache full:https://registry.npmjs.org/call-bound set size:undefined disposed:false
1267 silly fetch manifest es-shim-unscopables@^1.0.2
1268 silly packumentCache full:https://registry.npmjs.org/es-shim-unscopables cache-miss
1269 http cache https://registry.npmjs.org/es-abstract 54ms (cache hit)
1270 silly packumentCache full:https://registry.npmjs.org/es-abstract set size:384124 disposed:false
1271 silly fetch manifest function-bind@^1.1.2
1272 silly packumentCache full:https://registry.npmjs.org/function-bind cache-miss
1273 http cache https://registry.npmjs.org/es-abstract 51ms (cache hit)
1274 silly packumentCache full:https://registry.npmjs.org/es-abstract set size:384124 disposed:false
1275 silly packumentCache full:https://registry.npmjs.org/es-abstract dispose
1276 silly fetch manifest call-bind@^1.0.7
1277 silly packumentCache full:https://registry.npmjs.org/call-bind cache-miss
1278 http fetch GET 200 https://registry.npmjs.org/es-abstract 166ms (cache miss)
1279 silly packumentCache full:https://registry.npmjs.org/es-abstract set size:undefined disposed:true
1280 silly packumentCache full:https://registry.npmjs.org/es-abstract dispose
1281 silly fetch manifest es-abstract@^1.23.2
1282 silly packumentCache full:https://registry.npmjs.org/es-abstract cache-miss
1283 http cache https://registry.npmjs.org/call-bind 37ms (cache hit)
1284 silly packumentCache full:https://registry.npmjs.org/call-bind set size:32985 disposed:false
1285 silly fetch manifest es-object-atoms@^1.0.0
1286 silly packumentCache full:https://registry.npmjs.org/es-object-atoms cache-miss
1287 http cache https://registry.npmjs.org/es-abstract 36ms (cache hit)
1288 silly packumentCache full:https://registry.npmjs.org/es-abstract set size:384124 disposed:true
1289 silly fetch manifest call-bound@^1.0.3
1290 silly packumentCache full:https://registry.npmjs.org/call-bound cache-miss
1291 http fetch GET 200 https://registry.npmjs.org/function-bind 113ms (cache miss)
1292 silly packumentCache full:https://registry.npmjs.org/function-bind set size:undefined disposed:false
1293 silly fetch manifest es-object-atoms@^1.0.0
1294 silly packumentCache full:https://registry.npmjs.org/es-object-atoms cache-miss
1295 http fetch GET 200 https://registry.npmjs.org/is-string 421ms (cache miss)
1296 silly packumentCache full:https://registry.npmjs.org/is-string set size:undefined disposed:false
1297 silly fetch manifest call-bound@^1.0.2
1298 silly packumentCache full:https://registry.npmjs.org/call-bound cache-miss
1299 http cache https://registry.npmjs.org/es-object-atoms 69ms (cache hit)
1300 silly packumentCache full:https://registry.npmjs.org/es-object-atoms set size:15304 disposed:false
1301 silly fetch manifest json5@^1.0.2
1302 silly packumentCache full:https://registry.npmjs.org/json5 cache-miss
1303 http cache https://registry.npmjs.org/es-object-atoms 42ms (cache hit)
1304 silly packumentCache full:https://registry.npmjs.org/es-object-atoms set size:15304 disposed:false
1305 silly packumentCache full:https://registry.npmjs.org/es-object-atoms dispose
1306 silly fetch manifest minimist@^1.2.6
1307 silly packumentCache full:https://registry.npmjs.org/minimist cache-miss
1308 http cache https://registry.npmjs.org/call-bound 64ms (cache hit)
1309 silly packumentCache full:https://registry.npmjs.org/call-bound set size:15317 disposed:false
1310 silly fetch manifest strip-bom@^3.0.0
1311 silly packumentCache full:https://registry.npmjs.org/strip-bom cache-miss
1312 http cache https://registry.npmjs.org/call-bound 51ms (cache hit)
1313 silly packumentCache full:https://registry.npmjs.org/call-bound set size:15317 disposed:false
1314 silly packumentCache full:https://registry.npmjs.org/call-bound dispose
1315 silly fetch manifest @types/json5@^0.0.29
1316 silly packumentCache full:https://registry.npmjs.org/@types%2fjson5 cache-miss
1317 http fetch GET 200 https://registry.npmjs.org/es-shim-unscopables 282ms (cache miss)
1318 silly packumentCache full:https://registry.npmjs.org/es-shim-unscopables set size:undefined disposed:false
1319 http fetch GET 200 https://registry.npmjs.org/es-shim-unscopables 381ms (cache miss)
1320 silly packumentCache full:https://registry.npmjs.org/es-shim-unscopables set size:undefined disposed:false
1321 http fetch GET 200 https://registry.npmjs.org/es-shim-unscopables 320ms (cache miss)
1322 silly packumentCache full:https://registry.npmjs.org/es-shim-unscopables set size:undefined disposed:false
1323 http fetch GET 200 https://registry.npmjs.org/minimist 109ms (cache miss)
1324 silly packumentCache full:https://registry.npmjs.org/minimist set size:undefined disposed:false
1325 http fetch GET 200 https://registry.npmjs.org/json5 132ms (cache miss)
1326 silly packumentCache full:https://registry.npmjs.org/json5 set size:undefined disposed:false
1327 http fetch GET 200 https://registry.npmjs.org/strip-bom 363ms (cache miss)
1328 silly packumentCache full:https://registry.npmjs.org/strip-bom set size:undefined disposed:false
1329 http fetch GET 200 https://registry.npmjs.org/@types%2fjson5 772ms (cache miss)
1330 silly packumentCache full:https://registry.npmjs.org/@types%2fjson5 set size:undefined disposed:false
1331 silly placeDep ROOT call-bind@1.0.9 OK for: array-includes@3.1.9 want: ^1.0.8
1332 silly placeDep ROOT call-bound@1.0.4 OK for: array-includes@3.1.9 want: ^1.0.4
1333 silly placeDep ROOT define-properties@1.2.1 OK for: array-includes@3.1.9 want: ^1.2.1
1334 silly placeDep ROOT es-abstract@1.24.2 OK for: array-includes@3.1.9 want: ^1.24.0
1335 silly placeDep ROOT es-object-atoms@1.1.1 OK for: array-includes@3.1.9 want: ^1.1.1
1336 silly placeDep ROOT get-intrinsic@1.3.0 OK for: array-includes@3.1.9 want: ^1.3.0
1337 silly placeDep ROOT is-string@1.1.1 OK for: array-includes@3.1.9 want: ^1.1.1
1338 silly placeDep ROOT math-intrinsics@1.1.0 OK for: array-includes@3.1.9 want: ^1.1.0
1339 silly fetch manifest call-bind-apply-helpers@^1.0.2
1340 silly packumentCache full:https://registry.npmjs.org/call-bind-apply-helpers cache-miss
1341 silly fetch manifest es-define-property@^1.0.1
1342 silly packumentCache full:https://registry.npmjs.org/es-define-property cache-miss
1343 silly fetch manifest set-function-length@^1.2.2
1344 silly packumentCache full:https://registry.npmjs.org/set-function-length cache-miss
1345 silly fetch manifest call-bind-apply-helpers@^1.0.2
1346 silly packumentCache full:https://registry.npmjs.org/call-bind-apply-helpers cache-miss
1347 silly fetch manifest define-data-property@^1.0.1
1348 silly packumentCache full:https://registry.npmjs.org/define-data-property cache-miss
1349 silly fetch manifest has-property-descriptors@^1.0.0
1350 silly packumentCache full:https://registry.npmjs.org/has-property-descriptors cache-miss
1351 silly fetch manifest array-buffer-byte-length@^1.0.2
1352 silly packumentCache full:https://registry.npmjs.org/array-buffer-byte-length cache-miss
1353 http fetch GET 200 https://registry.npmjs.org/array-buffer-byte-length 117ms (cache miss)
1354 silly packumentCache full:https://registry.npmjs.org/array-buffer-byte-length set size:undefined disposed:false
1355 silly fetch manifest arraybuffer.prototype.slice@^1.0.4
1356 silly packumentCache full:https://registry.npmjs.org/arraybuffer.prototype.slice cache-miss
1357 http fetch GET 200 https://registry.npmjs.org/set-function-length 130ms (cache miss)
1358 silly packumentCache full:https://registry.npmjs.org/set-function-length set size:undefined disposed:false
1359 silly fetch manifest available-typed-arrays@^1.0.7
1360 silly packumentCache full:https://registry.npmjs.org/available-typed-arrays cache-miss
1361 http fetch GET 200 https://registry.npmjs.org/has-property-descriptors 136ms (cache miss)
1362 silly packumentCache full:https://registry.npmjs.org/has-property-descriptors set size:undefined disposed:false
1363 silly fetch manifest data-view-buffer@^1.0.2
1364 silly packumentCache full:https://registry.npmjs.org/data-view-buffer cache-miss
1365 http fetch GET 200 https://registry.npmjs.org/define-data-property 149ms (cache miss)
1366 silly packumentCache full:https://registry.npmjs.org/define-data-property set size:undefined disposed:false
1367 silly fetch manifest data-view-byte-length@^1.0.2
1368 silly packumentCache full:https://registry.npmjs.org/data-view-byte-length cache-miss
1369 http fetch GET 200 https://registry.npmjs.org/es-define-property 159ms (cache miss)
1370 silly packumentCache full:https://registry.npmjs.org/es-define-property set size:undefined disposed:false
1371 silly fetch manifest data-view-byte-offset@^1.0.1
1372 silly packumentCache full:https://registry.npmjs.org/data-view-byte-offset cache-miss
1373 http fetch GET 200 https://registry.npmjs.org/call-bind-apply-helpers 169ms (cache miss)
1374 silly packumentCache full:https://registry.npmjs.org/call-bind-apply-helpers set size:undefined disposed:false
1375 silly fetch manifest es-set-tostringtag@^2.1.0
1376 silly packumentCache full:https://registry.npmjs.org/es-set-tostringtag cache-miss
1377 http fetch GET 200 https://registry.npmjs.org/call-bind-apply-helpers 179ms (cache miss)
1378 silly packumentCache full:https://registry.npmjs.org/call-bind-apply-helpers set size:undefined disposed:false
1379 silly fetch manifest es-to-primitive@^1.3.0
1380 silly packumentCache full:https://registry.npmjs.org/es-to-primitive cache-miss
1381 http fetch GET 200 https://registry.npmjs.org/arraybuffer.prototype.slice 75ms (cache miss)
1382 silly packumentCache full:https://registry.npmjs.org/arraybuffer.prototype.slice set size:undefined disposed:false
1383 silly fetch manifest function.prototype.name@^1.1.8
1384 silly packumentCache full:https://registry.npmjs.org/function.prototype.name cache-miss
1385 http fetch GET 200 https://registry.npmjs.org/data-view-buffer 83ms (cache miss)
1386 silly packumentCache full:https://registry.npmjs.org/data-view-buffer set size:undefined disposed:false
1387 silly fetch manifest get-proto@^1.0.1
1388 silly packumentCache full:https://registry.npmjs.org/get-proto cache-miss
1389 http fetch GET 200 https://registry.npmjs.org/es-set-tostringtag 108ms (cache miss)
1390 silly packumentCache full:https://registry.npmjs.org/es-set-tostringtag set size:undefined disposed:false
1391 silly fetch manifest get-symbol-description@^1.1.0
1392 silly packumentCache full:https://registry.npmjs.org/get-symbol-description cache-miss
1393 http fetch GET 200 https://registry.npmjs.org/es-to-primitive 109ms (cache miss)
1394 silly packumentCache full:https://registry.npmjs.org/es-to-primitive set size:undefined disposed:false
1395 silly fetch manifest globalthis@^1.0.4
1396 silly packumentCache full:https://registry.npmjs.org/globalthis cache-miss
1397 http fetch GET 200 https://registry.npmjs.org/get-proto 78ms (cache miss)
1398 silly packumentCache full:https://registry.npmjs.org/get-proto set size:undefined disposed:false
1399 silly fetch manifest gopd@^1.2.0
1400 silly packumentCache full:https://registry.npmjs.org/gopd cache-miss
1401 http fetch GET 200 https://registry.npmjs.org/globalthis 72ms (cache miss)
1402 silly packumentCache full:https://registry.npmjs.org/globalthis set size:undefined disposed:false
1403 silly fetch manifest has-property-descriptors@^1.0.2
1404 silly packumentCache full:https://registry.npmjs.org/has-property-descriptors cache-miss
1405 http fetch GET 200 https://registry.npmjs.org/get-symbol-description 86ms (cache miss)
1406 silly packumentCache full:https://registry.npmjs.org/get-symbol-description set size:undefined disposed:false
1407 silly fetch manifest has-proto@^1.2.0
1408 silly packumentCache full:https://registry.npmjs.org/has-proto cache-miss
1409 http cache https://registry.npmjs.org/has-property-descriptors 31ms (cache hit)
1410 silly packumentCache full:https://registry.npmjs.org/has-property-descriptors set size:12452 disposed:false
1411 silly fetch manifest has-symbols@^1.1.0
1412 silly packumentCache full:https://registry.npmjs.org/has-symbols cache-miss
1413 http fetch GET 200 https://registry.npmjs.org/gopd 89ms (cache miss)
1414 silly packumentCache full:https://registry.npmjs.org/gopd set size:undefined disposed:false
1415 silly fetch manifest internal-slot@^1.1.0
1416 silly packumentCache full:https://registry.npmjs.org/internal-slot cache-miss
1417 http fetch GET 200 https://registry.npmjs.org/available-typed-arrays 337ms (cache miss)
1418 silly packumentCache full:https://registry.npmjs.org/available-typed-arrays set size:undefined disposed:false
1419 silly fetch manifest is-array-buffer@^3.0.5
1420 silly packumentCache full:https://registry.npmjs.org/is-array-buffer cache-miss
1421 http fetch GET 200 https://registry.npmjs.org/internal-slot 91ms (cache miss)
1422 silly packumentCache full:https://registry.npmjs.org/internal-slot set size:undefined disposed:false
1423 silly fetch manifest is-callable@^1.2.7
1424 silly packumentCache full:https://registry.npmjs.org/is-callable cache-miss
1425 http fetch GET 200 https://registry.npmjs.org/data-view-byte-offset 369ms (cache miss)
1426 silly packumentCache full:https://registry.npmjs.org/data-view-byte-offset set size:undefined disposed:false
1427 silly fetch manifest is-data-view@^1.0.2
1428 silly packumentCache full:https://registry.npmjs.org/is-data-view cache-miss
1429 http fetch GET 200 https://registry.npmjs.org/data-view-byte-length 381ms (cache miss)
1430 silly packumentCache full:https://registry.npmjs.org/data-view-byte-length set size:undefined disposed:false
1431 silly fetch manifest is-negative-zero@^2.0.3
1432 silly packumentCache full:https://registry.npmjs.org/is-negative-zero cache-miss
1433 http fetch GET 200 https://registry.npmjs.org/is-array-buffer 94ms (cache miss)
1434 silly packumentCache full:https://registry.npmjs.org/is-array-buffer set size:undefined disposed:false
1435 silly fetch manifest is-regex@^1.2.1
1436 silly packumentCache full:https://registry.npmjs.org/is-regex cache-miss
1437 http fetch GET 200 https://registry.npmjs.org/function.prototype.name 376ms (cache miss)
1438 silly packumentCache full:https://registry.npmjs.org/function.prototype.name set size:undefined disposed:false
1439 silly fetch manifest is-set@^2.0.3
1440 silly packumentCache full:https://registry.npmjs.org/is-set cache-miss
1441 http fetch GET 200 https://registry.npmjs.org/is-callable 99ms (cache miss)
1442 silly packumentCache full:https://registry.npmjs.org/is-callable set size:undefined disposed:false
1443 silly fetch manifest is-shared-array-buffer@^1.0.4
1444 silly packumentCache full:https://registry.npmjs.org/is-shared-array-buffer cache-miss
1445 http fetch GET 200 https://registry.npmjs.org/is-regex 84ms (cache miss)
1446 silly packumentCache full:https://registry.npmjs.org/is-regex set size:undefined disposed:false
1447 silly fetch manifest is-typed-array@^1.1.15
1448 silly packumentCache full:https://registry.npmjs.org/is-typed-array cache-miss
1449 http fetch GET 200 https://registry.npmjs.org/is-shared-array-buffer 82ms (cache miss)
1450 silly packumentCache full:https://registry.npmjs.org/is-shared-array-buffer set size:undefined disposed:false
1451 silly fetch manifest is-weakref@^1.1.1
1452 silly packumentCache full:https://registry.npmjs.org/is-weakref cache-miss
1453 http fetch GET 200 https://registry.npmjs.org/has-proto 364ms (cache miss)
1454 silly packumentCache full:https://registry.npmjs.org/has-proto set size:undefined disposed:false
1455 silly fetch manifest object-inspect@^1.13.4
1456 silly packumentCache full:https://registry.npmjs.org/object-inspect cache-miss
1457 http fetch GET 200 https://registry.npmjs.org/has-symbols 384ms (cache miss)
1458 silly packumentCache full:https://registry.npmjs.org/has-symbols set size:undefined disposed:false
1459 silly fetch manifest object.assign@^4.1.7
1460 silly packumentCache full:https://registry.npmjs.org/object.assign cache-miss
1461 http fetch GET 200 https://registry.npmjs.org/object-inspect 112ms (cache miss)
1462 silly packumentCache full:https://registry.npmjs.org/object-inspect set size:undefined disposed:false
1463 silly fetch manifest own-keys@^1.0.1
1464 silly packumentCache full:https://registry.npmjs.org/own-keys cache-miss
1465 http fetch GET 200 https://registry.npmjs.org/is-data-view 374ms (cache miss)
1466 silly packumentCache full:https://registry.npmjs.org/is-data-view set size:undefined disposed:false
1467 silly fetch manifest regexp.prototype.flags@^1.5.4
1468 silly packumentCache full:https://registry.npmjs.org/regexp.prototype.flags cache-miss
1469 http fetch GET 200 https://registry.npmjs.org/is-negative-zero 389ms (cache miss)
1470 silly packumentCache full:https://registry.npmjs.org/is-negative-zero set size:undefined disposed:false
1471 silly fetch manifest safe-array-concat@^1.1.3
1472 silly packumentCache full:https://registry.npmjs.org/safe-array-concat cache-miss
1473 http fetch GET 200 https://registry.npmjs.org/is-set 368ms (cache miss)
1474 silly packumentCache full:https://registry.npmjs.org/is-set set size:undefined disposed:false
1475 silly fetch manifest safe-push-apply@^1.0.0
1476 silly packumentCache full:https://registry.npmjs.org/safe-push-apply cache-miss
1477 http fetch GET 200 https://registry.npmjs.org/own-keys 97ms (cache miss)
1478 silly packumentCache full:https://registry.npmjs.org/own-keys set size:undefined disposed:false
1479 silly fetch manifest safe-regex-test@^1.1.0
1480 silly packumentCache full:https://registry.npmjs.org/safe-regex-test cache-miss
1481 http cache https://registry.npmjs.org/safe-regex-test 12ms (cache hit)
1482 silly packumentCache full:https://registry.npmjs.org/safe-regex-test set size:17412 disposed:false
1483 silly fetch manifest set-proto@^1.0.0
1484 silly packumentCache full:https://registry.npmjs.org/set-proto cache-miss
1485 http fetch GET 200 https://registry.npmjs.org/regexp.prototype.flags 87ms (cache miss)
1486 silly packumentCache full:https://registry.npmjs.org/regexp.prototype.flags set size:undefined disposed:false
1487 silly fetch manifest stop-iteration-iterator@^1.1.0
1488 silly packumentCache full:https://registry.npmjs.org/stop-iteration-iterator cache-miss
1489 http fetch GET 200 https://registry.npmjs.org/safe-array-concat 75ms (cache miss)
1490 silly packumentCache full:https://registry.npmjs.org/safe-array-concat set size:undefined disposed:false
1491 silly fetch manifest string.prototype.trim@^1.2.10
1492 silly packumentCache full:https://registry.npmjs.org/string.prototype.trim cache-miss
1493 http fetch GET 200 https://registry.npmjs.org/safe-push-apply 68ms (cache miss)
1494 silly packumentCache full:https://registry.npmjs.org/safe-push-apply set size:undefined disposed:false
1495 silly fetch manifest string.prototype.trimstart@^1.0.8
1496 silly packumentCache full:https://registry.npmjs.org/string.prototype.trimstart cache-miss
1497 http fetch GET 200 https://registry.npmjs.org/is-typed-array 371ms (cache miss)
1498 silly packumentCache full:https://registry.npmjs.org/is-typed-array set size:undefined disposed:false
1499 silly fetch manifest typed-array-buffer@^1.0.3
1500 silly packumentCache full:https://registry.npmjs.org/typed-array-buffer cache-miss
1501 http fetch GET 200 https://registry.npmjs.org/set-proto 143ms (cache miss)
1502 silly packumentCache full:https://registry.npmjs.org/set-proto set size:undefined disposed:false
1503 silly fetch manifest typed-array-byte-length@^1.0.3
1504 silly packumentCache full:https://registry.npmjs.org/typed-array-byte-length cache-miss
1505 http fetch GET 200 https://registry.npmjs.org/stop-iteration-iterator 138ms (cache miss)
1506 silly packumentCache full:https://registry.npmjs.org/stop-iteration-iterator set size:undefined disposed:false
1507 silly fetch manifest typed-array-byte-offset@^1.0.4
1508 silly packumentCache full:https://registry.npmjs.org/typed-array-byte-offset cache-miss
1509 http fetch GET 200 https://registry.npmjs.org/typed-array-buffer 109ms (cache miss)
1510 silly packumentCache full:https://registry.npmjs.org/typed-array-buffer set size:undefined disposed:false
1511 silly fetch manifest typed-array-length@^1.0.7
1512 silly packumentCache full:https://registry.npmjs.org/typed-array-length cache-miss
1513 http fetch GET 200 https://registry.npmjs.org/string.prototype.trimstart 119ms (cache miss)
1514 silly packumentCache full:https://registry.npmjs.org/string.prototype.trimstart set size:undefined disposed:false
1515 silly fetch manifest unbox-primitive@^1.1.0
1516 silly packumentCache full:https://registry.npmjs.org/unbox-primitive cache-miss
1517 http fetch GET 200 https://registry.npmjs.org/string.prototype.trim 142ms (cache miss)
1518 silly packumentCache full:https://registry.npmjs.org/string.prototype.trim set size:undefined disposed:false
1519 silly fetch manifest which-typed-array@^1.1.19
1520 silly packumentCache full:https://registry.npmjs.org/which-typed-array cache-miss
1521 http fetch GET 200 https://registry.npmjs.org/is-weakref 461ms (cache miss)
1522 silly packumentCache full:https://registry.npmjs.org/is-weakref set size:undefined disposed:false
1523 silly fetch manifest has-tostringtag@^1.0.2
1524 silly packumentCache full:https://registry.npmjs.org/has-tostringtag cache-miss
1525 http fetch GET 200 https://registry.npmjs.org/object.assign 388ms (cache miss)
1526 silly packumentCache full:https://registry.npmjs.org/object.assign set size:undefined disposed:false
1527 http fetch GET 200 https://registry.npmjs.org/typed-array-byte-length 68ms (cache miss)
1528 silly packumentCache full:https://registry.npmjs.org/typed-array-byte-length set size:undefined disposed:false
1529 http fetch GET 200 https://registry.npmjs.org/typed-array-byte-offset 67ms (cache miss)
1530 silly packumentCache full:https://registry.npmjs.org/typed-array-byte-offset set size:undefined disposed:false
1531 http fetch GET 200 https://registry.npmjs.org/has-tostringtag 63ms (cache miss)
1532 silly packumentCache full:https://registry.npmjs.org/has-tostringtag set size:undefined disposed:false
1533 http fetch GET 200 https://registry.npmjs.org/which-typed-array 84ms (cache miss)
1534 silly packumentCache full:https://registry.npmjs.org/which-typed-array set size:undefined disposed:false
1535 http fetch GET 200 https://registry.npmjs.org/unbox-primitive 376ms (cache miss)
1536 silly packumentCache full:https://registry.npmjs.org/unbox-primitive set size:undefined disposed:false
1537 http fetch GET 200 https://registry.npmjs.org/typed-array-length 442ms (cache miss)
1538 silly packumentCache full:https://registry.npmjs.org/typed-array-length set size:undefined disposed:false
1539 silly placeDep ROOT es-errors@1.3.0 OK for: array.prototype.findlastindex@1.2.6 want: ^1.3.0
1540 silly placeDep ROOT es-shim-unscopables@1.1.0 OK for: array.prototype.findlastindex@1.2.6 want: ^1.1.0
1541 silly placeDep ROOT call-bind-apply-helpers@1.0.2 OK for: call-bind@1.0.9 want: ^1.0.2
1542 silly placeDep ROOT es-define-property@1.0.1 OK for: call-bind@1.0.9 want: ^1.0.1
1543 silly placeDep ROOT set-function-length@1.2.2 OK for: call-bind@1.0.9 want: ^1.2.2
1544 silly fetch manifest define-data-property@^1.1.4
1545 silly packumentCache full:https://registry.npmjs.org/define-data-property cache-miss
1546 silly fetch manifest gopd@^1.0.1
1547 silly packumentCache full:https://registry.npmjs.org/gopd cache-miss
1548 http cache https://registry.npmjs.org/define-data-property 22ms (cache hit)
1549 silly packumentCache full:https://registry.npmjs.org/define-data-property set size:28048 disposed:false
1550 http cache https://registry.npmjs.org/gopd 23ms (cache hit)
1551 silly packumentCache full:https://registry.npmjs.org/gopd set size:11458 disposed:false
1552 silly placeDep ROOT function-bind@1.1.2 OK for: call-bind-apply-helpers@1.0.2 want: ^1.1.2
1553 silly placeDep ROOT define-data-property@1.1.4 OK for: define-properties@1.2.1 want: ^1.0.1
1554 silly placeDep ROOT has-property-descriptors@1.0.2 OK for: define-properties@1.2.1 want: ^1.0.0
1555 silly placeDep ROOT object-keys@1.1.1 OK for: define-properties@1.2.1 want: ^1.1.1
1556 silly placeDep ROOT gopd@1.2.0 OK for: define-data-property@1.1.4 want: ^1.0.1
1557 silly placeDep ROOT array-buffer-byte-length@1.0.2 OK for: es-abstract@1.24.2 want: ^1.0.2
1558 silly placeDep ROOT arraybuffer.prototype.slice@1.0.4 OK for: es-abstract@1.24.2 want: ^1.0.4
1559 silly placeDep ROOT available-typed-arrays@1.0.7 OK for: es-abstract@1.24.2 want: ^1.0.7
1560 silly placeDep ROOT data-view-buffer@1.0.2 OK for: es-abstract@1.24.2 want: ^1.0.2
1561 silly placeDep ROOT data-view-byte-length@1.0.2 OK for: es-abstract@1.24.2 want: ^1.0.2
1562 silly placeDep ROOT data-view-byte-offset@1.0.1 OK for: es-abstract@1.24.2 want: ^1.0.1
1563 silly placeDep ROOT es-set-tostringtag@2.1.0 OK for: es-abstract@1.24.2 want: ^2.1.0
1564 silly placeDep ROOT es-to-primitive@1.3.0 OK for: es-abstract@1.24.2 want: ^1.3.0
1565 silly placeDep ROOT function.prototype.name@1.1.8 OK for: es-abstract@1.24.2 want: ^1.1.8
1566 silly placeDep ROOT get-proto@1.0.1 OK for: es-abstract@1.24.2 want: ^1.0.1
1567 silly placeDep ROOT get-symbol-description@1.1.0 OK for: es-abstract@1.24.2 want: ^1.1.0
1568 silly placeDep ROOT globalthis@1.0.4 OK for: es-abstract@1.24.2 want: ^1.0.4
1569 silly placeDep ROOT has-proto@1.2.0 OK for: es-abstract@1.24.2 want: ^1.2.0
1570 silly placeDep ROOT has-symbols@1.1.0 OK for: es-abstract@1.24.2 want: ^1.1.0
1571 silly placeDep ROOT internal-slot@1.1.0 OK for: es-abstract@1.24.2 want: ^1.1.0
1572 silly placeDep ROOT is-array-buffer@3.0.5 OK for: es-abstract@1.24.2 want: ^3.0.5
1573 silly placeDep ROOT is-callable@1.2.7 OK for: es-abstract@1.24.2 want: ^1.2.7
1574 silly placeDep ROOT is-data-view@1.0.2 OK for: es-abstract@1.24.2 want: ^1.0.2
1575 silly placeDep ROOT is-negative-zero@2.0.3 OK for: es-abstract@1.24.2 want: ^2.0.3
1576 silly placeDep ROOT is-regex@1.2.1 OK for: es-abstract@1.24.2 want: ^1.2.1
1577 silly placeDep ROOT is-set@2.0.3 OK for: es-abstract@1.24.2 want: ^2.0.3
1578 silly placeDep ROOT is-shared-array-buffer@1.0.4 OK for: es-abstract@1.24.2 want: ^1.0.4
1579 silly placeDep ROOT is-typed-array@1.1.15 OK for: es-abstract@1.24.2 want: ^1.1.15
1580 silly placeDep ROOT is-weakref@1.1.1 OK for: es-abstract@1.24.2 want: ^1.1.1
1581 silly placeDep ROOT object-inspect@1.13.4 OK for: es-abstract@1.24.2 want: ^1.13.4
1582 silly placeDep ROOT object.assign@4.1.7 OK for: es-abstract@1.24.2 want: ^4.1.7
1583 silly placeDep ROOT own-keys@1.0.1 OK for: es-abstract@1.24.2 want: ^1.0.1
1584 silly placeDep ROOT regexp.prototype.flags@1.5.4 OK for: es-abstract@1.24.2 want: ^1.5.4
1585 silly placeDep ROOT safe-array-concat@1.1.4 OK for: es-abstract@1.24.2 want: ^1.1.3
1586 silly placeDep ROOT safe-push-apply@1.0.0 OK for: es-abstract@1.24.2 want: ^1.0.0
1587 silly placeDep ROOT safe-regex-test@1.1.0 OK for: es-abstract@1.24.2 want: ^1.1.0
1588 silly placeDep ROOT set-proto@1.0.0 OK for: es-abstract@1.24.2 want: ^1.0.0
1589 silly placeDep ROOT stop-iteration-iterator@1.1.0 OK for: es-abstract@1.24.2 want: ^1.1.0
1590 silly placeDep ROOT string.prototype.trim@1.2.10 OK for: es-abstract@1.24.2 want: ^1.2.10
1591 silly placeDep ROOT string.prototype.trimstart@1.0.8 OK for: es-abstract@1.24.2 want: ^1.0.8
1592 silly placeDep ROOT typed-array-buffer@1.0.3 OK for: es-abstract@1.24.2 want: ^1.0.3
1593 silly placeDep ROOT typed-array-byte-length@1.0.3 OK for: es-abstract@1.24.2 want: ^1.0.3
1594 silly placeDep ROOT typed-array-byte-offset@1.0.4 OK for: es-abstract@1.24.2 want: ^1.0.4
1595 silly placeDep ROOT typed-array-length@1.0.7 OK for: es-abstract@1.24.2 want: ^1.0.7
1596 silly placeDep ROOT unbox-primitive@1.1.0 OK for: es-abstract@1.24.2 want: ^1.1.0
1597 silly placeDep ROOT which-typed-array@1.1.20 OK for: es-abstract@1.24.2 want: ^1.1.19
1598 silly fetch manifest is-array-buffer@^3.0.4
1599 silly packumentCache full:https://registry.npmjs.org/is-array-buffer cache-miss
1600 silly fetch manifest possible-typed-array-names@^1.0.0
1601 silly packumentCache full:https://registry.npmjs.org/possible-typed-array-names cache-miss
1602 silly fetch manifest is-data-view@^1.0.1
1603 silly packumentCache full:https://registry.npmjs.org/is-data-view cache-miss
1604 silly fetch manifest is-date-object@^1.0.5
1605 silly packumentCache full:https://registry.npmjs.org/is-date-object cache-miss
1606 silly fetch manifest is-symbol@^1.0.4
1607 silly packumentCache full:https://registry.npmjs.org/is-symbol cache-miss
1608 silly fetch manifest functions-have-names@^1.2.3
1609 silly packumentCache full:https://registry.npmjs.org/functions-have-names cache-miss
1610 silly fetch manifest dunder-proto@^1.0.1
1611 silly packumentCache full:https://registry.npmjs.org/dunder-proto cache-miss
1612 http cache https://registry.npmjs.org/is-array-buffer 37ms (cache hit)
1613 silly packumentCache full:https://registry.npmjs.org/is-array-buffer set size:33562 disposed:false
1614 silly fetch manifest dunder-proto@^1.0.0
1615 silly packumentCache full:https://registry.npmjs.org/dunder-proto cache-miss
1616 http cache https://registry.npmjs.org/is-data-view 37ms (cache hit)
1617 silly packumentCache full:https://registry.npmjs.org/is-data-view set size:13756 disposed:false
1618 silly fetch manifest side-channel@^1.1.0
1619 silly packumentCache full:https://registry.npmjs.org/side-channel cache-miss
1620 http fetch GET 200 https://registry.npmjs.org/dunder-proto 109ms (cache miss)
1621 silly packumentCache full:https://registry.npmjs.org/dunder-proto set size:undefined disposed:false
1622 silly fetch manifest is-typed-array@^1.1.13
1623 silly packumentCache full:https://registry.npmjs.org/is-typed-array cache-miss
1624 http fetch GET 200 https://registry.npmjs.org/dunder-proto 84ms (cache miss)
1625 silly packumentCache full:https://registry.npmjs.org/dunder-proto set size:undefined disposed:false
1626 silly fetch manifest which-typed-array@^1.1.16
1627 silly packumentCache full:https://registry.npmjs.org/which-typed-array cache-miss
1628 http fetch GET 200 https://registry.npmjs.org/is-symbol 123ms (cache miss)
1629 silly packumentCache full:https://registry.npmjs.org/is-symbol set size:undefined disposed:false
1630 silly fetch manifest set-function-name@^2.0.2
1631 silly packumentCache full:https://registry.npmjs.org/set-function-name cache-miss
1632 http fetch GET 200 https://registry.npmjs.org/side-channel 100ms (cache miss)
1633 silly packumentCache full:https://registry.npmjs.org/side-channel set size:undefined disposed:false
1634 silly fetch manifest isarray@^2.0.5
1635 silly packumentCache full:https://registry.npmjs.org/isarray cache-miss
1636 http cache https://registry.npmjs.org/is-typed-array 36ms (cache hit)
1637 silly packumentCache full:https://registry.npmjs.org/is-typed-array set size:79965 disposed:false
1638 silly fetch manifest isarray@^2.0.5
1639 silly packumentCache full:https://registry.npmjs.org/isarray cache-miss
1640 http cache https://registry.npmjs.org/which-typed-array 41ms (cache hit)
1641 silly packumentCache full:https://registry.npmjs.org/which-typed-array set size:93605 disposed:false
1642 silly fetch manifest for-each@^0.3.3
1643 silly packumentCache full:https://registry.npmjs.org/for-each cache-miss
1644 http fetch GET 200 https://registry.npmjs.org/set-function-name 64ms (cache miss)
1645 silly packumentCache full:https://registry.npmjs.org/set-function-name set size:undefined disposed:false
1646 silly fetch manifest for-each@^0.3.3
1647 silly packumentCache full:https://registry.npmjs.org/for-each cache-miss
1648 http fetch GET 200 https://registry.npmjs.org/isarray 74ms (cache miss)
1649 silly packumentCache full:https://registry.npmjs.org/isarray set size:undefined disposed:false
1650 silly fetch manifest reflect.getprototypeof@^1.0.9
1651 silly packumentCache full:https://registry.npmjs.org/reflect.getprototypeof cache-miss
1652 http fetch GET 200 https://registry.npmjs.org/isarray 74ms (cache miss)
1653 silly packumentCache full:https://registry.npmjs.org/isarray set size:undefined disposed:false
1654 silly fetch manifest for-each@^0.3.3
1655 silly packumentCache full:https://registry.npmjs.org/for-each cache-miss
1656 http fetch GET 200 https://registry.npmjs.org/for-each 81ms (cache miss)
1657 silly packumentCache full:https://registry.npmjs.org/for-each set size:undefined disposed:false
1658 silly fetch manifest possible-typed-array-names@^1.0.0
1659 silly packumentCache full:https://registry.npmjs.org/possible-typed-array-names cache-miss
1660 http fetch GET 200 https://registry.npmjs.org/for-each 70ms (cache miss)
1661 silly packumentCache full:https://registry.npmjs.org/for-each set size:undefined disposed:false
1662 silly fetch manifest reflect.getprototypeof@^1.0.6
1663 silly packumentCache full:https://registry.npmjs.org/reflect.getprototypeof cache-miss
1664 http fetch GET 200 https://registry.npmjs.org/for-each 67ms (cache miss)
1665 silly packumentCache full:https://registry.npmjs.org/for-each set size:undefined disposed:false
1666 silly fetch manifest has-bigints@^1.0.2
1667 silly packumentCache full:https://registry.npmjs.org/has-bigints cache-miss
1668 http fetch GET 200 https://registry.npmjs.org/functions-have-names 373ms (cache miss)
1669 silly packumentCache full:https://registry.npmjs.org/functions-have-names set size:undefined disposed:false
1670 silly fetch manifest which-boxed-primitive@^1.1.1
1671 silly packumentCache full:https://registry.npmjs.org/which-boxed-primitive cache-miss
1672 http fetch GET 200 https://registry.npmjs.org/possible-typed-array-names 128ms (cache miss)
1673 silly packumentCache full:https://registry.npmjs.org/possible-typed-array-names set size:undefined disposed:false
1674 silly fetch manifest for-each@^0.3.5
1675 silly packumentCache full:https://registry.npmjs.org/for-each cache-miss
1676 http fetch GET 200 https://registry.npmjs.org/possible-typed-array-names 397ms (cache miss)
1677 silly packumentCache full:https://registry.npmjs.org/possible-typed-array-names set size:undefined disposed:false
1678 http fetch GET 200 https://registry.npmjs.org/is-date-object 395ms (cache miss)
1679 silly packumentCache full:https://registry.npmjs.org/is-date-object set size:undefined disposed:false
1680 http cache https://registry.npmjs.org/for-each 23ms (cache hit)
1681 silly packumentCache full:https://registry.npmjs.org/for-each set size:14327 disposed:false
1682 http fetch GET 200 https://registry.npmjs.org/which-boxed-primitive 90ms (cache miss)
1683 silly packumentCache full:https://registry.npmjs.org/which-boxed-primitive set size:undefined disposed:false
1684 http fetch GET 200 https://registry.npmjs.org/reflect.getprototypeof 763ms (cache miss)
1685 silly packumentCache full:https://registry.npmjs.org/reflect.getprototypeof set size:undefined disposed:false
1686 http fetch GET 200 https://registry.npmjs.org/reflect.getprototypeof 822ms (cache miss)
1687 silly packumentCache full:https://registry.npmjs.org/reflect.getprototypeof set size:undefined disposed:false
1688 http fetch GET 200 https://registry.npmjs.org/has-bigints 741ms (cache miss)
1689 silly packumentCache full:https://registry.npmjs.org/has-bigints set size:undefined disposed:false
1690 silly placeDep ROOT possible-typed-array-names@1.1.0 OK for: available-typed-arrays@1.0.7 want: ^1.0.0
1691 silly placeDep ROOT has-tostringtag@1.0.2 OK for: es-set-tostringtag@2.1.0 want: ^1.0.2
1692 silly placeDep ROOT is-date-object@1.1.0 OK for: es-to-primitive@1.3.0 want: ^1.0.5
1693 silly placeDep ROOT is-symbol@1.1.1 OK for: es-to-primitive@1.3.0 want: ^1.0.4
1694 silly placeDep node_modules/eslint-module-utils debug@3.2.7 OK for: eslint-module-utils@2.12.1 want: ^3.2.7
1695 silly placeDep ROOT aria-query@5.3.2 OK for: eslint-plugin-jsx-a11y@6.10.2 want: ^5.3.2
1696 silly placeDep ROOT ast-types-flow@0.0.8 OK for: eslint-plugin-jsx-a11y@6.10.2 want: ^0.0.8
1697 silly placeDep ROOT axe-core@4.11.4 OK for: eslint-plugin-jsx-a11y@6.10.2 want: ^4.10.0
1698 silly placeDep ROOT axobject-query@4.1.0 OK for: eslint-plugin-jsx-a11y@6.10.2 want: ^4.1.0
1699 silly placeDep ROOT damerau-levenshtein@1.0.8 OK for: eslint-plugin-jsx-a11y@6.10.2 want: ^1.0.8
1700 silly placeDep ROOT emoji-regex@9.2.2 OK for: eslint-plugin-jsx-a11y@6.10.2 want: ^9.2.2
1701 silly placeDep ROOT jsx-ast-utils@3.3.5 OK for: eslint-plugin-jsx-a11y@6.10.2 want: ^3.3.5
1702 silly placeDep ROOT language-tags@1.0.9 OK for: eslint-plugin-jsx-a11y@6.10.2 want: ^1.0.9
1703 silly placeDep ROOT string.prototype.includes@2.0.1 OK for: eslint-plugin-jsx-a11y@6.10.2 want: ^2.0.1
1704 silly fetch manifest language-subtag-registry@^0.3.20
1705 silly packumentCache full:https://registry.npmjs.org/language-subtag-registry cache-miss
1706 http fetch GET 200 https://registry.npmjs.org/language-subtag-registry 375ms (cache miss)
1707 silly packumentCache full:https://registry.npmjs.org/language-subtag-registry set size:undefined disposed:false
1708 silly placeDep ROOT array.prototype.findlast@1.2.5 OK for: eslint-plugin-react@7.37.5 want: ^1.2.5
1709 silly placeDep ROOT array.prototype.tosorted@1.1.4 OK for: eslint-plugin-react@7.37.5 want: ^1.1.4
1710 silly placeDep ROOT es-iterator-helpers@1.3.2 OK for: eslint-plugin-react@7.37.5 want: ^1.2.1
1711 silly placeDep ROOT estraverse@5.3.0 OK for: eslint-plugin-react@7.37.5 want: ^5.3.0
1712 silly placeDep ROOT object.entries@1.1.9 OK for: eslint-plugin-react@7.37.5 want: ^1.1.9
1713 silly placeDep ROOT prop-types@15.8.1 OK for: eslint-plugin-react@7.37.5 want: ^15.8.1
1714 silly placeDep ROOT string.prototype.matchall@4.0.12 OK for: eslint-plugin-react@7.37.5 want: ^4.0.12
1715 silly placeDep ROOT string.prototype.repeat@1.0.0 OK for: eslint-plugin-react@7.37.5 want: ^1.0.0
1716 silly fetch manifest iterator.prototype@^1.1.5
1717 silly packumentCache full:https://registry.npmjs.org/iterator.prototype cache-miss
1718 silly fetch manifest loose-envify@^1.4.0
1719 silly packumentCache full:https://registry.npmjs.org/loose-envify cache-miss
1720 silly fetch manifest object-assign@^4.1.1
1721 silly packumentCache full:https://registry.npmjs.org/object-assign cache-miss
1722 silly fetch manifest react-is@^16.13.1
1723 silly packumentCache full:https://registry.npmjs.org/react-is cache-miss
1724 http fetch GET 200 https://registry.npmjs.org/object-assign 100ms (cache miss)
1725 silly packumentCache full:https://registry.npmjs.org/object-assign set size:undefined disposed:false
1726 http fetch GET 200 https://registry.npmjs.org/iterator.prototype 370ms (cache miss)
1727 silly packumentCache full:https://registry.npmjs.org/iterator.prototype set size:undefined disposed:false
1728 http fetch GET 200 https://registry.npmjs.org/loose-envify 398ms (cache miss)
1729 silly packumentCache full:https://registry.npmjs.org/loose-envify set size:undefined disposed:false
1730 http fetch GET 200 https://registry.npmjs.org/react-is 1210ms (cache miss)
1731 silly packumentCache full:https://registry.npmjs.org/react-is set size:undefined disposed:false
1732 silly placeDep ROOT iterator.prototype@1.1.5 OK for: es-iterator-helpers@1.3.2 want: ^1.1.5
1733 silly placeDep ROOT @babel/core@7.29.0 OK for: eslint-plugin-react-hooks@7.1.1 want: ^7.24.4
1734 silly placeDep ROOT @babel/parser@7.29.3 OK for: eslint-plugin-react-hooks@7.1.1 want: ^7.24.4
1735 silly placeDep ROOT hermes-parser@0.25.1 OK for: eslint-plugin-react-hooks@7.1.1 want: ^0.25.1
1736 silly placeDep ROOT zod@4.4.3 OK for: eslint-plugin-react-hooks@7.1.1 want: ^3.25.0 || ^4.0.0
1737 silly placeDep ROOT zod-validation-error@4.0.2 OK for: eslint-plugin-react-hooks@7.1.1 want: ^3.5.0 || ^4.0.0
1738 silly fetch manifest json5@^2.2.3
1739 silly packumentCache full:https://registry.npmjs.org/json5 cache-miss
1740 silly fetch manifest gensync@^1.0.0-beta.2
1741 silly packumentCache full:https://registry.npmjs.org/gensync cache-miss
1742 silly fetch manifest @babel/types@^7.29.0
1743 silly packumentCache full:https://registry.npmjs.org/@babel%2ftypes cache-miss
1744 silly fetch manifest @babel/parser@^7.29.0
1745 silly packumentCache full:https://registry.npmjs.org/@babel%2fparser cache-miss
1746 silly fetch manifest @babel/helpers@^7.28.6
1747 silly packumentCache full:https://registry.npmjs.org/@babel%2fhelpers cache-miss
1748 silly fetch manifest @babel/template@^7.28.6
1749 silly packumentCache full:https://registry.npmjs.org/@babel%2ftemplate cache-miss
1750 silly fetch manifest @babel/traverse@^7.29.0
1751 silly packumentCache full:https://registry.npmjs.org/@babel%2ftraverse cache-miss
1752 http cache https://registry.npmjs.org/json5 28ms (cache hit)
1753 silly packumentCache full:https://registry.npmjs.org/json5 set size:86136 disposed:false
1754 silly fetch manifest @babel/generator@^7.29.0
1755 silly packumentCache full:https://registry.npmjs.org/@babel%2fgenerator cache-miss
1756 http cache https://registry.npmjs.org/@babel%2fparser 30ms (cache hit)
1757 silly packumentCache full:https://registry.npmjs.org/@babel%2fparser set size:723297 disposed:false
1758 silly fetch manifest @babel/code-frame@^7.29.0
1759 silly packumentCache full:https://registry.npmjs.org/@babel%2fcode-frame cache-miss
1760 http fetch GET 200 https://registry.npmjs.org/gensync 107ms (cache miss)
1761 silly packumentCache full:https://registry.npmjs.org/gensync set size:undefined disposed:false
1762 silly fetch manifest convert-source-map@^2.0.0
1763 silly packumentCache full:https://registry.npmjs.org/convert-source-map cache-miss
1764 http fetch GET 200 https://registry.npmjs.org/@babel%2fhelpers 137ms (cache miss)
1765 silly packumentCache full:https://registry.npmjs.org/@babel%2fhelpers set size:undefined disposed:false
1766 silly fetch manifest @babel/helper-module-transforms@^7.28.6
1767 silly packumentCache full:https://registry.npmjs.org/@babel%2fhelper-module-transforms cache-miss
1768 http fetch GET 200 https://registry.npmjs.org/@babel%2fcode-frame 117ms (cache miss)
1769 silly packumentCache full:https://registry.npmjs.org/@babel%2fcode-frame set size:undefined disposed:false
1770 silly fetch manifest @babel/helper-compilation-targets@^7.28.6
1771 silly packumentCache full:https://registry.npmjs.org/@babel%2fhelper-compilation-targets cache-miss
1772 http fetch GET 200 https://registry.npmjs.org/@babel%2ftemplate 195ms (cache miss)
1773 silly packumentCache full:https://registry.npmjs.org/@babel%2ftemplate set size:undefined disposed:false
1774 silly fetch manifest @babel/types@^7.29.0
1775 silly packumentCache full:https://registry.npmjs.org/@babel%2ftypes cache-miss
1776 http fetch GET 200 https://registry.npmjs.org/@babel%2ftypes 214ms (cache miss)
1777 silly packumentCache full:https://registry.npmjs.org/@babel%2ftypes set size:undefined disposed:false
1778 silly fetch manifest hermes-estree@0.25.1
1779 silly packumentCache full:https://registry.npmjs.org/hermes-estree cache-miss
1780 http fetch GET 200 https://registry.npmjs.org/@babel%2fgenerator 242ms (cache miss)
1781 silly packumentCache full:https://registry.npmjs.org/@babel%2fgenerator set size:undefined disposed:false
1782 http fetch GET 200 https://registry.npmjs.org/@babel%2fhelper-module-transforms 138ms (cache miss)
1783 silly packumentCache full:https://registry.npmjs.org/@babel%2fhelper-module-transforms set size:undefined disposed:false
1784 http fetch GET 200 https://registry.npmjs.org/@babel%2fhelper-compilation-targets 187ms (cache miss)
1785 silly packumentCache full:https://registry.npmjs.org/@babel%2fhelper-compilation-targets set size:undefined disposed:false
1786 http fetch GET 200 https://registry.npmjs.org/hermes-estree 150ms (cache miss)
1787 silly packumentCache full:https://registry.npmjs.org/hermes-estree set size:undefined disposed:false
1788 http fetch GET 200 https://registry.npmjs.org/@babel%2ftypes 192ms (cache miss)
1789 silly packumentCache full:https://registry.npmjs.org/@babel%2ftypes set size:undefined disposed:false
1790 http fetch GET 200 https://registry.npmjs.org/convert-source-map 387ms (cache miss)
1791 silly packumentCache full:https://registry.npmjs.org/convert-source-map set size:undefined disposed:false
1792 http fetch GET 200 https://registry.npmjs.org/@babel%2ftraverse 1090ms (cache miss)
1793 silly packumentCache full:https://registry.npmjs.org/@babel%2ftraverse set size:undefined disposed:false
1794 silly fetch manifest @babel/core@^7.0.0
1795 silly packumentCache full:https://registry.npmjs.org/@babel%2fcore cache-miss
1796 http cache https://registry.npmjs.org/@babel%2fcore 31ms (cache hit)
1797 silly packumentCache full:https://registry.npmjs.org/@babel%2fcore set size:764052 disposed:false
1798 silly placeDep ROOT @babel/code-frame@7.29.0 OK for: @babel/core@7.29.0 want: ^7.29.0
1799 silly placeDep ROOT @babel/generator@7.29.1 OK for: @babel/core@7.29.0 want: ^7.29.0
1800 silly placeDep ROOT @babel/helper-compilation-targets@7.28.6 OK for: @babel/core@7.29.0 want: ^7.28.6
1801 silly placeDep ROOT @babel/helper-module-transforms@7.28.6 OK for: @babel/core@7.29.0 want: ^7.28.6
1802 silly placeDep ROOT @babel/helpers@7.29.2 OK for: @babel/core@7.29.0 want: ^7.28.6
1803 silly placeDep ROOT @babel/template@7.28.6 OK for: @babel/core@7.29.0 want: ^7.28.6
1804 silly placeDep ROOT @babel/traverse@7.29.0 OK for: @babel/core@7.29.0 want: ^7.29.0
1805 silly placeDep ROOT @babel/types@7.29.0 OK for: @babel/core@7.29.0 want: ^7.29.0
1806 silly placeDep ROOT convert-source-map@2.0.0 OK for: @babel/core@7.29.0 want: ^2.0.0
1807 silly placeDep ROOT gensync@1.0.0-beta.2 OK for: @babel/core@7.29.0 want: ^1.0.0-beta.2
1808 silly placeDep ROOT json5@2.2.3 OK for: @babel/core@7.29.0 want: ^2.2.3
1809 silly fetch manifest js-tokens@^4.0.0
1810 silly packumentCache full:https://registry.npmjs.org/js-tokens cache-miss
1811 silly fetch manifest @babel/helper-validator-identifier@^7.28.5
1812 silly packumentCache full:https://registry.npmjs.org/@babel%2fhelper-validator-identifier cache-miss
1813 silly fetch manifest jsesc@^3.0.2
1814 silly packumentCache full:https://registry.npmjs.org/jsesc cache-miss
1815 silly fetch manifest lru-cache@^5.1.1
1816 silly packumentCache full:https://registry.npmjs.org/lru-cache cache-miss
1817 silly fetch manifest browserslist@^4.24.0
1818 silly packumentCache full:https://registry.npmjs.org/browserslist cache-miss
1819 silly fetch manifest @babel/compat-data@^7.28.6
1820 silly packumentCache full:https://registry.npmjs.org/@babel%2fcompat-data cache-miss
1821 silly fetch manifest @babel/helper-validator-option@^7.27.1
1822 silly packumentCache full:https://registry.npmjs.org/@babel%2fhelper-validator-option cache-miss
1823 http fetch GET 200 https://registry.npmjs.org/js-tokens 105ms (cache miss)
1824 silly packumentCache full:https://registry.npmjs.org/js-tokens set size:undefined disposed:false
1825 silly fetch manifest @babel/traverse@^7.28.6
1826 silly packumentCache full:https://registry.npmjs.org/@babel%2ftraverse cache-miss
1827 http fetch GET 200 https://registry.npmjs.org/@babel%2fhelper-validator-identifier 129ms (cache miss)
1828 silly packumentCache full:https://registry.npmjs.org/@babel%2fhelper-validator-identifier set size:undefined disposed:false
1829 silly fetch manifest @babel/helper-module-imports@^7.28.6
1830 silly packumentCache full:https://registry.npmjs.org/@babel%2fhelper-module-imports cache-miss
1831 http cache https://registry.npmjs.org/@babel%2ftraverse 53ms (cache hit)
1832 silly packumentCache full:https://registry.npmjs.org/@babel%2ftraverse set size:550946 disposed:false
1833 silly fetch manifest @babel/types@^7.28.6
1834 silly packumentCache full:https://registry.npmjs.org/@babel%2ftypes cache-miss
1835 http fetch GET 200 https://registry.npmjs.org/@babel%2fhelper-validator-option 186ms (cache miss)
1836 silly packumentCache full:https://registry.npmjs.org/@babel%2fhelper-validator-option set size:undefined disposed:false
1837 silly fetch manifest @babel/helper-globals@^7.28.0
1838 silly packumentCache full:https://registry.npmjs.org/@babel%2fhelper-globals cache-miss
1839 http fetch GET 200 https://registry.npmjs.org/jsesc 205ms (cache miss)
1840 silly packumentCache full:https://registry.npmjs.org/jsesc set size:undefined disposed:false
1841 silly fetch manifest @babel/helper-string-parser@^7.27.1
1842 silly packumentCache full:https://registry.npmjs.org/@babel%2fhelper-string-parser cache-miss
1843 http cache https://registry.npmjs.org/@babel%2ftypes 48ms (cache hit)
1844 silly packumentCache full:https://registry.npmjs.org/@babel%2ftypes set size:489931 disposed:false
1845 http fetch GET 200 https://registry.npmjs.org/lru-cache 242ms (cache miss)
1846 silly packumentCache full:https://registry.npmjs.org/lru-cache set size:undefined disposed:false
1847 http fetch GET 200 https://registry.npmjs.org/browserslist 290ms (cache miss)
1848 silly packumentCache full:https://registry.npmjs.org/browserslist set size:undefined disposed:false
1849 http fetch GET 200 https://registry.npmjs.org/@babel%2fhelper-module-imports 178ms (cache miss)
1850 silly packumentCache full:https://registry.npmjs.org/@babel%2fhelper-module-imports set size:undefined disposed:false
1851 http fetch GET 200 https://registry.npmjs.org/@babel%2fhelper-globals 139ms (cache miss)
1852 silly packumentCache full:https://registry.npmjs.org/@babel%2fhelper-globals set size:undefined disposed:false
1853 http fetch GET 200 https://registry.npmjs.org/@babel%2fhelper-string-parser 145ms (cache miss)
1854 silly packumentCache full:https://registry.npmjs.org/@babel%2fhelper-string-parser set size:undefined disposed:false
1855 http fetch GET 200 https://registry.npmjs.org/@babel%2fcompat-data 1135ms (cache miss)
1856 silly packumentCache full:https://registry.npmjs.org/@babel%2fcompat-data set size:undefined disposed:false
1857 silly placeDep ROOT @babel/helper-validator-identifier@7.28.5 OK for: @babel/code-frame@7.29.0 want: ^7.28.5
1858 silly placeDep ROOT js-tokens@4.0.0 OK for: @babel/code-frame@7.29.0 want: ^4.0.0
1859 silly placeDep ROOT picocolors@1.1.1 OK for: @babel/code-frame@7.29.0 want: ^1.1.1
1860 silly placeDep ROOT jsesc@3.1.0 OK for: @babel/generator@7.29.1 want: ^3.0.2
1861 silly placeDep ROOT @babel/compat-data@7.29.3 OK for: @babel/helper-compilation-targets@7.28.6 want: ^7.28.6
1862 silly placeDep ROOT @babel/helper-validator-option@7.27.1 OK for: @babel/helper-compilation-targets@7.28.6 want: ^7.27.1
1863 silly placeDep ROOT browserslist@4.28.2 OK for: @babel/helper-compilation-targets@7.28.6 want: ^4.24.0
1864 silly placeDep ROOT lru-cache@5.1.1 OK for: @babel/helper-compilation-targets@7.28.6 want: ^5.1.1
1865 silly fetch manifest baseline-browser-mapping@^2.10.12
1866 silly packumentCache full:https://registry.npmjs.org/baseline-browser-mapping cache-miss
1867 silly fetch manifest caniuse-lite@^1.0.30001782
1868 silly packumentCache full:https://registry.npmjs.org/caniuse-lite cache-miss
1869 silly fetch manifest electron-to-chromium@^1.5.328
1870 silly packumentCache full:https://registry.npmjs.org/electron-to-chromium cache-miss
1871 silly fetch manifest node-releases@^2.0.36
1872 silly packumentCache full:https://registry.npmjs.org/node-releases cache-miss
1873 silly fetch manifest update-browserslist-db@^1.2.3
1874 silly packumentCache full:https://registry.npmjs.org/update-browserslist-db cache-miss
1875 silly fetch manifest yallist@^3.0.2
1876 silly packumentCache full:https://registry.npmjs.org/yallist cache-miss
1877 http cache https://registry.npmjs.org/baseline-browser-mapping 72ms (cache hit)
1878 silly packumentCache full:https://registry.npmjs.org/baseline-browser-mapping set size:479134 disposed:false
1879 http cache https://registry.npmjs.org/caniuse-lite 89ms (cache hit)
1880 silly packumentCache full:https://registry.npmjs.org/caniuse-lite set size:2291079 disposed:false
1881 http fetch GET 200 https://registry.npmjs.org/yallist 146ms (cache miss)
1882 silly packumentCache full:https://registry.npmjs.org/yallist set size:undefined disposed:false
1883 http fetch GET 200 https://registry.npmjs.org/update-browserslist-db 153ms (cache miss)
1884 silly packumentCache full:https://registry.npmjs.org/update-browserslist-db set size:undefined disposed:false
1885 http fetch GET 200 https://registry.npmjs.org/node-releases 178ms (cache miss)
1886 silly packumentCache full:https://registry.npmjs.org/node-releases set size:undefined disposed:false
1887 http fetch GET 200 https://registry.npmjs.org/electron-to-chromium 891ms (cache miss)
1888 silly packumentCache full:https://registry.npmjs.org/electron-to-chromium set size:undefined disposed:false
1889 silly placeDep ROOT @babel/helper-module-imports@7.28.6 OK for: @babel/helper-module-transforms@7.28.6 want: ^7.28.6
1890 silly placeDep ROOT @babel/helper-globals@7.28.0 OK for: @babel/traverse@7.29.0 want: ^7.28.0
1891 silly placeDep ROOT @babel/helper-string-parser@7.27.1 OK for: @babel/types@7.29.0 want: ^7.27.1
1892 silly fetch manifest browserslist@>= 4.21.0
1893 silly packumentCache full:https://registry.npmjs.org/browserslist cache-miss
1894 http cache https://registry.npmjs.org/browserslist 14ms (cache hit)
1895 silly packumentCache full:https://registry.npmjs.org/browserslist set size:504681 disposed:false
1896 silly placeDep ROOT baseline-browser-mapping@2.10.29 OK for: browserslist@4.28.2 want: ^2.10.12
1897 silly placeDep ROOT caniuse-lite@1.0.30001792 OK for: browserslist@4.28.2 want: ^1.0.30001782
1898 silly placeDep ROOT electron-to-chromium@1.5.353 OK for: browserslist@4.28.2 want: ^1.5.328
1899 silly placeDep ROOT node-releases@2.0.38 OK for: browserslist@4.28.2 want: ^2.0.36
1900 silly placeDep ROOT update-browserslist-db@1.2.3 OK for: browserslist@4.28.2 want: ^1.2.3
1901 silly fetch manifest escalade@^3.2.0
1902 silly packumentCache full:https://registry.npmjs.org/escalade cache-miss
1903 http fetch GET 200 https://registry.npmjs.org/escalade 116ms (cache miss)
1904 silly packumentCache full:https://registry.npmjs.org/escalade set size:undefined disposed:false
1905 silly placeDep ROOT esrecurse@4.3.0 OK for: eslint-scope@8.4.0 want: ^4.3.0
1906 silly placeDep ROOT acorn@8.16.0 OK for: espree@10.4.0 want: ^8.15.0
1907 silly placeDep ROOT acorn-jsx@5.3.2 OK for: espree@10.4.0 want: ^5.3.2
1908 silly placeDep ROOT @nodelib/fs.stat@2.0.5 OK for: fast-glob@3.3.1 want: ^2.0.2
1909 silly placeDep ROOT @nodelib/fs.walk@1.2.8 OK for: fast-glob@3.3.1 want: ^1.2.3
1910 silly placeDep node_modules/fast-glob glob-parent@5.1.2 OK for: fast-glob@3.3.1 want: ^5.1.2
1911 silly placeDep ROOT merge2@1.4.1 OK for: fast-glob@3.3.1 want: ^1.3.0
1912 silly placeDep ROOT micromatch@4.0.8 OK for: fast-glob@3.3.1 want: ^4.0.4
1913 silly fetch manifest fastq@^1.6.0
1914 silly packumentCache full:https://registry.npmjs.org/fastq cache-miss
1915 silly fetch manifest @nodelib/fs.scandir@2.1.5
1916 silly packumentCache full:https://registry.npmjs.org/@nodelib%2ffs.scandir cache-miss
1917 silly fetch manifest braces@^3.0.3
1918 silly packumentCache full:https://registry.npmjs.org/braces cache-miss
1919 silly fetch manifest picomatch@^2.3.1
1920 silly packumentCache full:https://registry.npmjs.org/picomatch cache-miss
1921 http cache https://registry.npmjs.org/picomatch 67ms (cache hit)
1922 silly packumentCache full:https://registry.npmjs.org/picomatch set size:126376 disposed:false
1923 http fetch GET 200 https://registry.npmjs.org/braces 140ms (cache miss)
1924 silly packumentCache full:https://registry.npmjs.org/braces set size:undefined disposed:false
1925 http fetch GET 200 https://registry.npmjs.org/fastq 154ms (cache miss)
1926 silly packumentCache full:https://registry.npmjs.org/fastq set size:undefined disposed:false
1927 http fetch GET 200 https://registry.npmjs.org/@nodelib%2ffs.scandir 349ms (cache miss)
1928 silly packumentCache full:https://registry.npmjs.org/@nodelib%2ffs.scandir set size:undefined disposed:false
1929 silly placeDep ROOT @nodelib/fs.scandir@2.1.5 OK for: @nodelib/fs.walk@1.2.8 want: 2.1.5
1930 silly placeDep ROOT fastq@1.20.1 OK for: @nodelib/fs.walk@1.2.8 want: ^1.6.0
1931 silly fetch manifest run-parallel@^1.1.9
1932 silly packumentCache full:https://registry.npmjs.org/run-parallel cache-miss
1933 silly fetch manifest reusify@^1.0.4
1934 silly packumentCache full:https://registry.npmjs.org/reusify cache-miss
1935 http fetch GET 200 https://registry.npmjs.org/reusify 76ms (cache miss)
1936 silly packumentCache full:https://registry.npmjs.org/reusify set size:undefined disposed:false
1937 http fetch GET 200 https://registry.npmjs.org/run-parallel 90ms (cache miss)
1938 silly packumentCache full:https://registry.npmjs.org/run-parallel set size:undefined disposed:false
1939 silly placeDep ROOT run-parallel@1.2.0 OK for: @nodelib/fs.scandir@2.1.5 want: ^1.1.9
1940 silly fetch manifest queue-microtask@^1.2.2
1941 silly packumentCache full:https://registry.npmjs.org/queue-microtask cache-miss
1942 http fetch GET 200 https://registry.npmjs.org/queue-microtask 84ms (cache miss)
1943 silly packumentCache full:https://registry.npmjs.org/queue-microtask set size:undefined disposed:false
1944 silly placeDep ROOT reusify@1.1.0 OK for: fastq@1.20.1 want: ^1.0.4
1945 silly placeDep ROOT flat-cache@4.0.1 OK for: file-entry-cache@8.0.0 want: ^4.0.0
1946 silly fetch manifest keyv@^4.5.4
1947 silly packumentCache full:https://registry.npmjs.org/keyv cache-miss
1948 silly fetch manifest flatted@^3.2.9
1949 silly packumentCache full:https://registry.npmjs.org/flatted cache-miss
1950 http fetch GET 200 https://registry.npmjs.org/flatted 93ms (cache miss)
1951 silly packumentCache full:https://registry.npmjs.org/flatted set size:undefined disposed:false
1952 http fetch GET 200 https://registry.npmjs.org/keyv 107ms (cache miss)
1953 silly packumentCache full:https://registry.npmjs.org/keyv set size:undefined disposed:false
1954 silly placeDep ROOT locate-path@6.0.0 OK for: find-up@5.0.0 want: ^6.0.0
1955 silly placeDep ROOT path-exists@4.0.0 OK for: find-up@5.0.0 want: ^4.0.0
1956 silly fetch manifest p-locate@^5.0.0
1957 silly packumentCache full:https://registry.npmjs.org/p-locate cache-miss
1958 http fetch GET 200 https://registry.npmjs.org/p-locate 86ms (cache miss)
1959 silly packumentCache full:https://registry.npmjs.org/p-locate set size:undefined disposed:false
1960 silly placeDep ROOT flatted@3.4.2 OK for: flat-cache@4.0.1 want: ^3.2.9
1961 silly placeDep ROOT keyv@4.5.4 OK for: flat-cache@4.0.1 want: ^4.5.4
1962 silly fetch manifest json-buffer@3.0.1
1963 silly packumentCache full:https://registry.npmjs.org/json-buffer cache-miss
1964 http fetch GET 200 https://registry.npmjs.org/json-buffer 83ms (cache miss)
1965 silly packumentCache full:https://registry.npmjs.org/json-buffer set size:undefined disposed:false
1966 silly placeDep ROOT functions-have-names@1.2.3 OK for: function.prototype.name@1.1.8 want: ^1.2.3
1967 silly placeDep ROOT dunder-proto@1.0.1 OK for: get-proto@1.0.1 want: ^1.0.1
1968 silly placeDep ROOT resolve-pkg-maps@1.0.0 OK for: get-tsconfig@4.14.0 want: ^1.0.0
1969 silly placeDep ROOT hermes-estree@0.25.1 OK for: hermes-parser@0.25.1 want: 0.25.1
1970 silly placeDep ROOT parent-module@1.0.1 OK for: import-fresh@3.3.1 want: ^1.0.0
1971 silly placeDep ROOT resolve-from@4.0.0 OK for: import-fresh@3.3.1 want: ^4.0.0
1972 silly fetch manifest callsites@^3.0.0
1973 silly packumentCache full:https://registry.npmjs.org/callsites cache-miss
1974 http fetch GET 200 https://registry.npmjs.org/callsites 81ms (cache miss)
1975 silly packumentCache full:https://registry.npmjs.org/callsites set size:undefined disposed:false
1976 silly placeDep ROOT side-channel@1.1.0 OK for: internal-slot@1.1.0 want: ^1.1.0
1977 silly fetch manifest side-channel-list@^1.0.0
1978 silly packumentCache full:https://registry.npmjs.org/side-channel-list cache-miss
1979 silly fetch manifest side-channel-map@^1.0.1
1980 silly packumentCache full:https://registry.npmjs.org/side-channel-map cache-miss
1981 silly fetch manifest side-channel-weakmap@^1.0.2
1982 silly packumentCache full:https://registry.npmjs.org/side-channel-weakmap cache-miss
1983 http fetch GET 200 https://registry.npmjs.org/side-channel-list 84ms (cache miss)
1984 silly packumentCache full:https://registry.npmjs.org/side-channel-list set size:undefined disposed:false
1985 http fetch GET 200 https://registry.npmjs.org/side-channel-map 88ms (cache miss)
1986 silly packumentCache full:https://registry.npmjs.org/side-channel-map set size:undefined disposed:false
1987 http fetch GET 200 https://registry.npmjs.org/side-channel-weakmap 94ms (cache miss)
1988 silly packumentCache full:https://registry.npmjs.org/side-channel-weakmap set size:undefined disposed:false
1989 silly placeDep node_modules/is-bun-module semver@7.8.0 OK for: is-bun-module@2.0.0 want: ^7.7.1
1990 silly placeDep ROOT is-extglob@2.1.1 OK for: is-glob@4.0.3 want: ^2.1.1
1991 silly placeDep ROOT set-function-name@2.0.2 OK for: iterator.prototype@1.1.5 want: ^2.0.2
1992 silly placeDep ROOT argparse@2.0.1 OK for: js-yaml@4.1.1 want: ^2.0.1
1993 silly placeDep ROOT json-buffer@3.0.1 OK for: keyv@4.5.4 want: 3.0.1
1994 silly placeDep ROOT language-subtag-registry@0.3.23 OK for: language-tags@1.0.9 want: ^0.3.20
1995 silly placeDep ROOT prelude-ls@1.2.1 OK for: levn@0.4.1 want: ^1.2.1
1996 silly placeDep ROOT type-check@0.4.0 OK for: levn@0.4.1 want: ~0.4.0
1997 silly placeDep ROOT detect-libc@2.1.2 OK for: lightningcss@1.32.0 want: ^2.0.3
1998 silly placeDep ROOT lightningcss-android-arm64@1.32.0 OK for: lightningcss@1.32.0 want: 1.32.0
1999 silly placeDep ROOT lightningcss-darwin-arm64@1.32.0 OK for: lightningcss@1.32.0 want: 1.32.0
2000 silly placeDep ROOT lightningcss-darwin-x64@1.32.0 OK for: lightningcss@1.32.0 want: 1.32.0
2001 silly placeDep ROOT lightningcss-freebsd-x64@1.32.0 OK for: lightningcss@1.32.0 want: 1.32.0
2002 silly placeDep ROOT lightningcss-linux-arm-gnueabihf@1.32.0 OK for: lightningcss@1.32.0 want: 1.32.0
2003 silly placeDep ROOT lightningcss-linux-arm64-gnu@1.32.0 OK for: lightningcss@1.32.0 want: 1.32.0
2004 silly placeDep ROOT lightningcss-linux-arm64-musl@1.32.0 OK for: lightningcss@1.32.0 want: 1.32.0
2005 silly placeDep ROOT lightningcss-linux-x64-gnu@1.32.0 OK for: lightningcss@1.32.0 want: 1.32.0
2006 silly placeDep ROOT lightningcss-linux-x64-musl@1.32.0 OK for: lightningcss@1.32.0 want: 1.32.0
2007 silly placeDep ROOT lightningcss-win32-arm64-msvc@1.32.0 OK for: lightningcss@1.32.0 want: 1.32.0
2008 silly placeDep ROOT lightningcss-win32-x64-msvc@1.32.0 OK for: lightningcss@1.32.0 want: 1.32.0
2009 silly placeDep ROOT p-locate@5.0.0 OK for: locate-path@6.0.0 want: ^5.0.0
2010 silly fetch manifest p-limit@^3.0.2
2011 silly packumentCache full:https://registry.npmjs.org/p-limit cache-miss
2012 http fetch GET 200 https://registry.npmjs.org/p-limit 101ms (cache miss)
2013 silly packumentCache full:https://registry.npmjs.org/p-limit set size:undefined disposed:false
2014 silly placeDep ROOT yallist@3.1.1 OK for: lru-cache@5.1.1 want: ^3.0.2
2015 silly placeDep ROOT braces@3.0.3 OK for: micromatch@4.0.8 want: ^3.0.3
2016 silly placeDep ROOT picomatch@2.3.2 OK for: micromatch@4.0.8 want: ^2.3.1
2017 silly fetch manifest fill-range@^7.1.1
2018 silly packumentCache full:https://registry.npmjs.org/fill-range cache-miss
2019 http fetch GET 200 https://registry.npmjs.org/fill-range 62ms (cache miss)
2020 silly packumentCache full:https://registry.npmjs.org/fill-range set size:undefined disposed:false
2021 silly placeDep ROOT fill-range@7.1.1 OK for: braces@3.0.3 want: ^7.1.1
2022 silly fetch manifest to-regex-range@^5.0.1
2023 silly packumentCache full:https://registry.npmjs.org/to-regex-range cache-miss
2024 http fetch GET 200 https://registry.npmjs.org/to-regex-range 83ms (cache miss)
2025 silly packumentCache full:https://registry.npmjs.org/to-regex-range set size:undefined disposed:false
2026 silly placeDep ROOT to-regex-range@5.0.1 OK for: fill-range@7.1.1 want: ^5.0.1
2027 silly fetch manifest is-number@^7.0.0
2028 silly packumentCache full:https://registry.npmjs.org/is-number cache-miss
2029 http fetch GET 200 https://registry.npmjs.org/is-number 68ms (cache miss)
2030 silly packumentCache full:https://registry.npmjs.org/is-number set size:undefined disposed:false
2031 silly placeDep ROOT brace-expansion@1.1.14 OK for: minimatch@3.1.5 want: ^1.1.7
2032 silly fetch manifest concat-map@0.0.1
2033 silly packumentCache full:https://registry.npmjs.org/concat-map cache-miss
2034 silly fetch manifest balanced-match@^1.0.0
2035 silly packumentCache full:https://registry.npmjs.org/balanced-match cache-miss
2036 http fetch GET 200 https://registry.npmjs.org/balanced-match 61ms (cache miss)
2037 silly packumentCache full:https://registry.npmjs.org/balanced-match set size:undefined disposed:false
2038 http fetch GET 200 https://registry.npmjs.org/concat-map 71ms (cache miss)
2039 silly packumentCache full:https://registry.npmjs.org/concat-map set size:undefined disposed:false
2040 silly placeDep ROOT balanced-match@1.0.2 OK for: brace-expansion@1.1.14 want: ^1.0.0
2041 silly placeDep ROOT concat-map@0.0.1 OK for: brace-expansion@1.1.14 want: 0.0.1
2042 silly fetch manifest react@^18.2.0 || 19.0.0-rc-de68d2f4-20241204 || ^19.0.0
2043 silly packumentCache full:https://registry.npmjs.org/react cache-miss
2044 http cache https://registry.npmjs.org/react 42ms (cache hit)
2045 silly packumentCache full:https://registry.npmjs.org/react set size:6650647 disposed:false
2046 silly placeDep ROOT @next/env@16.2.6 OK for: next@16.2.6 want: 16.2.6
2047 silly placeDep ROOT @next/swc-darwin-arm64@16.2.6 OK for: next@16.2.6 want: 16.2.6
2048 silly placeDep ROOT @next/swc-darwin-x64@16.2.6 OK for: next@16.2.6 want: 16.2.6
2049 silly placeDep ROOT @next/swc-linux-arm64-gnu@16.2.6 OK for: next@16.2.6 want: 16.2.6
2050 silly placeDep ROOT @next/swc-linux-arm64-musl@16.2.6 OK for: next@16.2.6 want: 16.2.6
2051 silly placeDep ROOT @next/swc-linux-x64-gnu@16.2.6 OK for: next@16.2.6 want: 16.2.6
2052 silly placeDep ROOT @next/swc-linux-x64-musl@16.2.6 OK for: next@16.2.6 want: 16.2.6
2053 silly placeDep ROOT @next/swc-win32-arm64-msvc@16.2.6 OK for: next@16.2.6 want: 16.2.6
2054 silly placeDep ROOT @next/swc-win32-x64-msvc@16.2.6 OK for: next@16.2.6 want: 16.2.6
2055 silly placeDep ROOT @swc/helpers@0.5.15 OK for: next@16.2.6 want: 0.5.15
2056 silly placeDep node_modules/next postcss@8.4.31 OK for: next@16.2.6 want: 8.4.31
2057 silly placeDep ROOT sharp@0.34.5 OK for: next@16.2.6 want: ^0.34.5
2058 silly placeDep ROOT styled-jsx@5.1.6 OK for: next@16.2.6 want: 5.1.6
2059 silly fetch manifest tslib@^2.8.0
2060 silly packumentCache full:https://registry.npmjs.org/tslib cache-miss
2061 silly fetch manifest nanoid@^3.3.6
2062 silly packumentCache full:https://registry.npmjs.org/nanoid cache-miss
2063 silly fetch manifest semver@^7.7.3
2064 silly packumentCache full:https://registry.npmjs.org/semver cache-hit
2065 silly fetch manifest @img/colour@^1.0.0
2066 silly packumentCache full:https://registry.npmjs.org/@img%2fcolour cache-miss
2067 silly fetch manifest @img/sharp-wasm32@0.34.5
2068 silly packumentCache full:https://registry.npmjs.org/@img%2fsharp-wasm32 cache-miss
2069 silly fetch manifest @img/sharp-linux-arm@0.34.5
2070 silly packumentCache full:https://registry.npmjs.org/@img%2fsharp-linux-arm cache-miss
2071 silly fetch manifest @img/sharp-linux-x64@0.34.5
2072 silly packumentCache full:https://registry.npmjs.org/@img%2fsharp-linux-x64 cache-miss
2073 silly fetch manifest @img/sharp-win32-x64@0.34.5
2074 silly packumentCache full:https://registry.npmjs.org/@img%2fsharp-win32-x64 cache-miss
2075 http cache https://registry.npmjs.org/nanoid 41ms (cache hit)
2076 silly packumentCache full:https://registry.npmjs.org/nanoid set size:310559 disposed:false
2077 silly fetch manifest @img/sharp-darwin-x64@0.34.5
2078 silly packumentCache full:https://registry.npmjs.org/@img%2fsharp-darwin-x64 cache-miss
2079 http fetch GET 200 https://registry.npmjs.org/tslib 87ms (cache miss)
2080 silly packumentCache full:https://registry.npmjs.org/tslib set size:undefined disposed:false
2081 silly fetch manifest @img/sharp-win32-ia32@0.34.5
2082 silly packumentCache full:https://registry.npmjs.org/@img%2fsharp-win32-ia32 cache-miss
2083 http fetch GET 200 https://registry.npmjs.org/@img%2fsharp-win32-x64 111ms (cache miss)
2084 silly packumentCache full:https://registry.npmjs.org/@img%2fsharp-win32-x64 set size:undefined disposed:false
2085 silly fetch manifest @img/sharp-linux-arm64@0.34.5
2086 silly packumentCache full:https://registry.npmjs.org/@img%2fsharp-linux-arm64 cache-miss
2087 http fetch GET 200 https://registry.npmjs.org/@img%2fsharp-linux-x64 123ms (cache miss)
2088 silly packumentCache full:https://registry.npmjs.org/@img%2fsharp-linux-x64 set size:undefined disposed:false
2089 silly fetch manifest @img/sharp-linux-ppc64@0.34.5
2090 silly packumentCache full:https://registry.npmjs.org/@img%2fsharp-linux-ppc64 cache-miss
2091 http fetch GET 200 https://registry.npmjs.org/@img%2fcolour 138ms (cache miss)
2092 silly packumentCache full:https://registry.npmjs.org/@img%2fcolour set size:undefined disposed:false
2093 silly fetch manifest @img/sharp-linux-s390x@0.34.5
2094 silly packumentCache full:https://registry.npmjs.org/@img%2fsharp-linux-s390x cache-miss
2095 http fetch GET 200 https://registry.npmjs.org/@img%2fsharp-wasm32 144ms (cache miss)
2096 silly packumentCache full:https://registry.npmjs.org/@img%2fsharp-wasm32 set size:undefined disposed:false
2097 silly fetch manifest @img/sharp-win32-arm64@0.34.5
2098 silly packumentCache full:https://registry.npmjs.org/@img%2fsharp-win32-arm64 cache-miss
2099 http fetch GET 200 https://registry.npmjs.org/@img%2fsharp-win32-ia32 108ms (cache miss)
2100 silly packumentCache full:https://registry.npmjs.org/@img%2fsharp-win32-ia32 set size:undefined disposed:false
2101 silly fetch manifest @img/sharp-darwin-arm64@0.34.5
2102 silly packumentCache full:https://registry.npmjs.org/@img%2fsharp-darwin-arm64 cache-miss
2103 http fetch GET 200 https://registry.npmjs.org/@img%2fsharp-linux-arm64 103ms (cache miss)
2104 silly packumentCache full:https://registry.npmjs.org/@img%2fsharp-linux-arm64 set size:undefined disposed:false
2105 silly fetch manifest @img/sharp-linux-riscv64@0.34.5
2106 silly packumentCache full:https://registry.npmjs.org/@img%2fsharp-linux-riscv64 cache-miss
2107 http fetch GET 200 https://registry.npmjs.org/@img%2fsharp-win32-arm64 89ms (cache miss)
2108 silly packumentCache full:https://registry.npmjs.org/@img%2fsharp-win32-arm64 set size:undefined disposed:false
2109 silly fetch manifest @img/sharp-linuxmusl-x64@0.34.5
2110 silly packumentCache full:https://registry.npmjs.org/@img%2fsharp-linuxmusl-x64 cache-miss
2111 http fetch GET 200 https://registry.npmjs.org/@img%2fsharp-linux-s390x 102ms (cache miss)
2112 silly packumentCache full:https://registry.npmjs.org/@img%2fsharp-linux-s390x set size:undefined disposed:false
2113 silly fetch manifest @img/sharp-linuxmusl-arm64@0.34.5
2114 silly packumentCache full:https://registry.npmjs.org/@img%2fsharp-linuxmusl-arm64 cache-miss
2115 http fetch GET 200 https://registry.npmjs.org/@img%2fsharp-darwin-x64 229ms (cache miss)
2116 silly packumentCache full:https://registry.npmjs.org/@img%2fsharp-darwin-x64 set size:undefined disposed:false
2117 silly fetch manifest @img/sharp-libvips-linux-arm@1.2.4
2118 silly packumentCache full:https://registry.npmjs.org/@img%2fsharp-libvips-linux-arm cache-miss
2119 http fetch GET 200 https://registry.npmjs.org/@img%2fsharp-darwin-arm64 86ms (cache miss)
2120 silly packumentCache full:https://registry.npmjs.org/@img%2fsharp-darwin-arm64 set size:undefined disposed:false
2121 silly fetch manifest @img/sharp-libvips-linux-x64@1.2.4
2122 silly packumentCache full:https://registry.npmjs.org/@img%2fsharp-libvips-linux-x64 cache-miss
2123 http fetch GET 200 https://registry.npmjs.org/@img%2fsharp-linuxmusl-arm64 93ms (cache miss)
2124 silly packumentCache full:https://registry.npmjs.org/@img%2fsharp-linuxmusl-arm64 set size:undefined disposed:false
2125 silly fetch manifest @img/sharp-libvips-darwin-x64@1.2.4
2126 silly packumentCache full:https://registry.npmjs.org/@img%2fsharp-libvips-darwin-x64 cache-miss
2127 http fetch GET 200 https://registry.npmjs.org/@img%2fsharp-libvips-linux-arm 115ms (cache miss)
2128 silly packumentCache full:https://registry.npmjs.org/@img%2fsharp-libvips-linux-arm set size:undefined disposed:false
2129 silly fetch manifest @img/sharp-libvips-linux-arm64@1.2.4
2130 silly packumentCache full:https://registry.npmjs.org/@img%2fsharp-libvips-linux-arm64 cache-miss
2131 http fetch GET 200 https://registry.npmjs.org/@img%2fsharp-libvips-linux-x64 116ms (cache miss)
2132 silly packumentCache full:https://registry.npmjs.org/@img%2fsharp-libvips-linux-x64 set size:undefined disposed:false
2133 silly fetch manifest @img/sharp-libvips-linux-ppc64@1.2.4
2134 silly packumentCache full:https://registry.npmjs.org/@img%2fsharp-libvips-linux-ppc64 cache-miss
2135 http fetch GET 200 https://registry.npmjs.org/@img%2fsharp-linux-arm 423ms (cache miss)
2136 silly packumentCache full:https://registry.npmjs.org/@img%2fsharp-linux-arm set size:undefined disposed:false
2137 silly fetch manifest @img/sharp-libvips-linux-s390x@1.2.4
2138 silly packumentCache full:https://registry.npmjs.org/@img%2fsharp-libvips-linux-s390x cache-miss
2139 http fetch GET 200 https://registry.npmjs.org/@img%2fsharp-libvips-darwin-x64 111ms (cache miss)
2140 silly packumentCache full:https://registry.npmjs.org/@img%2fsharp-libvips-darwin-x64 set size:undefined disposed:false
2141 silly fetch manifest @img/sharp-libvips-darwin-arm64@1.2.4
2142 silly packumentCache full:https://registry.npmjs.org/@img%2fsharp-libvips-darwin-arm64 cache-miss
2143 http fetch GET 200 https://registry.npmjs.org/@img%2fsharp-libvips-linux-arm64 102ms (cache miss)
2144 silly packumentCache full:https://registry.npmjs.org/@img%2fsharp-libvips-linux-arm64 set size:undefined disposed:false
2145 silly fetch manifest @img/sharp-libvips-linux-riscv64@1.2.4
2146 silly packumentCache full:https://registry.npmjs.org/@img%2fsharp-libvips-linux-riscv64 cache-miss
2147 http fetch GET 200 https://registry.npmjs.org/@img%2fsharp-libvips-linux-ppc64 109ms (cache miss)
2148 silly packumentCache full:https://registry.npmjs.org/@img%2fsharp-libvips-linux-ppc64 set size:undefined disposed:false
2149 silly fetch manifest @img/sharp-libvips-linuxmusl-x64@1.2.4
2150 silly packumentCache full:https://registry.npmjs.org/@img%2fsharp-libvips-linuxmusl-x64 cache-miss
2151 http fetch GET 200 https://registry.npmjs.org/@img%2fsharp-linux-ppc64 404ms (cache miss)
2152 silly packumentCache full:https://registry.npmjs.org/@img%2fsharp-linux-ppc64 set size:undefined disposed:false
2153 silly fetch manifest @img/sharp-libvips-linuxmusl-arm64@1.2.4
2154 silly packumentCache full:https://registry.npmjs.org/@img%2fsharp-libvips-linuxmusl-arm64 cache-miss
2155 http fetch GET 200 https://registry.npmjs.org/@img%2fsharp-libvips-darwin-arm64 106ms (cache miss)
2156 silly packumentCache full:https://registry.npmjs.org/@img%2fsharp-libvips-darwin-arm64 set size:undefined disposed:false
2157 silly fetch manifest client-only@0.0.1
2158 silly packumentCache full:https://registry.npmjs.org/client-only cache-miss
2159 http fetch GET 200 https://registry.npmjs.org/@img%2fsharp-linux-riscv64 382ms (cache miss)
2160 silly packumentCache full:https://registry.npmjs.org/@img%2fsharp-linux-riscv64 set size:undefined disposed:false
2161 http fetch GET 200 https://registry.npmjs.org/@img%2fsharp-libvips-linux-riscv64 120ms (cache miss)
2162 silly packumentCache full:https://registry.npmjs.org/@img%2fsharp-libvips-linux-riscv64 set size:undefined disposed:false
2163 http fetch GET 200 https://registry.npmjs.org/@img%2fsharp-libvips-linuxmusl-x64 108ms (cache miss)
2164 silly packumentCache full:https://registry.npmjs.org/@img%2fsharp-libvips-linuxmusl-x64 set size:undefined disposed:false
2165 http fetch GET 200 https://registry.npmjs.org/@img%2fsharp-linuxmusl-x64 399ms (cache miss)
2166 silly packumentCache full:https://registry.npmjs.org/@img%2fsharp-linuxmusl-x64 set size:undefined disposed:false
2167 http fetch GET 200 https://registry.npmjs.org/client-only 84ms (cache miss)
2168 silly packumentCache full:https://registry.npmjs.org/client-only set size:undefined disposed:false
2169 http fetch GET 200 https://registry.npmjs.org/@img%2fsharp-libvips-linuxmusl-arm64 385ms (cache miss)
2170 silly packumentCache full:https://registry.npmjs.org/@img%2fsharp-libvips-linuxmusl-arm64 set size:undefined disposed:false
2171 http fetch GET 200 https://registry.npmjs.org/@img%2fsharp-libvips-linux-s390x 561ms (cache miss)
2172 silly packumentCache full:https://registry.npmjs.org/@img%2fsharp-libvips-linux-s390x set size:undefined disposed:false
2173 silly placeDep ROOT tslib@2.8.1 OK for: @swc/helpers@0.5.15 want: ^2.8.0
2174 silly placeDep ROOT deep-is@0.1.4 OK for: optionator@0.9.4 want: ^0.1.3
2175 silly placeDep ROOT fast-levenshtein@2.0.6 OK for: optionator@0.9.4 want: ^2.0.6
2176 silly placeDep ROOT word-wrap@1.2.5 OK for: optionator@0.9.4 want: ^1.2.5
2177 silly placeDep ROOT p-limit@3.1.0 OK for: p-locate@5.0.0 want: ^3.0.2
2178 silly fetch manifest yocto-queue@^0.1.0
2179 silly packumentCache full:https://registry.npmjs.org/yocto-queue cache-miss
2180 http fetch GET 200 https://registry.npmjs.org/yocto-queue 111ms (cache miss)
2181 silly packumentCache full:https://registry.npmjs.org/yocto-queue set size:undefined disposed:false
2182 silly placeDep ROOT yocto-queue@0.1.0 OK for: p-limit@3.1.0 want: ^0.1.0
2183 silly placeDep ROOT callsites@3.1.0 OK for: parent-module@1.0.1 want: ^3.0.0
2184 silly placeDep ROOT nanoid@3.3.12 OK for: postcss@8.5.14 want: ^3.3.11
2185 silly placeDep ROOT loose-envify@1.4.0 OK for: prop-types@15.8.1 want: ^1.4.0
2186 silly placeDep ROOT object-assign@4.1.1 OK for: prop-types@15.8.1 want: ^4.1.1
2187 silly placeDep ROOT react-is@16.13.1 OK for: prop-types@15.8.1 want: ^16.13.1
2188 silly placeDep ROOT scheduler@0.27.0 OK for: react-dom@19.2.4 want: ^0.27.0
2189 silly placeDep ROOT node-exports-info@1.6.0 OK for: resolve@2.0.0-next.6 want: ^1.6.0
2190 silly placeDep ROOT path-parse@1.0.7 OK for: resolve@2.0.0-next.6 want: ^1.0.7
2191 silly placeDep ROOT supports-preserve-symlinks-flag@1.0.0 OK for: resolve@2.0.0-next.6 want: ^1.0.0
2192 silly placeDep ROOT queue-microtask@1.2.3 OK for: run-parallel@1.2.0 want: ^1.2.2
2193 silly placeDep ROOT isarray@2.0.5 OK for: safe-array-concat@1.1.4 want: ^2.0.5
2194 silly placeDep ROOT @img/colour@1.1.0 OK for: sharp@0.34.5 want: ^1.0.0
2195 silly placeDep ROOT @img/sharp-darwin-arm64@0.34.5 OK for: sharp@0.34.5 want: 0.34.5
2196 silly placeDep ROOT @img/sharp-darwin-x64@0.34.5 OK for: sharp@0.34.5 want: 0.34.5
2197 silly placeDep ROOT @img/sharp-libvips-darwin-arm64@1.2.4 OK for: sharp@0.34.5 want: 1.2.4
2198 silly placeDep ROOT @img/sharp-libvips-darwin-x64@1.2.4 OK for: sharp@0.34.5 want: 1.2.4
2199 silly placeDep ROOT @img/sharp-libvips-linux-arm@1.2.4 OK for: sharp@0.34.5 want: 1.2.4
2200 silly placeDep ROOT @img/sharp-libvips-linux-arm64@1.2.4 OK for: sharp@0.34.5 want: 1.2.4
2201 silly placeDep ROOT @img/sharp-libvips-linux-ppc64@1.2.4 OK for: sharp@0.34.5 want: 1.2.4
2202 silly placeDep ROOT @img/sharp-libvips-linux-riscv64@1.2.4 OK for: sharp@0.34.5 want: 1.2.4
2203 silly placeDep ROOT @img/sharp-libvips-linux-s390x@1.2.4 OK for: sharp@0.34.5 want: 1.2.4
2204 silly placeDep ROOT @img/sharp-libvips-linux-x64@1.2.4 OK for: sharp@0.34.5 want: 1.2.4
2205 silly placeDep ROOT @img/sharp-libvips-linuxmusl-arm64@1.2.4 OK for: sharp@0.34.5 want: 1.2.4
2206 silly placeDep ROOT @img/sharp-libvips-linuxmusl-x64@1.2.4 OK for: sharp@0.34.5 want: 1.2.4
2207 silly placeDep ROOT @img/sharp-linux-arm@0.34.5 OK for: sharp@0.34.5 want: 0.34.5
2208 silly placeDep ROOT @img/sharp-linux-arm64@0.34.5 OK for: sharp@0.34.5 want: 0.34.5
2209 silly placeDep ROOT @img/sharp-linux-ppc64@0.34.5 OK for: sharp@0.34.5 want: 0.34.5
2210 silly placeDep ROOT @img/sharp-linux-riscv64@0.34.5 OK for: sharp@0.34.5 want: 0.34.5
2211 silly placeDep ROOT @img/sharp-linux-s390x@0.34.5 OK for: sharp@0.34.5 want: 0.34.5
2212 silly placeDep ROOT @img/sharp-linux-x64@0.34.5 OK for: sharp@0.34.5 want: 0.34.5
2213 silly placeDep ROOT @img/sharp-linuxmusl-arm64@0.34.5 OK for: sharp@0.34.5 want: 0.34.5
2214 silly placeDep ROOT @img/sharp-linuxmusl-x64@0.34.5 OK for: sharp@0.34.5 want: 0.34.5
2215 silly placeDep ROOT @img/sharp-wasm32@0.34.5 OK for: sharp@0.34.5 want: 0.34.5
2216 silly placeDep ROOT @img/sharp-win32-arm64@0.34.5 OK for: sharp@0.34.5 want: 0.34.5
2217 silly placeDep ROOT @img/sharp-win32-ia32@0.34.5 OK for: sharp@0.34.5 want: 0.34.5
2218 silly placeDep ROOT @img/sharp-win32-x64@0.34.5 OK for: sharp@0.34.5 want: 0.34.5
2219 silly placeDep node_modules/sharp semver@7.8.0 OK for: sharp@0.34.5 want: ^7.7.3
2220 silly fetch manifest @emnapi/runtime@^1.7.0
2221 silly packumentCache full:https://registry.npmjs.org/@emnapi%2fruntime cache-miss
2222 http fetch GET 200 https://registry.npmjs.org/@emnapi%2fruntime 97ms (cache miss)
2223 silly packumentCache full:https://registry.npmjs.org/@emnapi%2fruntime set size:undefined disposed:false
2224 silly placeDep ROOT @emnapi/runtime@1.10.0 OK for: @img/sharp-wasm32@0.34.5 want: ^1.7.0
2225 silly placeDep ROOT shebang-regex@3.0.0 OK for: shebang-command@2.0.0 want: ^3.0.0
2226 silly placeDep ROOT side-channel-list@1.0.1 OK for: side-channel@1.1.0 want: ^1.0.0
2227 silly placeDep ROOT side-channel-map@1.0.1 OK for: side-channel@1.1.0 want: ^1.0.1
2228 silly placeDep ROOT side-channel-weakmap@1.0.2 OK for: side-channel@1.1.0 want: ^1.0.2
2229 silly placeDep ROOT client-only@0.0.1 OK for: styled-jsx@5.1.6 want: 0.0.1
2230 silly placeDep ROOT has-flag@4.0.0 OK for: supports-color@7.2.0 want: ^4.0.0
2231 silly placeDep node_modules/tinyglobby fdir@6.5.0 OK for: tinyglobby@0.2.16 want: ^6.5.0
2232 silly placeDep node_modules/tinyglobby picomatch@4.0.4 OK for: fdir@6.5.0 want: ^3 || ^4
2233 silly placeDep ROOT is-number@7.0.0 OK for: to-regex-range@5.0.1 want: ^7.0.0
2234 silly placeDep ROOT @types/json5@0.0.29 OK for: tsconfig-paths@3.15.0 want: ^0.0.29
2235 silly placeDep node_modules/tsconfig-paths json5@1.0.2 OK for: tsconfig-paths@3.15.0 want: ^1.0.2
2236 silly placeDep ROOT minimist@1.2.8 OK for: tsconfig-paths@3.15.0 want: ^1.2.6
2237 silly placeDep ROOT strip-bom@3.0.0 OK for: tsconfig-paths@3.15.0 want: ^3.0.0
2238 silly fetch manifest minimist@^1.2.0
2239 silly packumentCache full:https://registry.npmjs.org/minimist cache-miss
2240 http cache https://registry.npmjs.org/minimist 20ms (cache hit)
2241 silly packumentCache full:https://registry.npmjs.org/minimist set size:77063 disposed:false
2242 silly placeDep ROOT for-each@0.3.5 OK for: typed-array-byte-length@1.0.3 want: ^0.3.3
2243 silly placeDep ROOT reflect.getprototypeof@1.0.10 OK for: typed-array-byte-offset@1.0.4 want: ^1.0.9
2244 silly fetch manifest which-builtin-type@^1.2.1
2245 silly packumentCache full:https://registry.npmjs.org/which-builtin-type cache-miss
2246 http fetch GET 200 https://registry.npmjs.org/which-builtin-type 71ms (cache miss)
2247 silly packumentCache full:https://registry.npmjs.org/which-builtin-type set size:undefined disposed:false
2248 silly placeDep ROOT which-builtin-type@1.2.1 OK for: reflect.getprototypeof@1.0.10 want: ^1.2.1
2249 silly fetch manifest is-async-function@^2.0.0
2250 silly packumentCache full:https://registry.npmjs.org/is-async-function cache-miss
2251 silly fetch manifest is-finalizationregistry@^1.1.0
2252 silly packumentCache full:https://registry.npmjs.org/is-finalizationregistry cache-miss
2253 silly fetch manifest is-generator-function@^1.0.10
2254 silly packumentCache full:https://registry.npmjs.org/is-generator-function cache-miss
2255 silly fetch manifest which-boxed-primitive@^1.1.0
2256 silly packumentCache full:https://registry.npmjs.org/which-boxed-primitive cache-miss
2257 silly fetch manifest which-collection@^1.0.2
2258 silly packumentCache full:https://registry.npmjs.org/which-collection cache-miss
2259 http cache https://registry.npmjs.org/which-boxed-primitive 19ms (cache hit)
2260 silly packumentCache full:https://registry.npmjs.org/which-boxed-primitive set size:19407 disposed:false
2261 http fetch GET 200 https://registry.npmjs.org/is-finalizationregistry 68ms (cache miss)
2262 silly packumentCache full:https://registry.npmjs.org/is-finalizationregistry set size:undefined disposed:false
2263 http fetch GET 200 https://registry.npmjs.org/is-generator-function 358ms (cache miss)
2264 silly packumentCache full:https://registry.npmjs.org/is-generator-function set size:undefined disposed:false
2265 http fetch GET 200 https://registry.npmjs.org/is-async-function 365ms (cache miss)
2266 silly packumentCache full:https://registry.npmjs.org/is-async-function set size:undefined disposed:false
2267 http fetch GET 200 https://registry.npmjs.org/which-collection 368ms (cache miss)
2268 silly packumentCache full:https://registry.npmjs.org/which-collection set size:undefined disposed:false
2269 silly fetch manifest eslint@^8.57.0 || ^9.0.0 || ^10.0.0
2270 silly packumentCache full:https://registry.npmjs.org/eslint cache-miss
2271 http cache https://registry.npmjs.org/eslint 23ms (cache hit)
2272 silly packumentCache full:https://registry.npmjs.org/eslint set size:1990528 disposed:false
2273 silly fetch manifest typescript@>=4.8.4 <6.1.0
2274 silly packumentCache full:https://registry.npmjs.org/typescript cache-miss
2275 http cache https://registry.npmjs.org/typescript 112ms (cache hit)
2276 silly packumentCache full:https://registry.npmjs.org/typescript set size:15409943 disposed:false
2277 silly placeDep ROOT @typescript-eslint/eslint-plugin@8.59.2 OK for: typescript-eslint@8.59.2 want: 8.59.2
2278 silly placeDep ROOT @typescript-eslint/parser@8.59.2 OK for: @typescript-eslint/eslint-plugin@8.59.2 want: ^8.59.2
2279 silly placeDep ROOT @typescript-eslint/typescript-estree@8.59.2 OK for: typescript-eslint@8.59.2 want: 8.59.2
2280 silly placeDep ROOT @typescript-eslint/utils@8.59.2 OK for: typescript-eslint@8.59.2 want: 8.59.2
2281 silly fetch manifest ignore@^7.0.5
2282 silly packumentCache full:https://registry.npmjs.org/ignore cache-miss
2283 silly fetch manifest ts-api-utils@^2.5.0
2284 silly packumentCache full:https://registry.npmjs.org/ts-api-utils cache-miss
2285 silly fetch manifest @typescript-eslint/type-utils@8.59.2
2286 silly packumentCache full:https://registry.npmjs.org/@typescript-eslint%2ftype-utils cache-miss
2287 silly fetch manifest @typescript-eslint/visitor-keys@8.59.2
2288 silly packumentCache full:https://registry.npmjs.org/@typescript-eslint%2fvisitor-keys cache-miss
2289 silly fetch manifest @typescript-eslint/scope-manager@8.59.2
2290 silly packumentCache full:https://registry.npmjs.org/@typescript-eslint%2fscope-manager cache-miss
2291 silly fetch manifest @typescript-eslint/types@8.59.2
2292 silly packumentCache full:https://registry.npmjs.org/@typescript-eslint%2ftypes cache-miss
2293 silly fetch manifest @typescript-eslint/visitor-keys@8.59.2
2294 silly packumentCache full:https://registry.npmjs.org/@typescript-eslint%2fvisitor-keys cache-miss
2295 http cache https://registry.npmjs.org/ignore 22ms (cache hit)
2296 silly packumentCache full:https://registry.npmjs.org/ignore set size:237380 disposed:false
2297 silly fetch manifest @typescript-eslint/scope-manager@8.59.2
2298 silly packumentCache full:https://registry.npmjs.org/@typescript-eslint%2fscope-manager cache-miss
2299 http fetch GET 200 https://registry.npmjs.org/ts-api-utils 693ms (cache miss)
2300 silly packumentCache full:https://registry.npmjs.org/ts-api-utils set size:undefined disposed:false
2301 silly fetch manifest minimatch@^10.2.2
2302 silly packumentCache full:https://registry.npmjs.org/minimatch cache-miss
2303 http cache https://registry.npmjs.org/minimatch 34ms (cache hit)
2304 silly packumentCache full:https://registry.npmjs.org/minimatch set size:375282 disposed:false
2305 silly fetch manifest @typescript-eslint/types@8.59.2
2306 silly packumentCache full:https://registry.npmjs.org/@typescript-eslint%2ftypes cache-miss
2307 http fetch GET 200 https://registry.npmjs.org/@typescript-eslint%2fvisitor-keys 1596ms (cache miss)
2308 silly packumentCache full:https://registry.npmjs.org/@typescript-eslint%2fvisitor-keys set size:undefined disposed:false
2309 silly fetch manifest @typescript-eslint/tsconfig-utils@8.59.2
2310 silly packumentCache full:https://registry.npmjs.org/@typescript-eslint%2ftsconfig-utils cache-miss
2311 http fetch GET 200 https://registry.npmjs.org/@typescript-eslint%2ftsconfig-utils 1107ms (cache miss)
2312 silly packumentCache full:https://registry.npmjs.org/@typescript-eslint%2ftsconfig-utils set size:undefined disposed:false
2313 silly fetch manifest @typescript-eslint/project-service@8.59.2
2314 silly packumentCache full:https://registry.npmjs.org/@typescript-eslint%2fproject-service cache-miss
2315 http fetch GET 200 https://registry.npmjs.org/@typescript-eslint%2fproject-service 328ms (cache miss)
2316 silly packumentCache full:https://registry.npmjs.org/@typescript-eslint%2fproject-service set size:undefined disposed:false
2317 silly fetch manifest @typescript-eslint/types@8.59.2
2318 silly packumentCache full:https://registry.npmjs.org/@typescript-eslint%2ftypes cache-miss
2319 http fetch GET 200 https://registry.npmjs.org/@typescript-eslint%2ftypes 2398ms (cache miss)
2320 silly packumentCache full:https://registry.npmjs.org/@typescript-eslint%2ftypes set size:undefined disposed:false
2321 silly fetch manifest @typescript-eslint/scope-manager@8.59.2
2322 silly packumentCache full:https://registry.npmjs.org/@typescript-eslint%2fscope-manager cache-miss
2323 http fetch GET 200 https://registry.npmjs.org/@typescript-eslint%2fscope-manager 6076ms (cache miss)
2324 silly packumentCache full:https://registry.npmjs.org/@typescript-eslint%2fscope-manager set size:undefined disposed:false
2325 http fetch GET 200 https://registry.npmjs.org/@typescript-eslint%2fscope-manager 6280ms (cache miss)
2326 silly packumentCache full:https://registry.npmjs.org/@typescript-eslint%2fscope-manager set size:undefined disposed:false
2327 http fetch GET 200 https://registry.npmjs.org/@typescript-eslint%2ftype-utils 7581ms (cache miss)
2328 silly packumentCache full:https://registry.npmjs.org/@typescript-eslint%2ftype-utils set size:undefined disposed:false
2329 http fetch GET 200 https://registry.npmjs.org/@typescript-eslint%2ftypes 7010ms (cache miss)
2330 silly packumentCache full:https://registry.npmjs.org/@typescript-eslint%2ftypes set size:undefined disposed:false
2331 http fetch GET 200 https://registry.npmjs.org/@typescript-eslint%2fscope-manager 2064ms (cache miss)
2332 silly packumentCache full:https://registry.npmjs.org/@typescript-eslint%2fscope-manager set size:undefined disposed:false
2333 http fetch GET 200 https://registry.npmjs.org/@typescript-eslint%2fvisitor-keys 10618ms (cache miss)
2334 silly packumentCache full:https://registry.npmjs.org/@typescript-eslint%2fvisitor-keys set size:undefined disposed:false
2335 http fetch GET 200 https://registry.npmjs.org/@typescript-eslint%2ftypes 11075ms (cache miss)
2336 silly packumentCache full:https://registry.npmjs.org/@typescript-eslint%2ftypes set size:undefined disposed:false
2337 silly placeDep ROOT @typescript-eslint/scope-manager@8.59.2 OK for: @typescript-eslint/eslint-plugin@8.59.2 want: 8.59.2
2338 silly placeDep ROOT @typescript-eslint/type-utils@8.59.2 OK for: @typescript-eslint/eslint-plugin@8.59.2 want: 8.59.2
2339 silly placeDep ROOT @typescript-eslint/visitor-keys@8.59.2 OK for: @typescript-eslint/eslint-plugin@8.59.2 want: 8.59.2
2340 silly placeDep node_modules/@typescript-eslint/eslint-plugin ignore@7.0.5 OK for: @typescript-eslint/eslint-plugin@8.59.2 want: ^7.0.5
2341 silly placeDep ROOT ts-api-utils@2.5.0 OK for: @typescript-eslint/eslint-plugin@8.59.2 want: ^2.5.0
2342 silly fetch manifest eslint-visitor-keys@^5.0.0
2343 silly packumentCache full:https://registry.npmjs.org/eslint-visitor-keys cache-hit
2344 silly placeDep ROOT @typescript-eslint/types@8.59.2 OK for: @typescript-eslint/parser@8.59.2 want: 8.59.2
2345 silly placeDep ROOT @typescript-eslint/project-service@8.59.2 OK for: @typescript-eslint/typescript-estree@8.59.2 want: 8.59.2
2346 silly placeDep ROOT @typescript-eslint/tsconfig-utils@8.59.2 OK for: @typescript-eslint/typescript-estree@8.59.2 want: 8.59.2
2347 silly placeDep node_modules/@typescript-eslint/typescript-estree minimatch@10.2.5 OK for: @typescript-eslint/typescript-estree@8.59.2 want: ^10.2.2
2348 silly placeDep node_modules/@typescript-eslint/typescript-estree semver@7.8.0 OK for: @typescript-eslint/typescript-estree@8.59.2 want: ^7.7.3
2349 silly fetch manifest @typescript-eslint/tsconfig-utils@^8.59.2
2350 silly packumentCache full:https://registry.npmjs.org/@typescript-eslint%2ftsconfig-utils cache-miss
2351 silly fetch manifest brace-expansion@^5.0.5
2352 silly packumentCache full:https://registry.npmjs.org/brace-expansion cache-miss
2353 http cache https://registry.npmjs.org/brace-expansion 11ms (cache hit)
2354 silly packumentCache full:https://registry.npmjs.org/brace-expansion set size:70654 disposed:false
2355 http cache https://registry.npmjs.org/@typescript-eslint%2ftsconfig-utils 20ms (cache hit)
2356 silly packumentCache full:https://registry.npmjs.org/@typescript-eslint%2ftsconfig-utils set size:1200989 disposed:false
2357 silly placeDep node_modules/@typescript-eslint/visitor-keys eslint-visitor-keys@5.0.1 OK for: @typescript-eslint/visitor-keys@8.59.2 want: ^5.0.0
2358 silly placeDep ROOT has-bigints@1.1.0 OK for: unbox-primitive@1.1.0 want: ^1.0.2
2359 silly placeDep ROOT which-boxed-primitive@1.1.1 OK for: unbox-primitive@1.1.0 want: ^1.1.1
2360 silly fetch manifest is-bigint@^1.1.0
2361 silly packumentCache full:https://registry.npmjs.org/is-bigint cache-miss
2362 silly fetch manifest is-boolean-object@^1.2.1
2363 silly packumentCache full:https://registry.npmjs.org/is-boolean-object cache-miss
2364 silly fetch manifest is-number-object@^1.1.1
2365 silly packumentCache full:https://registry.npmjs.org/is-number-object cache-miss
2366 http fetch GET 200 https://registry.npmjs.org/is-bigint 371ms (cache miss)
2367 silly packumentCache full:https://registry.npmjs.org/is-bigint set size:undefined disposed:false
2368 http fetch GET 200 https://registry.npmjs.org/is-boolean-object 375ms (cache miss)
2369 silly packumentCache full:https://registry.npmjs.org/is-boolean-object set size:undefined disposed:false
2370 http fetch GET 200 https://registry.npmjs.org/is-number-object 512ms (cache miss)
2371 silly packumentCache full:https://registry.npmjs.org/is-number-object set size:undefined disposed:false
2372 silly placeDep ROOT @unrs/resolver-binding-android-arm-eabi@1.11.1 OK for: unrs-resolver@1.11.1 want: 1.11.1
2373 silly placeDep ROOT @unrs/resolver-binding-android-arm64@1.11.1 OK for: unrs-resolver@1.11.1 want: 1.11.1
2374 silly placeDep ROOT @unrs/resolver-binding-darwin-arm64@1.11.1 OK for: unrs-resolver@1.11.1 want: 1.11.1
2375 silly placeDep ROOT @unrs/resolver-binding-darwin-x64@1.11.1 OK for: unrs-resolver@1.11.1 want: 1.11.1
2376 silly placeDep ROOT @unrs/resolver-binding-freebsd-x64@1.11.1 OK for: unrs-resolver@1.11.1 want: 1.11.1
2377 silly placeDep ROOT @unrs/resolver-binding-linux-arm-gnueabihf@1.11.1 OK for: unrs-resolver@1.11.1 want: 1.11.1
2378 silly placeDep ROOT @unrs/resolver-binding-linux-arm-musleabihf@1.11.1 OK for: unrs-resolver@1.11.1 want: 1.11.1
2379 silly placeDep ROOT @unrs/resolver-binding-linux-arm64-gnu@1.11.1 OK for: unrs-resolver@1.11.1 want: 1.11.1
2380 silly placeDep ROOT @unrs/resolver-binding-linux-arm64-musl@1.11.1 OK for: unrs-resolver@1.11.1 want: 1.11.1
2381 silly placeDep ROOT @unrs/resolver-binding-linux-ppc64-gnu@1.11.1 OK for: unrs-resolver@1.11.1 want: 1.11.1
2382 silly placeDep ROOT @unrs/resolver-binding-linux-riscv64-gnu@1.11.1 OK for: unrs-resolver@1.11.1 want: 1.11.1
2383 silly placeDep ROOT @unrs/resolver-binding-linux-riscv64-musl@1.11.1 OK for: unrs-resolver@1.11.1 want: 1.11.1
2384 silly placeDep ROOT @unrs/resolver-binding-linux-s390x-gnu@1.11.1 OK for: unrs-resolver@1.11.1 want: 1.11.1
2385 silly placeDep ROOT @unrs/resolver-binding-linux-x64-gnu@1.11.1 OK for: unrs-resolver@1.11.1 want: 1.11.1
2386 silly placeDep ROOT @unrs/resolver-binding-linux-x64-musl@1.11.1 OK for: unrs-resolver@1.11.1 want: 1.11.1
2387 silly placeDep ROOT @unrs/resolver-binding-wasm32-wasi@1.11.1 OK for: unrs-resolver@1.11.1 want: 1.11.1
2388 silly placeDep ROOT @unrs/resolver-binding-win32-arm64-msvc@1.11.1 OK for: unrs-resolver@1.11.1 want: 1.11.1
2389 silly placeDep ROOT @unrs/resolver-binding-win32-ia32-msvc@1.11.1 OK for: unrs-resolver@1.11.1 want: 1.11.1
2390 silly placeDep ROOT @unrs/resolver-binding-win32-x64-msvc@1.11.1 OK for: unrs-resolver@1.11.1 want: 1.11.1
2391 silly placeDep ROOT napi-postinstall@0.3.4 OK for: unrs-resolver@1.11.1 want: ^0.3.0
2392 silly fetch manifest @napi-rs/wasm-runtime@^0.2.11
2393 silly packumentCache full:https://registry.npmjs.org/@napi-rs%2fwasm-runtime cache-miss
2394 http fetch GET 200 https://registry.npmjs.org/@napi-rs%2fwasm-runtime 127ms (cache miss)
2395 silly packumentCache full:https://registry.npmjs.org/@napi-rs%2fwasm-runtime set size:undefined disposed:false
2396 silly placeDep ROOT @napi-rs/wasm-runtime@0.2.12 OK for: @unrs/resolver-binding-wasm32-wasi@1.11.1 want: ^0.2.11
2397 silly fetch manifest @emnapi/core@^1.4.3
2398 silly packumentCache full:https://registry.npmjs.org/@emnapi%2fcore cache-miss
2399 silly fetch manifest @tybys/wasm-util@^0.10.0
2400 silly packumentCache full:https://registry.npmjs.org/@tybys%2fwasm-util cache-miss
2401 http fetch GET 200 https://registry.npmjs.org/@tybys%2fwasm-util 98ms (cache miss)
2402 silly packumentCache full:https://registry.npmjs.org/@tybys%2fwasm-util set size:undefined disposed:false
2403 http fetch GET 200 https://registry.npmjs.org/@emnapi%2fcore 131ms (cache miss)
2404 silly packumentCache full:https://registry.npmjs.org/@emnapi%2fcore set size:undefined disposed:false
2405 silly placeDep ROOT @emnapi/core@1.10.0 OK for: @napi-rs/wasm-runtime@0.2.12 want: ^1.4.3
2406 silly placeDep ROOT @tybys/wasm-util@0.10.2 OK for: @napi-rs/wasm-runtime@0.2.12 want: ^0.10.0
2407 silly fetch manifest @emnapi/wasi-threads@1.2.1
2408 silly packumentCache full:https://registry.npmjs.org/@emnapi%2fwasi-threads cache-miss
2409 http fetch GET 200 https://registry.npmjs.org/@emnapi%2fwasi-threads 105ms (cache miss)
2410 silly packumentCache full:https://registry.npmjs.org/@emnapi%2fwasi-threads set size:undefined disposed:false
2411 silly placeDep ROOT @emnapi/wasi-threads@1.2.1 OK for: @emnapi/core@1.10.0 want: 1.2.1
2412 silly placeDep ROOT escalade@3.2.0 OK for: update-browserslist-db@1.2.3 want: ^3.2.0
2413 silly placeDep ROOT punycode@2.3.1 OK for: uri-js@4.4.1 want: ^2.1.0
2414 silly placeDep ROOT isexe@2.0.0 OK for: which@2.0.2 want: ^2.0.0
2415 silly placeDep ROOT is-bigint@1.1.0 OK for: which-boxed-primitive@1.1.1 want: ^1.1.0
2416 silly placeDep ROOT is-boolean-object@1.2.2 OK for: which-boxed-primitive@1.1.1 want: ^1.2.1
2417 silly placeDep ROOT is-number-object@1.1.1 OK for: which-boxed-primitive@1.1.1 want: ^1.1.1
2418 silly placeDep ROOT is-async-function@2.1.1 OK for: which-builtin-type@1.2.1 want: ^2.0.0
2419 silly placeDep ROOT is-finalizationregistry@1.1.1 OK for: which-builtin-type@1.2.1 want: ^1.1.0
2420 silly placeDep ROOT is-generator-function@1.1.2 OK for: which-builtin-type@1.2.1 want: ^1.0.10
2421 silly placeDep ROOT which-collection@1.0.2 OK for: which-builtin-type@1.2.1 want: ^1.0.2
2422 silly fetch manifest async-function@^1.0.0
2423 silly packumentCache full:https://registry.npmjs.org/async-function cache-miss
2424 silly fetch manifest generator-function@^2.0.0
2425 silly packumentCache full:https://registry.npmjs.org/generator-function cache-miss
2426 silly fetch manifest is-map@^2.0.3
2427 silly packumentCache full:https://registry.npmjs.org/is-map cache-miss
2428 silly fetch manifest is-weakmap@^2.0.2
2429 silly packumentCache full:https://registry.npmjs.org/is-weakmap cache-miss
2430 silly fetch manifest is-weakset@^2.0.3
2431 silly packumentCache full:https://registry.npmjs.org/is-weakset cache-miss
2432 http fetch GET 200 https://registry.npmjs.org/is-map 102ms (cache miss)
2433 silly packumentCache full:https://registry.npmjs.org/is-map set size:undefined disposed:false
2434 http fetch GET 200 https://registry.npmjs.org/is-weakmap 105ms (cache miss)
2435 silly packumentCache full:https://registry.npmjs.org/is-weakmap set size:undefined disposed:false
2436 http fetch GET 200 https://registry.npmjs.org/async-function 155ms (cache miss)
2437 silly packumentCache full:https://registry.npmjs.org/async-function set size:undefined disposed:false
2438 http fetch GET 200 https://registry.npmjs.org/generator-function 156ms (cache miss)
2439 silly packumentCache full:https://registry.npmjs.org/generator-function set size:undefined disposed:false
2440 http fetch GET 200 https://registry.npmjs.org/is-weakset 371ms (cache miss)
2441 silly packumentCache full:https://registry.npmjs.org/is-weakset set size:undefined disposed:false
2442 silly placeDep ROOT async-function@1.0.0 OK for: is-async-function@2.1.1 want: ^1.0.0
2443 silly placeDep ROOT generator-function@2.0.1 OK for: is-generator-function@1.1.2 want: ^2.0.0
2444 silly placeDep ROOT is-map@2.0.3 OK for: which-collection@1.0.2 want: ^2.0.3
2445 silly placeDep ROOT is-weakmap@2.0.2 OK for: which-collection@1.0.2 want: ^2.0.2
2446 silly placeDep ROOT is-weakset@2.0.4 OK for: which-collection@1.0.2 want: ^2.0.3
2447 silly placeDep node_modules/@typescript-eslint/typescript-estree brace-expansion@5.0.6 OK for: minimatch@10.2.5 want: ^5.0.5
2448 silly fetch manifest balanced-match@^4.0.2
2449 silly packumentCache full:https://registry.npmjs.org/balanced-match cache-miss
2450 http cache https://registry.npmjs.org/balanced-match 9ms (cache hit)
2451 silly packumentCache full:https://registry.npmjs.org/balanced-match set size:39082 disposed:false
2452 silly placeDep node_modules/@typescript-eslint/typescript-estree balanced-match@4.0.4 OK for: brace-expansion@5.0.6 want: ^4.0.2
2453 silly reify moves {}
2454 silly audit bulk request {
2454 silly audit   '@tailwindcss/postcss': [ '4.3.0' ],
2454 silly audit   '@types/node': [ '20.19.40' ],
2454 silly audit   '@types/react': [ '19.2.14' ],
2454 silly audit   '@types/react-dom': [ '19.2.3' ],
2454 silly audit   eslint: [ '9.39.4' ],
2454 silly audit   'eslint-config-next': [ '16.2.6' ],
2454 silly audit   next: [ '16.2.6' ],
2454 silly audit   react: [ '19.2.4' ],
2454 silly audit   'react-dom': [ '19.2.4' ],
2454 silly audit   tailwindcss: [ '4.3.0' ],
2454 silly audit   typescript: [ '5.9.3' ],
2454 silly audit   '@alloc/quick-lru': [ '5.2.0' ],
2454 silly audit   '@tailwindcss/node': [ '4.3.0' ],
2454 silly audit   '@tailwindcss/oxide': [ '4.3.0' ],
2454 silly audit   postcss: [ '8.5.14', '8.4.31' ],
2454 silly audit   '@jridgewell/remapping': [ '2.3.5' ],
2454 silly audit   'enhanced-resolve': [ '5.21.2' ],
2454 silly audit   jiti: [ '2.7.0' ],
2454 silly audit   lightningcss: [ '1.32.0' ],
2454 silly audit   'magic-string': [ '0.30.21' ],
2454 silly audit   'source-map-js': [ '1.2.1' ],
2454 silly audit   '@jridgewell/gen-mapping': [ '0.3.13' ],
2454 silly audit   '@jridgewell/trace-mapping': [ '0.3.31' ],
2454 silly audit   '@jridgewell/sourcemap-codec': [ '1.5.5' ],
2454 silly audit   '@jridgewell/resolve-uri': [ '3.1.2' ],
2454 silly audit   '@tailwindcss/oxide-android-arm64': [ '4.3.0' ],
2454 silly audit   '@tailwindcss/oxide-darwin-arm64': [ '4.3.0' ],
2454 silly audit   '@tailwindcss/oxide-darwin-x64': [ '4.3.0' ],
2454 silly audit   '@tailwindcss/oxide-freebsd-x64': [ '4.3.0' ],
2454 silly audit   '@tailwindcss/oxide-linux-arm-gnueabihf': [ '4.3.0' ],
2454 silly audit   '@tailwindcss/oxide-linux-arm64-gnu': [ '4.3.0' ],
2454 silly audit   '@tailwindcss/oxide-linux-arm64-musl': [ '4.3.0' ],
2454 silly audit   '@tailwindcss/oxide-linux-x64-gnu': [ '4.3.0' ],
2454 silly audit   '@tailwindcss/oxide-linux-x64-musl': [ '4.3.0' ],
2454 silly audit   '@tailwindcss/oxide-wasm32-wasi': [ '4.3.0' ],
2454 silly audit   '@tailwindcss/oxide-win32-arm64-msvc': [ '4.3.0' ],
2454 silly audit   '@tailwindcss/oxide-win32-x64-msvc': [ '4.3.0' ],
2454 silly audit   'undici-types': [ '6.21.0' ],
2454 silly audit   csstype: [ '3.2.3' ],
2454 silly audit   'graceful-fs': [ '4.2.11' ],
2454 silly audit   tapable: [ '2.3.3' ],
2454 silly audit   '@eslint-community/eslint-utils': [ '4.9.1' ],
2454 silly audit   '@eslint-community/regexpp': [ '4.12.2' ],
2454 silly audit   '@eslint/config-array': [ '0.21.2' ],
2454 silly audit   '@eslint/config-helpers': [ '0.4.2' ],
2454 silly audit   '@eslint/core': [ '0.17.0' ],
2454 silly audit   '@eslint/eslintrc': [ '3.3.5' ],
2454 silly audit   '@eslint/js': [ '9.39.4' ],
2454 silly audit   '@eslint/plugin-kit': [ '0.4.1' ],
2454 silly audit   '@humanfs/node': [ '0.16.8' ],
2454 silly audit   '@humanwhocodes/module-importer': [ '1.0.1' ],
2454 silly audit   '@humanwhocodes/retry': [ '0.4.3' ],
2454 silly audit   '@types/estree': [ '1.0.9' ],
2454 silly audit   ajv: [ '6.15.0' ],
2454 silly audit   chalk: [ '4.1.2' ],
2454 silly audit   'cross-spawn': [ '7.0.6' ],
2454 silly audit   debug: [ '4.4.3', '3.2.7' ],
2454 silly audit   'escape-string-regexp': [ '4.0.0' ],
2454 silly audit   'eslint-scope': [ '8.4.0' ],
2454 silly audit   'eslint-visitor-keys': [ '4.2.1', '3.4.3', '5.0.1' ],
2454 silly audit   espree: [ '10.4.0' ],
2454 silly audit   esquery: [ '1.7.0' ],
2454 silly audit   esutils: [ '2.0.3' ],
2454 silly audit   'fast-deep-equal': [ '3.1.3' ],
2454 silly audit   'file-entry-cache': [ '8.0.0' ],
2454 silly audit   'find-up': [ '5.0.0' ],
2454 silly audit   'glob-parent': [ '6.0.2', '5.1.2' ],
2454 silly audit   ignore: [ '5.3.2', '7.0.5' ],
2454 silly audit   imurmurhash: [ '0.1.4' ],
2454 silly audit   'is-glob': [ '4.0.3' ],
2454 silly audit   'json-stable-stringify-without-jsonify': [ '1.0.1' ],
2454 silly audit   'lodash.merge': [ '4.6.2' ],
2454 silly audit   minimatch: [ '3.1.5', '10.2.5' ],
2454 silly audit   'natural-compare': [ '1.4.0' ],
2454 silly audit   optionator: [ '0.9.4' ],
2454 silly audit   '@eslint/object-schema': [ '2.1.7' ],
2454 silly audit   '@types/json-schema': [ '7.0.15' ],
2454 silly audit   globals: [ '14.0.0', '16.4.0' ],
2454 silly audit   'import-fresh': [ '3.3.1' ],
2454 silly audit   'js-yaml': [ '4.1.1' ],
2454 silly audit   'strip-json-comments': [ '3.1.1' ],
2454 silly audit   levn: [ '0.4.1' ],
2454 silly audit   '@humanfs/core': [ '0.19.2' ],
2454 silly audit   '@humanfs/types': [ '0.15.0' ],
2454 silly audit   'fast-json-stable-stringify': [ '2.1.0' ],
2454 silly audit   'json-schema-traverse': [ '0.4.1' ],
2454 silly audit   'uri-js': [ '4.4.1' ],
2454 silly audit   'ansi-styles': [ '4.3.0' ],
2454 silly audit   'supports-color': [ '7.2.0' ],
2454 silly audit   'color-convert': [ '2.0.1' ],
2454 silly audit   'color-name': [ '1.1.4' ],
2454 silly audit   'path-key': [ '3.1.1' ],
2454 silly audit   'shebang-command': [ '2.0.0' ],
2454 silly audit   which: [ '2.0.2' ],
2454 silly audit   ms: [ '2.1.3' ],
2454 silly audit   '@next/eslint-plugin-next': [ '16.2.6' ],
2454 silly audit   'eslint-import-resolver-node': [ '0.3.10' ],
2454 silly audit   'eslint-import-resolver-typescript': [ '3.10.1' ],
2454 silly audit   'eslint-plugin-import': [ '2.32.0' ],
2454 silly audit   'eslint-plugin-jsx-a11y': [ '6.10.2' ],
2454 silly audit   'eslint-plugin-react': [ '7.37.5' ],
2454 silly audit   'eslint-plugin-react-hooks': [ '7.1.1' ],
2454 silly audit   'typescript-eslint': [ '8.59.2' ],
2454 silly audit   'fast-glob': [ '3.3.1' ],
2454 silly audit   'is-core-module': [ '2.16.2' ],
2454 silly audit   resolve: [ '2.0.0-next.6' ],
2454 silly audit   '@nolyfill/is-core-module': [ '1.0.39' ],
2454 silly audit   'get-tsconfig': [ '4.14.0' ],
2454 silly audit   'is-bun-module': [ '2.0.0' ],
2454 silly audit   'stable-hash': [ '0.0.5' ],
2454 silly audit   tinyglobby: [ '0.2.16' ],
2454 silly audit   'unrs-resolver': [ '1.11.1' ],
2454 silly audit   '@rtsao/scc': [ '1.1.0' ],
2454 silly audit   'array-includes': [ '3.1.9' ],
2454 silly audit   'array.prototype.findlastindex': [ '1.2.6' ],
2454 silly audit   'array.prototype.flat': [ '1.3.3' ],
2454 silly audit   'array.prototype.flatmap': [ '1.3.3' ],
2454 silly audit   doctrine: [ '2.1.0' ],
2454 silly audit   'eslint-module-utils': [ '2.12.1' ],
2454 silly audit   hasown: [ '2.0.3' ],
2454 silly audit   'object.fromentries': [ '2.0.8' ],
2454 silly audit   'object.groupby': [ '1.0.3' ],
2454 silly audit   'object.values': [ '1.2.1' ],
2454 silly audit   semver: [ '6.3.1', '7.8.0' ],
2454 silly audit   'string.prototype.trimend': [ '1.0.9' ],
2454 silly audit   'tsconfig-paths': [ '3.15.0' ],
2454 silly audit   'call-bind': [ '1.0.9' ],
2454 silly audit   'call-bound': [ '1.0.4' ],
2454 silly audit   'define-properties': [ '1.2.1' ],
2454 silly audit   'es-abstract': [ '1.24.2' ],
2454 silly audit   'es-object-atoms': [ '1.1.1' ],
2454 silly audit   'get-intrinsic': [ '1.3.0' ],
2454 silly audit   'is-string': [ '1.1.1' ],
2454 silly audit   'math-intrinsics': [ '1.1.0' ],
2454 silly audit   'es-errors': [ '1.3.0' ],
2454 silly audit   'es-shim-unscopables': [ '1.1.0' ],
2454 silly audit   'call-bind-apply-helpers': [ '1.0.2' ],
2454 silly audit   'es-define-property': [ '1.0.1' ],
2454 silly audit   'set-function-length': [ '1.2.2' ],
2454 silly audit   'function-bind': [ '1.1.2' ],
2454 silly audit   'define-data-property': [ '1.1.4' ],
2454 silly audit   'has-property-descriptors': [ '1.0.2' ],
2454 silly audit   'object-keys': [ '1.1.1' ],
2454 silly audit   gopd: [ '1.2.0' ],
2454 silly audit   'array-buffer-byte-length': [ '1.0.2' ],
2454 silly audit   'arraybuffer.prototype.slice': [ '1.0.4' ],
2454 silly audit   'available-typed-arrays': [ '1.0.7' ],
2454 silly audit   'data-view-buffer': [ '1.0.2' ],
2454 silly audit   'data-view-byte-length': [ '1.0.2' ],
2454 silly audit   'data-view-byte-offset': [ '1.0.1' ],
2454 silly audit   'es-set-tostringtag': [ '2.1.0' ],
2454 silly audit   'es-to-primitive': [ '1.3.0' ],
2454 silly audit   'function.prototype.name': [ '1.1.8' ],
2454 silly audit   'get-proto': [ '1.0.1' ],
2454 silly audit   'get-symbol-description': [ '1.1.0' ],
2454 silly audit   globalthis: [ '1.0.4' ],
2454 silly audit   'has-proto': [ '1.2.0' ],
2454 silly audit   'has-symbols': [ '1.1.0' ],
2454 silly audit   'internal-slot': [ '1.1.0' ],
2454 silly audit   'is-array-buffer': [ '3.0.5' ],
2454 silly audit   'is-callable': [ '1.2.7' ],
2454 silly audit   'is-data-view': [ '1.0.2' ],
2454 silly audit   'is-negative-zero': [ '2.0.3' ],
2454 silly audit   'is-regex': [ '1.2.1' ],
2454 silly audit   'is-set': [ '2.0.3' ],
2454 silly audit   'is-shared-array-buffer': [ '1.0.4' ],
2454 silly audit   'is-typed-array': [ '1.1.15' ],
2454 silly audit   'is-weakref': [ '1.1.1' ],
2454 silly audit   'object-inspect': [ '1.13.4' ],
2454 silly audit   'object.assign': [ '4.1.7' ],
2454 silly audit   'own-keys': [ '1.0.1' ],
2454 silly audit   'regexp.prototype.flags': [ '1.5.4' ],
2454 silly audit   'safe-array-concat': [ '1.1.4' ],
2454 silly audit   'safe-push-apply': [ '1.0.0' ],
2454 silly audit   'safe-regex-test': [ '1.1.0' ],
2454 silly audit   'set-proto': [ '1.0.0' ],
2454 silly audit   'stop-iteration-iterator': [ '1.1.0' ],
2454 silly audit   'string.prototype.trim': [ '1.2.10' ],
2454 silly audit   'string.prototype.trimstart': [ '1.0.8' ],
2454 silly audit   'typed-array-buffer': [ '1.0.3' ],
2454 silly audit   'typed-array-byte-length': [ '1.0.3' ],
2454 silly audit   'typed-array-byte-offset': [ '1.0.4' ],
2454 silly audit   'typed-array-length': [ '1.0.7' ],
2454 silly audit   'unbox-primitive': [ '1.1.0' ],
2454 silly audit   'which-typed-array': [ '1.1.20' ],
2454 silly audit   'possible-typed-array-names': [ '1.1.0' ],
2454 silly audit   'has-tostringtag': [ '1.0.2' ],
2454 silly audit   'is-date-object': [ '1.1.0' ],
2454 silly audit   'is-symbol': [ '1.1.1' ],
2454 silly audit   'aria-query': [ '5.3.2' ],
2454 silly audit   'ast-types-flow': [ '0.0.8' ],
2454 silly audit   'axe-core': [ '4.11.4' ],
2454 silly audit   'axobject-query': [ '4.1.0' ],
2454 silly audit   'damerau-levenshtein': [ '1.0.8' ],
2454 silly audit   'emoji-regex': [ '9.2.2' ],
2454 silly audit   'jsx-ast-utils': [ '3.3.5' ],
2454 silly audit   'language-tags': [ '1.0.9' ],
2454 silly audit   'string.prototype.includes': [ '2.0.1' ],
2454 silly audit   'array.prototype.findlast': [ '1.2.5' ],
2454 silly audit   'array.prototype.tosorted': [ '1.1.4' ],
2454 silly audit   'es-iterator-helpers': [ '1.3.2' ],
2454 silly audit   estraverse: [ '5.3.0' ],
2454 silly audit   'object.entries': [ '1.1.9' ],
2454 silly audit   'prop-types': [ '15.8.1' ],
2454 silly audit   'string.prototype.matchall': [ '4.0.12' ],
2454 silly audit   'string.prototype.repeat': [ '1.0.0' ],
2454 silly audit   'iterator.prototype': [ '1.1.5' ],
2454 silly audit   '@babel/core': [ '7.29.0' ],
2454 silly audit   '@babel/parser': [ '7.29.3' ],
2454 silly audit   'hermes-parser': [ '0.25.1' ],
2454 silly audit   zod: [ '4.4.3' ],
2454 silly audit   'zod-validation-error': [ '4.0.2' ],
2454 silly audit   '@babel/code-frame': [ '7.29.0' ],
2454 silly audit   '@babel/generator': [ '7.29.1' ],
2454 silly audit   '@babel/helper-compilation-targets': [ '7.28.6' ],
2454 silly audit   '@babel/helper-module-transforms': [ '7.28.6' ],
2454 silly audit   '@babel/helpers': [ '7.29.2' ],
2454 silly audit   '@babel/template': [ '7.28.6' ],
2454 silly audit   '@babel/traverse': [ '7.29.0' ],
2454 silly audit   '@babel/types': [ '7.29.0' ],
2454 silly audit   'convert-source-map': [ '2.0.0' ],
2454 silly audit   gensync: [ '1.0.0-beta.2' ],
2454 silly audit   json5: [ '2.2.3', '1.0.2' ],
2454 silly audit   '@babel/helper-validator-identifier': [ '7.28.5' ],
2454 silly audit   'js-tokens': [ '4.0.0' ],
2454 silly audit   picocolors: [ '1.1.1' ],
2454 silly audit   jsesc: [ '3.1.0' ],
2454 silly audit   '@babel/compat-data': [ '7.29.3' ],
2454 silly audit   '@babel/helper-validator-option': [ '7.27.1' ],
2454 silly audit   browserslist: [ '4.28.2' ],
2454 silly audit   'lru-cache': [ '5.1.1' ],
2454 silly audit   '@babel/helper-module-imports': [ '7.28.6' ],
2454 silly audit   '@babel/helper-globals': [ '7.28.0' ],
2454 silly audit   '@babel/helper-string-parser': [ '7.27.1' ],
2454 silly audit   'baseline-browser-mapping': [ '2.10.29' ],
2454 silly audit   'caniuse-lite': [ '1.0.30001792' ],
2454 silly audit   'electron-to-chromium': [ '1.5.353' ],
2454 silly audit   'node-releases': [ '2.0.38' ],
2454 silly audit   'update-browserslist-db': [ '1.2.3' ],
2454 silly audit   esrecurse: [ '4.3.0' ],
2454 silly audit   acorn: [ '8.16.0' ],
2454 silly audit   'acorn-jsx': [ '5.3.2' ],
2454 silly audit   '@nodelib/fs.stat': [ '2.0.5' ],
2454 silly audit   '@nodelib/fs.walk': [ '1.2.8' ],
2454 silly audit   merge2: [ '1.4.1' ],
2454 silly audit   micromatch: [ '4.0.8' ],
2454 silly audit   '@nodelib/fs.scandir': [ '2.1.5' ],
2454 silly audit   fastq: [ '1.20.1' ],
2454 silly audit   'run-parallel': [ '1.2.0' ],
2454 silly audit   reusify: [ '1.1.0' ],
2454 silly audit   'flat-cache': [ '4.0.1' ],
2454 silly audit   'locate-path': [ '6.0.0' ],
2454 silly audit   'path-exists': [ '4.0.0' ],
2454 silly audit   flatted: [ '3.4.2' ],
2454 silly audit   keyv: [ '4.5.4' ],
2454 silly audit   'functions-have-names': [ '1.2.3' ],
2454 silly audit   'dunder-proto': [ '1.0.1' ],
2454 silly audit   'resolve-pkg-maps': [ '1.0.0' ],
2454 silly audit   'hermes-estree': [ '0.25.1' ],
2454 silly audit   'parent-module': [ '1.0.1' ],
2454 silly audit   'resolve-from': [ '4.0.0' ],
2454 silly audit   'side-channel': [ '1.1.0' ],
2454 silly audit   'is-extglob': [ '2.1.1' ],
2454 silly audit   'set-function-name': [ '2.0.2' ],
2454 silly audit   argparse: [ '2.0.1' ],
2454 silly audit   'json-buffer': [ '3.0.1' ],
2454 silly audit   'language-subtag-registry': [ '0.3.23' ],
2454 silly audit   'prelude-ls': [ '1.2.1' ],
2454 silly audit   'type-check': [ '0.4.0' ],
2454 silly audit   'detect-libc': [ '2.1.2' ],
2454 silly audit   'lightningcss-android-arm64': [ '1.32.0' ],
2454 silly audit   'lightningcss-darwin-arm64': [ '1.32.0' ],
2454 silly audit   'lightningcss-darwin-x64': [ '1.32.0' ],
2454 silly audit   'lightningcss-freebsd-x64': [ '1.32.0' ],
2454 silly audit   'lightningcss-linux-arm-gnueabihf': [ '1.32.0' ],
2454 silly audit   'lightningcss-linux-arm64-gnu': [ '1.32.0' ],
2454 silly audit   'lightningcss-linux-arm64-musl': [ '1.32.0' ],
2454 silly audit   'lightningcss-linux-x64-gnu': [ '1.32.0' ],
2454 silly audit   'lightningcss-linux-x64-musl': [ '1.32.0' ],
2454 silly audit   'lightningcss-win32-arm64-msvc': [ '1.32.0' ],
2454 silly audit   'lightningcss-win32-x64-msvc': [ '1.32.0' ],
2454 silly audit   'p-locate': [ '5.0.0' ],
2454 silly audit   yallist: [ '3.1.1' ],
2454 silly audit   braces: [ '3.0.3' ],
2454 silly audit   picomatch: [ '2.3.2', '4.0.4' ],
2454 silly audit   'fill-range': [ '7.1.1' ],
2454 silly audit   'to-regex-range': [ '5.0.1' ],
2454 silly audit   'brace-expansion': [ '1.1.14', '5.0.6' ],
2454 silly audit   'balanced-match': [ '1.0.2', '4.0.4' ],
2454 silly audit   'concat-map': [ '0.0.1' ],
2454 silly audit   '@next/env': [ '16.2.6' ],
2454 silly audit   '@next/swc-darwin-arm64': [ '16.2.6' ],
2454 silly audit   '@next/swc-darwin-x64': [ '16.2.6' ],
2454 silly audit   '@next/swc-linux-arm64-gnu': [ '16.2.6' ],
2454 silly audit   '@next/swc-linux-arm64-musl': [ '16.2.6' ],
2454 silly audit   '@next/swc-linux-x64-gnu': [ '16.2.6' ],
2454 silly audit   '@next/swc-linux-x64-musl': [ '16.2.6' ],
2454 silly audit   '@next/swc-win32-arm64-msvc': [ '16.2.6' ],
2454 silly audit   '@next/swc-win32-x64-msvc': [ '16.2.6' ],
2454 silly audit   '@swc/helpers': [ '0.5.15' ],
2454 silly audit   sharp: [ '0.34.5' ],
2454 silly audit   'styled-jsx': [ '5.1.6' ],
2454 silly audit   tslib: [ '2.8.1' ],
2454 silly audit   'deep-is': [ '0.1.4' ],
2454 silly audit   'fast-levenshtein': [ '2.0.6' ],
2454 silly audit   'word-wrap': [ '1.2.5' ],
2454 silly audit   'p-limit': [ '3.1.0' ],
2454 silly audit   'yocto-queue': [ '0.1.0' ],
2454 silly audit   callsites: [ '3.1.0' ],
2454 silly audit   nanoid: [ '3.3.12' ],
2454 silly audit   'loose-envify': [ '1.4.0' ],
2454 silly audit   'object-assign': [ '4.1.1' ],
2454 silly audit   'react-is': [ '16.13.1' ],
2454 silly audit   scheduler: [ '0.27.0' ],
2454 silly audit   'node-exports-info': [ '1.6.0' ],
2454 silly audit   'path-parse': [ '1.0.7' ],
2454 silly audit   'supports-preserve-symlinks-flag': [ '1.0.0' ],
2454 silly audit   'queue-microtask': [ '1.2.3' ],
2454 silly audit   isarray: [ '2.0.5' ],
2454 silly audit   '@img/colour': [ '1.1.0' ],
2454 silly audit   '@img/sharp-darwin-arm64': [ '0.34.5' ],
2454 silly audit   '@img/sharp-darwin-x64': [ '0.34.5' ],
2454 silly audit   '@img/sharp-libvips-darwin-arm64': [ '1.2.4' ],
2454 silly audit   '@img/sharp-libvips-darwin-x64': [ '1.2.4' ],
2454 silly audit   '@img/sharp-libvips-linux-arm': [ '1.2.4' ],
2454 silly audit   '@img/sharp-libvips-linux-arm64': [ '1.2.4' ],
2454 silly audit   '@img/sharp-libvips-linux-ppc64': [ '1.2.4' ],
2454 silly audit   '@img/sharp-libvips-linux-riscv64': [ '1.2.4' ],
2454 silly audit   '@img/sharp-libvips-linux-s390x': [ '1.2.4' ],
2454 silly audit   '@img/sharp-libvips-linux-x64': [ '1.2.4' ],
2454 silly audit   '@img/sharp-libvips-linuxmusl-arm64': [ '1.2.4' ],
2454 silly audit   '@img/sharp-libvips-linuxmusl-x64': [ '1.2.4' ],
2454 silly audit   '@img/sharp-linux-arm': [ '0.34.5' ],
2454 silly audit   '@img/sharp-linux-arm64': [ '0.34.5' ],
2454 silly audit   '@img/sharp-linux-ppc64': [ '0.34.5' ],
2454 silly audit   '@img/sharp-linux-riscv64': [ '0.34.5' ],
2454 silly audit   '@img/sharp-linux-s390x': [ '0.34.5' ],
2454 silly audit   '@img/sharp-linux-x64': [ '0.34.5' ],
2454 silly audit   '@img/sharp-linuxmusl-arm64': [ '0.34.5' ],
2454 silly audit   '@img/sharp-linuxmusl-x64': [ '0.34.5' ],
2454 silly audit   '@img/sharp-wasm32': [ '0.34.5' ],
2454 silly audit   '@img/sharp-win32-arm64': [ '0.34.5' ],
2454 silly audit   '@img/sharp-win32-ia32': [ '0.34.5' ],
2454 silly audit   '@img/sharp-win32-x64': [ '0.34.5' ],
2454 silly audit   '@emnapi/runtime': [ '1.10.0' ],
2454 silly audit   'shebang-regex': [ '3.0.0' ],
2454 silly audit   'side-channel-list': [ '1.0.1' ],
2454 silly audit   'side-channel-map': [ '1.0.1' ],
2454 silly audit   'side-channel-weakmap': [ '1.0.2' ],
2454 silly audit   'client-only': [ '0.0.1' ],
2454 silly audit   'has-flag': [ '4.0.0' ],
2454 silly audit   fdir: [ '6.5.0' ],
2454 silly audit   'is-number': [ '7.0.0' ],
2454 silly audit   '@types/json5': [ '0.0.29' ],
2454 silly audit   minimist: [ '1.2.8' ],
2454 silly audit   'strip-bom': [ '3.0.0' ],
2454 silly audit   'for-each': [ '0.3.5' ],
2454 silly audit   'reflect.getprototypeof': [ '1.0.10' ],
2454 silly audit   'which-builtin-type': [ '1.2.1' ],
2454 silly audit   '@typescript-eslint/eslint-plugin': [ '8.59.2' ],
2454 silly audit   '@typescript-eslint/parser': [ '8.59.2' ],
2454 silly audit   '@typescript-eslint/typescript-estree': [ '8.59.2' ],
2454 silly audit   '@typescript-eslint/utils': [ '8.59.2' ],
2454 silly audit   '@typescript-eslint/scope-manager': [ '8.59.2' ],
2454 silly audit   '@typescript-eslint/type-utils': [ '8.59.2' ],
2454 silly audit   '@typescript-eslint/visitor-keys': [ '8.59.2' ],
2454 silly audit   'ts-api-utils': [ '2.5.0' ],
2454 silly audit   '@typescript-eslint/types': [ '8.59.2' ],
2454 silly audit   '@typescript-eslint/project-service': [ '8.59.2' ],
2454 silly audit   '@typescript-eslint/tsconfig-utils': [ '8.59.2' ],
2454 silly audit   'has-bigints': [ '1.1.0' ],
2454 silly audit   'which-boxed-primitive': [ '1.1.1' ],
2454 silly audit   '@unrs/resolver-binding-android-arm-eabi': [ '1.11.1' ],
2454 silly audit   '@unrs/resolver-binding-android-arm64': [ '1.11.1' ],
2454 silly audit   '@unrs/resolver-binding-darwin-arm64': [ '1.11.1' ],
2454 silly audit   '@unrs/resolver-binding-darwin-x64': [ '1.11.1' ],
2454 silly audit   '@unrs/resolver-binding-freebsd-x64': [ '1.11.1' ],
2454 silly audit   '@unrs/resolver-binding-linux-arm-gnueabihf': [ '1.11.1' ],
2454 silly audit   '@unrs/resolver-binding-linux-arm-musleabihf': [ '1.11.1' ],
2454 silly audit   '@unrs/resolver-binding-linux-arm64-gnu': [ '1.11.1' ],
2454 silly audit   '@unrs/resolver-binding-linux-arm64-musl': [ '1.11.1' ],
2454 silly audit   '@unrs/resolver-binding-linux-ppc64-gnu': [ '1.11.1' ],
2454 silly audit   '@unrs/resolver-binding-linux-riscv64-gnu': [ '1.11.1' ],
2454 silly audit   '@unrs/resolver-binding-linux-riscv64-musl': [ '1.11.1' ],
2454 silly audit   '@unrs/resolver-binding-linux-s390x-gnu': [ '1.11.1' ],
2454 silly audit   '@unrs/resolver-binding-linux-x64-gnu': [ '1.11.1' ],
2454 silly audit   '@unrs/resolver-binding-linux-x64-musl': [ '1.11.1' ],
2454 silly audit   '@unrs/resolver-binding-wasm32-wasi': [ '1.11.1' ],
2454 silly audit   '@unrs/resolver-binding-win32-arm64-msvc': [ '1.11.1' ],
2454 silly audit   '@unrs/resolver-binding-win32-ia32-msvc': [ '1.11.1' ],
2454 silly audit   '@unrs/resolver-binding-win32-x64-msvc': [ '1.11.1' ],
2454 silly audit   'napi-postinstall': [ '0.3.4' ],
2454 silly audit   '@napi-rs/wasm-runtime': [ '0.2.12' ],
2454 silly audit   '@emnapi/core': [ '1.10.0' ],
2454 silly audit   '@tybys/wasm-util': [ '0.10.2' ],
2454 silly audit   '@emnapi/wasi-threads': [ '1.2.1' ],
2454 silly audit   escalade: [ '3.2.0' ],
2454 silly audit   punycode: [ '2.3.1' ],
2454 silly audit   isexe: [ '2.0.0' ],
2454 silly audit   'is-bigint': [ '1.1.0' ],
2454 silly audit   'is-boolean-object': [ '1.2.2' ],
2454 silly audit   'is-number-object': [ '1.1.1' ],
2454 silly audit   'is-async-function': [ '2.1.1' ],
2454 silly audit   'is-finalizationregistry': [ '1.1.1' ],
2454 silly audit   'is-generator-function': [ '1.1.2' ],
2454 silly audit   'which-collection': [ '1.0.2' ],
2454 silly audit   'async-function': [ '1.0.0' ],
2454 silly audit   'generator-function': [ '2.0.1' ],
2454 silly audit   'is-map': [ '2.0.3' ],
2454 silly audit   'is-weakmap': [ '2.0.2' ],
2454 silly audit   'is-weakset': [ '2.0.4' ]
2454 silly audit }
2455 http cache is-weakset@https://registry.npmjs.org/is-weakset/-/is-weakset-2.0.4.tgz 0ms (cache hit)
2456 http cache is-weakmap@https://registry.npmjs.org/is-weakmap/-/is-weakmap-2.0.2.tgz 0ms (cache hit)
2457 http cache generator-function@https://registry.npmjs.org/generator-function/-/generator-function-2.0.1.tgz 0ms (cache hit)
2458 http cache is-map@https://registry.npmjs.org/is-map/-/is-map-2.0.3.tgz 0ms (cache hit)
2459 http cache which-collection@https://registry.npmjs.org/which-collection/-/which-collection-1.0.2.tgz 0ms (cache hit)
2460 http cache is-generator-function@https://registry.npmjs.org/is-generator-function/-/is-generator-function-1.1.2.tgz 0ms (cache hit)
2461 http cache async-function@https://registry.npmjs.org/async-function/-/async-function-1.0.0.tgz 0ms (cache hit)
2462 http cache is-number-object@https://registry.npmjs.org/is-number-object/-/is-number-object-1.1.1.tgz 0ms (cache hit)
2463 http cache is-finalizationregistry@https://registry.npmjs.org/is-finalizationregistry/-/is-finalizationregistry-1.1.1.tgz 1ms (cache hit)
2464 http cache is-bigint@https://registry.npmjs.org/is-bigint/-/is-bigint-1.1.0.tgz 0ms (cache hit)
2465 http cache is-async-function@https://registry.npmjs.org/is-async-function/-/is-async-function-2.1.1.tgz 0ms (cache hit)
2466 http cache is-boolean-object@https://registry.npmjs.org/is-boolean-object/-/is-boolean-object-1.2.2.tgz 0ms (cache hit)
2467 http cache @emnapi/wasi-threads@https://registry.npmjs.org/@emnapi/wasi-threads/-/wasi-threads-1.2.1.tgz 0ms (cache hit)
2468 http cache isexe@https://registry.npmjs.org/isexe/-/isexe-2.0.0.tgz 0ms (cache hit)
2469 http cache punycode@https://registry.npmjs.org/punycode/-/punycode-2.3.1.tgz 0ms (cache hit)
2470 http cache @tybys/wasm-util@https://registry.npmjs.org/@tybys/wasm-util/-/wasm-util-0.10.2.tgz 0ms (cache hit)
2471 http cache escalade@https://registry.npmjs.org/escalade/-/escalade-3.2.0.tgz 0ms (cache hit)
2472 http cache @unrs/resolver-binding-win32-x64-msvc@https://registry.npmjs.org/@unrs/resolver-binding-win32-x64-msvc/-/resolver-binding-win32-x64-msvc-1.11.1.tgz 0ms (cache hit)
2473 http cache @emnapi/core@https://registry.npmjs.org/@emnapi/core/-/core-1.10.0.tgz 0ms (cache hit)
2474 http cache @napi-rs/wasm-runtime@https://registry.npmjs.org/@napi-rs/wasm-runtime/-/wasm-runtime-0.2.12.tgz 0ms (cache hit)
2475 http cache napi-postinstall@https://registry.npmjs.org/napi-postinstall/-/napi-postinstall-0.3.4.tgz 0ms (cache hit)
2476 http cache which-boxed-primitive@https://registry.npmjs.org/which-boxed-primitive/-/which-boxed-primitive-1.1.1.tgz 0ms (cache hit)
2477 http cache has-bigints@https://registry.npmjs.org/has-bigints/-/has-bigints-1.1.0.tgz 0ms (cache hit)
2478 http cache @typescript-eslint/tsconfig-utils@https://registry.npmjs.org/@typescript-eslint/tsconfig-utils/-/tsconfig-utils-8.59.2.tgz 0ms (cache hit)
2479 http cache ts-api-utils@https://registry.npmjs.org/ts-api-utils/-/ts-api-utils-2.5.0.tgz 0ms (cache hit)
2480 http cache @typescript-eslint/project-service@https://registry.npmjs.org/@typescript-eslint/project-service/-/project-service-8.59.2.tgz 0ms (cache hit)
2481 http cache @typescript-eslint/type-utils@https://registry.npmjs.org/@typescript-eslint/type-utils/-/type-utils-8.59.2.tgz 0ms (cache hit)
2482 http cache @typescript-eslint/types@https://registry.npmjs.org/@typescript-eslint/types/-/types-8.59.2.tgz 0ms (cache hit)
2483 http cache @typescript-eslint/visitor-keys@https://registry.npmjs.org/@typescript-eslint/visitor-keys/-/visitor-keys-8.59.2.tgz 0ms (cache hit)
2484 http cache @typescript-eslint/utils@https://registry.npmjs.org/@typescript-eslint/utils/-/utils-8.59.2.tgz 0ms (cache hit)
2485 http cache @typescript-eslint/scope-manager@https://registry.npmjs.org/@typescript-eslint/scope-manager/-/scope-manager-8.59.2.tgz 0ms (cache hit)
2486 http cache @typescript-eslint/typescript-estree@https://registry.npmjs.org/@typescript-eslint/typescript-estree/-/typescript-estree-8.59.2.tgz 0ms (cache hit)
2487 http cache @typescript-eslint/eslint-plugin@https://registry.npmjs.org/@typescript-eslint/eslint-plugin/-/eslint-plugin-8.59.2.tgz 0ms (cache hit)
2488 http cache @typescript-eslint/parser@https://registry.npmjs.org/@typescript-eslint/parser/-/parser-8.59.2.tgz 0ms (cache hit)
2489 http cache which-builtin-type@https://registry.npmjs.org/which-builtin-type/-/which-builtin-type-1.2.1.tgz 0ms (cache hit)
2490 http cache @types/json5@https://registry.npmjs.org/@types/json5/-/json5-0.0.29.tgz 0ms (cache hit)
2491 http cache reflect.getprototypeof@https://registry.npmjs.org/reflect.getprototypeof/-/reflect.getprototypeof-1.0.10.tgz 0ms (cache hit)
2492 http cache for-each@https://registry.npmjs.org/for-each/-/for-each-0.3.5.tgz 0ms (cache hit)
2493 http cache minimist@https://registry.npmjs.org/minimist/-/minimist-1.2.8.tgz 0ms (cache hit)
2494 http cache strip-bom@https://registry.npmjs.org/strip-bom/-/strip-bom-3.0.0.tgz 0ms (cache hit)
2495 http cache is-number@https://registry.npmjs.org/is-number/-/is-number-7.0.0.tgz 0ms (cache hit)
2496 http cache client-only@https://registry.npmjs.org/client-only/-/client-only-0.0.1.tgz 0ms (cache hit)
2497 http cache has-flag@https://registry.npmjs.org/has-flag/-/has-flag-4.0.0.tgz 0ms (cache hit)
2498 http cache side-channel-weakmap@https://registry.npmjs.org/side-channel-weakmap/-/side-channel-weakmap-1.0.2.tgz 0ms (cache hit)
2499 http cache side-channel-list@https://registry.npmjs.org/side-channel-list/-/side-channel-list-1.0.1.tgz 0ms (cache hit)
2500 http cache @emnapi/runtime@https://registry.npmjs.org/@emnapi/runtime/-/runtime-1.10.0.tgz 0ms (cache hit)
2501 http cache shebang-regex@https://registry.npmjs.org/shebang-regex/-/shebang-regex-3.0.0.tgz 0ms (cache hit)
2502 http cache side-channel-map@https://registry.npmjs.org/side-channel-map/-/side-channel-map-1.0.1.tgz 0ms (cache hit)
2503 http cache @img/sharp-win32-x64@https://registry.npmjs.org/@img/sharp-win32-x64/-/sharp-win32-x64-0.34.5.tgz 0ms (cache hit)
2504 http cache @img/colour@https://registry.npmjs.org/@img/colour/-/colour-1.1.0.tgz 0ms (cache hit)
2505 http cache queue-microtask@https://registry.npmjs.org/queue-microtask/-/queue-microtask-1.2.3.tgz 0ms (cache hit)
2506 http cache supports-preserve-symlinks-flag@https://registry.npmjs.org/supports-preserve-symlinks-flag/-/supports-preserve-symlinks-flag-1.0.0.tgz 0ms (cache hit)
2507 http cache isarray@https://registry.npmjs.org/isarray/-/isarray-2.0.5.tgz 0ms (cache hit)
2508 http cache node-exports-info@https://registry.npmjs.org/node-exports-info/-/node-exports-info-1.6.0.tgz 0ms (cache hit)
2509 http cache path-parse@https://registry.npmjs.org/path-parse/-/path-parse-1.0.7.tgz 0ms (cache hit)
2510 http cache scheduler@https://registry.npmjs.org/scheduler/-/scheduler-0.27.0.tgz 0ms (cache hit)
2511 http cache react-is@https://registry.npmjs.org/react-is/-/react-is-16.13.1.tgz 0ms (cache hit)
2512 http cache object-assign@https://registry.npmjs.org/object-assign/-/object-assign-4.1.1.tgz 0ms (cache hit)
2513 http cache loose-envify@https://registry.npmjs.org/loose-envify/-/loose-envify-1.4.0.tgz 0ms (cache hit)
2514 http cache yocto-queue@https://registry.npmjs.org/yocto-queue/-/yocto-queue-0.1.0.tgz 0ms (cache hit)
2515 http cache callsites@https://registry.npmjs.org/callsites/-/callsites-3.1.0.tgz 0ms (cache hit)
2516 http cache nanoid@https://registry.npmjs.org/nanoid/-/nanoid-3.3.12.tgz 0ms (cache hit)
2517 http cache fast-levenshtein@https://registry.npmjs.org/fast-levenshtein/-/fast-levenshtein-2.0.6.tgz 0ms (cache hit)
2518 http cache p-limit@https://registry.npmjs.org/p-limit/-/p-limit-3.1.0.tgz 0ms (cache hit)
2519 http cache word-wrap@https://registry.npmjs.org/word-wrap/-/word-wrap-1.2.5.tgz 0ms (cache hit)
2520 http cache @swc/helpers@https://registry.npmjs.org/@swc/helpers/-/helpers-0.5.15.tgz 0ms (cache hit)
2521 http cache deep-is@https://registry.npmjs.org/deep-is/-/deep-is-0.1.4.tgz 0ms (cache hit)
2522 http cache @next/swc-win32-x64-msvc@https://registry.npmjs.org/@next/swc-win32-x64-msvc/-/swc-win32-x64-msvc-16.2.6.tgz 0ms (cache hit)
2523 http cache @next/env@https://registry.npmjs.org/@next/env/-/env-16.2.6.tgz 0ms (cache hit)
2524 http cache styled-jsx@https://registry.npmjs.org/styled-jsx/-/styled-jsx-5.1.6.tgz 0ms (cache hit)
2525 http cache tslib@https://registry.npmjs.org/tslib/-/tslib-2.8.1.tgz 0ms (cache hit)
2526 http cache balanced-match@https://registry.npmjs.org/balanced-match/-/balanced-match-1.0.2.tgz 0ms (cache hit)
2527 http cache sharp@https://registry.npmjs.org/sharp/-/sharp-0.34.5.tgz 0ms (cache hit)
2528 http cache concat-map@https://registry.npmjs.org/concat-map/-/concat-map-0.0.1.tgz 0ms (cache hit)
2529 http cache to-regex-range@https://registry.npmjs.org/to-regex-range/-/to-regex-range-5.0.1.tgz 0ms (cache hit)
2530 http cache brace-expansion@https://registry.npmjs.org/brace-expansion/-/brace-expansion-1.1.14.tgz 0ms (cache hit)
2531 http cache fill-range@https://registry.npmjs.org/fill-range/-/fill-range-7.1.1.tgz 0ms (cache hit)
2532 http cache picomatch@https://registry.npmjs.org/picomatch/-/picomatch-2.3.2.tgz 0ms (cache hit)
2533 http cache braces@https://registry.npmjs.org/braces/-/braces-3.0.3.tgz 0ms (cache hit)
2534 http cache yallist@https://registry.npmjs.org/yallist/-/yallist-3.1.1.tgz 0ms (cache hit)
2535 http cache detect-libc@https://registry.npmjs.org/detect-libc/-/detect-libc-2.1.2.tgz 0ms (cache hit)
2536 http cache p-locate@https://registry.npmjs.org/p-locate/-/p-locate-5.0.0.tgz 0ms (cache hit)
2537 http cache lightningcss-win32-x64-msvc@https://registry.npmjs.org/lightningcss-win32-x64-msvc/-/lightningcss-win32-x64-msvc-1.32.0.tgz 0ms (cache hit)
2538 http cache prelude-ls@https://registry.npmjs.org/prelude-ls/-/prelude-ls-1.2.1.tgz 0ms (cache hit)
2539 http cache type-check@https://registry.npmjs.org/type-check/-/type-check-0.4.0.tgz 0ms (cache hit)
2540 http cache argparse@https://registry.npmjs.org/argparse/-/argparse-2.0.1.tgz 0ms (cache hit)
2541 http cache language-subtag-registry@https://registry.npmjs.org/language-subtag-registry/-/language-subtag-registry-0.3.23.tgz 0ms (cache hit)
2542 http cache json-buffer@https://registry.npmjs.org/json-buffer/-/json-buffer-3.0.1.tgz 0ms (cache hit)
2543 http cache set-function-name@https://registry.npmjs.org/set-function-name/-/set-function-name-2.0.2.tgz 0ms (cache hit)
2544 http cache is-extglob@https://registry.npmjs.org/is-extglob/-/is-extglob-2.1.1.tgz 0ms (cache hit)
2545 http cache resolve-from@https://registry.npmjs.org/resolve-from/-/resolve-from-4.0.0.tgz 0ms (cache hit)
2546 http cache side-channel@https://registry.npmjs.org/side-channel/-/side-channel-1.1.0.tgz 0ms (cache hit)
2547 http cache hermes-estree@https://registry.npmjs.org/hermes-estree/-/hermes-estree-0.25.1.tgz 0ms (cache hit)
2548 http cache parent-module@https://registry.npmjs.org/parent-module/-/parent-module-1.0.1.tgz 0ms (cache hit)
2549 http cache functions-have-names@https://registry.npmjs.org/functions-have-names/-/functions-have-names-1.2.3.tgz 0ms (cache hit)
2550 http cache resolve-pkg-maps@https://registry.npmjs.org/resolve-pkg-maps/-/resolve-pkg-maps-1.0.0.tgz 0ms (cache hit)
2551 http cache dunder-proto@https://registry.npmjs.org/dunder-proto/-/dunder-proto-1.0.1.tgz 0ms (cache hit)
2552 http cache keyv@https://registry.npmjs.org/keyv/-/keyv-4.5.4.tgz 0ms (cache hit)
2553 http cache flatted@https://registry.npmjs.org/flatted/-/flatted-3.4.2.tgz 0ms (cache hit)
2554 http cache path-exists@https://registry.npmjs.org/path-exists/-/path-exists-4.0.0.tgz 0ms (cache hit)
2555 http cache run-parallel@https://registry.npmjs.org/run-parallel/-/run-parallel-1.2.0.tgz 0ms (cache hit)
2556 http cache locate-path@https://registry.npmjs.org/locate-path/-/locate-path-6.0.0.tgz 0ms (cache hit)
2557 http cache flat-cache@https://registry.npmjs.org/flat-cache/-/flat-cache-4.0.1.tgz 0ms (cache hit)
2558 http cache fastq@https://registry.npmjs.org/fastq/-/fastq-1.20.1.tgz 0ms (cache hit)
2559 http cache reusify@https://registry.npmjs.org/reusify/-/reusify-1.1.0.tgz 0ms (cache hit)
2560 http cache @nodelib/fs.scandir@https://registry.npmjs.org/@nodelib/fs.scandir/-/fs.scandir-2.1.5.tgz 0ms (cache hit)
2561 http cache @nodelib/fs.stat@https://registry.npmjs.org/@nodelib/fs.stat/-/fs.stat-2.0.5.tgz 0ms (cache hit)
2562 http cache @nodelib/fs.walk@https://registry.npmjs.org/@nodelib/fs.walk/-/fs.walk-1.2.8.tgz 0ms (cache hit)
2563 http cache micromatch@https://registry.npmjs.org/micromatch/-/micromatch-4.0.8.tgz 0ms (cache hit)
2564 http cache acorn-jsx@https://registry.npmjs.org/acorn-jsx/-/acorn-jsx-5.3.2.tgz 0ms (cache hit)
2565 http cache merge2@https://registry.npmjs.org/merge2/-/merge2-1.4.1.tgz 0ms (cache hit)
2566 http cache acorn@https://registry.npmjs.org/acorn/-/acorn-8.16.0.tgz 0ms (cache hit)
2567 http cache update-browserslist-db@https://registry.npmjs.org/update-browserslist-db/-/update-browserslist-db-1.2.3.tgz 1ms (cache hit)
2568 http cache esrecurse@https://registry.npmjs.org/esrecurse/-/esrecurse-4.3.0.tgz 0ms (cache hit)
2569 http cache node-releases@https://registry.npmjs.org/node-releases/-/node-releases-2.0.38.tgz 0ms (cache hit)
2570 http cache @babel/helper-globals@https://registry.npmjs.org/@babel/helper-globals/-/helper-globals-7.28.0.tgz 0ms (cache hit)
2571 http cache electron-to-chromium@https://registry.npmjs.org/electron-to-chromium/-/electron-to-chromium-1.5.353.tgz 0ms (cache hit)
2572 http cache @babel/helper-string-parser@https://registry.npmjs.org/@babel/helper-string-parser/-/helper-string-parser-7.27.1.tgz 0ms (cache hit)
2573 http cache caniuse-lite@https://registry.npmjs.org/caniuse-lite/-/caniuse-lite-1.0.30001792.tgz 0ms (cache hit)
2574 http cache baseline-browser-mapping@https://registry.npmjs.org/baseline-browser-mapping/-/baseline-browser-mapping-2.10.29.tgz 0ms (cache hit)
2575 http cache @babel/helper-module-imports@https://registry.npmjs.org/@babel/helper-module-imports/-/helper-module-imports-7.28.6.tgz 0ms (cache hit)
2576 http cache browserslist@https://registry.npmjs.org/browserslist/-/browserslist-4.28.2.tgz 0ms (cache hit)
2577 http cache lru-cache@https://registry.npmjs.org/lru-cache/-/lru-cache-5.1.1.tgz 0ms (cache hit)
2578 http cache @babel/compat-data@https://registry.npmjs.org/@babel/compat-data/-/compat-data-7.29.3.tgz 0ms (cache hit)
2579 http cache @babel/helper-validator-option@https://registry.npmjs.org/@babel/helper-validator-option/-/helper-validator-option-7.27.1.tgz 0ms (cache hit)
2580 http cache jsesc@https://registry.npmjs.org/jsesc/-/jsesc-3.1.0.tgz 0ms (cache hit)
2581 http cache picocolors@https://registry.npmjs.org/picocolors/-/picocolors-1.1.1.tgz 0ms (cache hit)
2582 http cache @babel/helper-validator-identifier@https://registry.npmjs.org/@babel/helper-validator-identifier/-/helper-validator-identifier-7.28.5.tgz 0ms (cache hit)
2583 http cache json5@https://registry.npmjs.org/json5/-/json5-2.2.3.tgz 0ms (cache hit)
2584 http cache gensync@https://registry.npmjs.org/gensync/-/gensync-1.0.0-beta.2.tgz 0ms (cache hit)
2585 http cache js-tokens@https://registry.npmjs.org/js-tokens/-/js-tokens-4.0.0.tgz 0ms (cache hit)
2586 http cache convert-source-map@https://registry.npmjs.org/convert-source-map/-/convert-source-map-2.0.0.tgz 0ms (cache hit)
2587 http cache @babel/template@https://registry.npmjs.org/@babel/template/-/template-7.28.6.tgz 0ms (cache hit)
2588 http cache @babel/types@https://registry.npmjs.org/@babel/types/-/types-7.29.0.tgz 0ms (cache hit)
2589 http cache @babel/traverse@https://registry.npmjs.org/@babel/traverse/-/traverse-7.29.0.tgz 0ms (cache hit)
2590 http cache @babel/helpers@https://registry.npmjs.org/@babel/helpers/-/helpers-7.29.2.tgz 0ms (cache hit)
2591 http cache @babel/helper-module-transforms@https://registry.npmjs.org/@babel/helper-module-transforms/-/helper-module-transforms-7.28.6.tgz 0ms (cache hit)
2592 http cache zod@https://registry.npmjs.org/zod/-/zod-4.4.3.tgz 0ms (cache hit)
2593 http cache zod-validation-error@https://registry.npmjs.org/zod-validation-error/-/zod-validation-error-4.0.2.tgz 0ms (cache hit)
2594 http cache @babel/helper-compilation-targets@https://registry.npmjs.org/@babel/helper-compilation-targets/-/helper-compilation-targets-7.28.6.tgz 0ms (cache hit)
2595 http cache @babel/generator@https://registry.npmjs.org/@babel/generator/-/generator-7.29.1.tgz 0ms (cache hit)
2596 http cache @babel/code-frame@https://registry.npmjs.org/@babel/code-frame/-/code-frame-7.29.0.tgz 0ms (cache hit)
2597 http cache @babel/parser@https://registry.npmjs.org/@babel/parser/-/parser-7.29.3.tgz 0ms (cache hit)
2598 http cache @babel/core@https://registry.npmjs.org/@babel/core/-/core-7.29.0.tgz 0ms (cache hit)
2599 http cache iterator.prototype@https://registry.npmjs.org/iterator.prototype/-/iterator.prototype-1.1.5.tgz 0ms (cache hit)
2600 http cache hermes-parser@https://registry.npmjs.org/hermes-parser/-/hermes-parser-0.25.1.tgz 0ms (cache hit)
2601 http cache prop-types@https://registry.npmjs.org/prop-types/-/prop-types-15.8.1.tgz 0ms (cache hit)
2602 http cache string.prototype.repeat@https://registry.npmjs.org/string.prototype.repeat/-/string.prototype.repeat-1.0.0.tgz 0ms (cache hit)
2603 http cache string.prototype.matchall@https://registry.npmjs.org/string.prototype.matchall/-/string.prototype.matchall-4.0.12.tgz 0ms (cache hit)
2604 http cache object.entries@https://registry.npmjs.org/object.entries/-/object.entries-1.1.9.tgz 0ms (cache hit)
2605 http cache estraverse@https://registry.npmjs.org/estraverse/-/estraverse-5.3.0.tgz 0ms (cache hit)
2606 http cache es-iterator-helpers@https://registry.npmjs.org/es-iterator-helpers/-/es-iterator-helpers-1.3.2.tgz 0ms (cache hit)
2607 http cache array.prototype.tosorted@https://registry.npmjs.org/array.prototype.tosorted/-/array.prototype.tosorted-1.1.4.tgz 0ms (cache hit)
2608 http cache string.prototype.includes@https://registry.npmjs.org/string.prototype.includes/-/string.prototype.includes-2.0.1.tgz 0ms (cache hit)
2609 http cache array.prototype.findlast@https://registry.npmjs.org/array.prototype.findlast/-/array.prototype.findlast-1.2.5.tgz 0ms (cache hit)
2610 http cache emoji-regex@https://registry.npmjs.org/emoji-regex/-/emoji-regex-9.2.2.tgz 0ms (cache hit)
2611 http cache language-tags@https://registry.npmjs.org/language-tags/-/language-tags-1.0.9.tgz 0ms (cache hit)
2612 http cache jsx-ast-utils@https://registry.npmjs.org/jsx-ast-utils/-/jsx-ast-utils-3.3.5.tgz 0ms (cache hit)
2613 http cache damerau-levenshtein@https://registry.npmjs.org/damerau-levenshtein/-/damerau-levenshtein-1.0.8.tgz 0ms (cache hit)
2614 http cache axobject-query@https://registry.npmjs.org/axobject-query/-/axobject-query-4.1.0.tgz 0ms (cache hit)
2615 http cache ast-types-flow@https://registry.npmjs.org/ast-types-flow/-/ast-types-flow-0.0.8.tgz 0ms (cache hit)
2616 http cache is-date-object@https://registry.npmjs.org/is-date-object/-/is-date-object-1.1.0.tgz 0ms (cache hit)
2617 http cache aria-query@https://registry.npmjs.org/aria-query/-/aria-query-5.3.2.tgz 0ms (cache hit)
2618 http cache axe-core@https://registry.npmjs.org/axe-core/-/axe-core-4.11.4.tgz 0ms (cache hit)
2619 http cache has-tostringtag@https://registry.npmjs.org/has-tostringtag/-/has-tostringtag-1.0.2.tgz 0ms (cache hit)
2620 http cache is-symbol@https://registry.npmjs.org/is-symbol/-/is-symbol-1.1.1.tgz 0ms (cache hit)
2621 http cache possible-typed-array-names@https://registry.npmjs.org/possible-typed-array-names/-/possible-typed-array-names-1.1.0.tgz 0ms (cache hit)
2622 http cache which-typed-array@https://registry.npmjs.org/which-typed-array/-/which-typed-array-1.1.20.tgz 0ms (cache hit)
2623 http cache unbox-primitive@https://registry.npmjs.org/unbox-primitive/-/unbox-primitive-1.1.0.tgz 0ms (cache hit)
2624 http cache typed-array-length@https://registry.npmjs.org/typed-array-length/-/typed-array-length-1.0.7.tgz 0ms (cache hit)
2625 http cache typed-array-buffer@https://registry.npmjs.org/typed-array-buffer/-/typed-array-buffer-1.0.3.tgz 0ms (cache hit)
2626 http cache typed-array-byte-offset@https://registry.npmjs.org/typed-array-byte-offset/-/typed-array-byte-offset-1.0.4.tgz 0ms (cache hit)
2627 http cache typed-array-byte-length@https://registry.npmjs.org/typed-array-byte-length/-/typed-array-byte-length-1.0.3.tgz 0ms (cache hit)
2628 http cache string.prototype.trimstart@https://registry.npmjs.org/string.prototype.trimstart/-/string.prototype.trimstart-1.0.8.tgz 0ms (cache hit)
2629 http cache string.prototype.trim@https://registry.npmjs.org/string.prototype.trim/-/string.prototype.trim-1.2.10.tgz 0ms (cache hit)
2630 http cache stop-iteration-iterator@https://registry.npmjs.org/stop-iteration-iterator/-/stop-iteration-iterator-1.1.0.tgz 0ms (cache hit)
2631 http cache safe-regex-test@https://registry.npmjs.org/safe-regex-test/-/safe-regex-test-1.1.0.tgz 0ms (cache hit)
2632 http cache set-proto@https://registry.npmjs.org/set-proto/-/set-proto-1.0.0.tgz 0ms (cache hit)
2633 http cache safe-push-apply@https://registry.npmjs.org/safe-push-apply/-/safe-push-apply-1.0.0.tgz 0ms (cache hit)
2634 http cache own-keys@https://registry.npmjs.org/own-keys/-/own-keys-1.0.1.tgz 0ms (cache hit)
2635 http cache safe-array-concat@https://registry.npmjs.org/safe-array-concat/-/safe-array-concat-1.1.4.tgz 0ms (cache hit)
2636 http cache regexp.prototype.flags@https://registry.npmjs.org/regexp.prototype.flags/-/regexp.prototype.flags-1.5.4.tgz 0ms (cache hit)
2637 http cache is-typed-array@https://registry.npmjs.org/is-typed-array/-/is-typed-array-1.1.15.tgz 0ms (cache hit)
2638 http cache object.assign@https://registry.npmjs.org/object.assign/-/object.assign-4.1.7.tgz 0ms (cache hit)
2639 http cache is-weakref@https://registry.npmjs.org/is-weakref/-/is-weakref-1.1.1.tgz 0ms (cache hit)
2640 http cache is-shared-array-buffer@https://registry.npmjs.org/is-shared-array-buffer/-/is-shared-array-buffer-1.0.4.tgz 0ms (cache hit)
2641 http cache object-inspect@https://registry.npmjs.org/object-inspect/-/object-inspect-1.13.4.tgz 0ms (cache hit)
2642 http cache is-data-view@https://registry.npmjs.org/is-data-view/-/is-data-view-1.0.2.tgz 0ms (cache hit)
2643 http cache is-regex@https://registry.npmjs.org/is-regex/-/is-regex-1.2.1.tgz 0ms (cache hit)
2644 http cache is-set@https://registry.npmjs.org/is-set/-/is-set-2.0.3.tgz 0ms (cache hit)
2645 http cache is-callable@https://registry.npmjs.org/is-callable/-/is-callable-1.2.7.tgz 0ms (cache hit)
2646 http cache is-array-buffer@https://registry.npmjs.org/is-array-buffer/-/is-array-buffer-3.0.5.tgz 0ms (cache hit)
2647 http cache internal-slot@https://registry.npmjs.org/internal-slot/-/internal-slot-1.1.0.tgz 0ms (cache hit)
2648 http cache globalthis@https://registry.npmjs.org/globalthis/-/globalthis-1.0.4.tgz 0ms (cache hit)
2649 http cache has-symbols@https://registry.npmjs.org/has-symbols/-/has-symbols-1.1.0.tgz 0ms (cache hit)
2650 http cache has-proto@https://registry.npmjs.org/has-proto/-/has-proto-1.2.0.tgz 0ms (cache hit)
2651 http cache get-proto@https://registry.npmjs.org/get-proto/-/get-proto-1.0.1.tgz 0ms (cache hit)
2652 http cache get-symbol-description@https://registry.npmjs.org/get-symbol-description/-/get-symbol-description-1.1.0.tgz 0ms (cache hit)
2653 http cache function.prototype.name@https://registry.npmjs.org/function.prototype.name/-/function.prototype.name-1.1.8.tgz 0ms (cache hit)
2654 http cache is-negative-zero@https://registry.npmjs.org/is-negative-zero/-/is-negative-zero-2.0.3.tgz 0ms (cache hit)
2655 http cache es-to-primitive@https://registry.npmjs.org/es-to-primitive/-/es-to-primitive-1.3.0.tgz 0ms (cache hit)
2656 http cache es-set-tostringtag@https://registry.npmjs.org/es-set-tostringtag/-/es-set-tostringtag-2.1.0.tgz 0ms (cache hit)
2657 http cache data-view-byte-offset@https://registry.npmjs.org/data-view-byte-offset/-/data-view-byte-offset-1.0.1.tgz 0ms (cache hit)
2658 http cache data-view-byte-length@https://registry.npmjs.org/data-view-byte-length/-/data-view-byte-length-1.0.2.tgz 0ms (cache hit)
2659 http cache data-view-buffer@https://registry.npmjs.org/data-view-buffer/-/data-view-buffer-1.0.2.tgz 1ms (cache hit)
2660 http cache available-typed-arrays@https://registry.npmjs.org/available-typed-arrays/-/available-typed-arrays-1.0.7.tgz 0ms (cache hit)
2661 http cache array-buffer-byte-length@https://registry.npmjs.org/array-buffer-byte-length/-/array-buffer-byte-length-1.0.2.tgz 0ms (cache hit)
2662 http cache arraybuffer.prototype.slice@https://registry.npmjs.org/arraybuffer.prototype.slice/-/arraybuffer.prototype.slice-1.0.4.tgz 0ms (cache hit)
2663 http cache object-keys@https://registry.npmjs.org/object-keys/-/object-keys-1.1.1.tgz 0ms (cache hit)
2664 http cache gopd@https://registry.npmjs.org/gopd/-/gopd-1.2.0.tgz 0ms (cache hit)
2665 http cache has-property-descriptors@https://registry.npmjs.org/has-property-descriptors/-/has-property-descriptors-1.0.2.tgz 0ms (cache hit)
2666 http cache define-data-property@https://registry.npmjs.org/define-data-property/-/define-data-property-1.1.4.tgz 0ms (cache hit)
2667 http cache function-bind@https://registry.npmjs.org/function-bind/-/function-bind-1.1.2.tgz 0ms (cache hit)
2668 http cache set-function-length@https://registry.npmjs.org/set-function-length/-/set-function-length-1.2.2.tgz 0ms (cache hit)
2669 http cache es-define-property@https://registry.npmjs.org/es-define-property/-/es-define-property-1.0.1.tgz 0ms (cache hit)
2670 http cache call-bind-apply-helpers@https://registry.npmjs.org/call-bind-apply-helpers/-/call-bind-apply-helpers-1.0.2.tgz 0ms (cache hit)
2671 http cache es-shim-unscopables@https://registry.npmjs.org/es-shim-unscopables/-/es-shim-unscopables-1.1.0.tgz 0ms (cache hit)
2672 http cache is-string@https://registry.npmjs.org/is-string/-/is-string-1.1.1.tgz 0ms (cache hit)
2673 http cache es-errors@https://registry.npmjs.org/es-errors/-/es-errors-1.3.0.tgz 0ms (cache hit)
2674 http cache math-intrinsics@https://registry.npmjs.org/math-intrinsics/-/math-intrinsics-1.1.0.tgz 0ms (cache hit)
2675 http cache get-intrinsic@https://registry.npmjs.org/get-intrinsic/-/get-intrinsic-1.3.0.tgz 0ms (cache hit)
2676 http cache es-object-atoms@https://registry.npmjs.org/es-object-atoms/-/es-object-atoms-1.1.1.tgz 0ms (cache hit)
2677 http cache es-abstract@https://registry.npmjs.org/es-abstract/-/es-abstract-1.24.2.tgz 0ms (cache hit)
2678 http cache call-bound@https://registry.npmjs.org/call-bound/-/call-bound-1.0.4.tgz 0ms (cache hit)
2679 http cache define-properties@https://registry.npmjs.org/define-properties/-/define-properties-1.2.1.tgz 0ms (cache hit)
2680 http cache call-bind@https://registry.npmjs.org/call-bind/-/call-bind-1.0.9.tgz 0ms (cache hit)
2681 http cache tsconfig-paths@https://registry.npmjs.org/tsconfig-paths/-/tsconfig-paths-3.15.0.tgz 0ms (cache hit)
2682 http cache string.prototype.trimend@https://registry.npmjs.org/string.prototype.trimend/-/string.prototype.trimend-1.0.9.tgz 0ms (cache hit)
2683 http cache semver@https://registry.npmjs.org/semver/-/semver-6.3.1.tgz 0ms (cache hit)
2684 http cache object.values@https://registry.npmjs.org/object.values/-/object.values-1.2.1.tgz 0ms (cache hit)
2685 http cache object.groupby@https://registry.npmjs.org/object.groupby/-/object.groupby-1.0.3.tgz 0ms (cache hit)
2686 http cache object.fromentries@https://registry.npmjs.org/object.fromentries/-/object.fromentries-2.0.8.tgz 0ms (cache hit)
2687 http cache hasown@https://registry.npmjs.org/hasown/-/hasown-2.0.3.tgz 0ms (cache hit)
2688 http cache eslint-module-utils@https://registry.npmjs.org/eslint-module-utils/-/eslint-module-utils-2.12.1.tgz 0ms (cache hit)
2689 http cache doctrine@https://registry.npmjs.org/doctrine/-/doctrine-2.1.0.tgz 0ms (cache hit)
2690 http cache array.prototype.flatmap@https://registry.npmjs.org/array.prototype.flatmap/-/array.prototype.flatmap-1.3.3.tgz 0ms (cache hit)
2691 http cache array.prototype.flat@https://registry.npmjs.org/array.prototype.flat/-/array.prototype.flat-1.3.3.tgz 0ms (cache hit)
2692 http cache @rtsao/scc@https://registry.npmjs.org/@rtsao/scc/-/scc-1.1.0.tgz 0ms (cache hit)
2693 http cache array.prototype.findlastindex@https://registry.npmjs.org/array.prototype.findlastindex/-/array.prototype.findlastindex-1.2.6.tgz 0ms (cache hit)
2694 http cache array-includes@https://registry.npmjs.org/array-includes/-/array-includes-3.1.9.tgz 0ms (cache hit)
2695 http cache unrs-resolver@https://registry.npmjs.org/unrs-resolver/-/unrs-resolver-1.11.1.tgz 0ms (cache hit)
2696 http cache tinyglobby@https://registry.npmjs.org/tinyglobby/-/tinyglobby-0.2.16.tgz 0ms (cache hit)
2697 http cache stable-hash@https://registry.npmjs.org/stable-hash/-/stable-hash-0.0.5.tgz 0ms (cache hit)
2698 http cache is-bun-module@https://registry.npmjs.org/is-bun-module/-/is-bun-module-2.0.0.tgz 0ms (cache hit)
2699 http cache @nolyfill/is-core-module@https://registry.npmjs.org/@nolyfill/is-core-module/-/is-core-module-1.0.39.tgz 0ms (cache hit)
2700 http cache resolve@https://registry.npmjs.org/resolve/-/resolve-2.0.0-next.6.tgz 0ms (cache hit)
2701 http cache get-tsconfig@https://registry.npmjs.org/get-tsconfig/-/get-tsconfig-4.14.0.tgz 0ms (cache hit)
2702 http cache is-core-module@https://registry.npmjs.org/is-core-module/-/is-core-module-2.16.2.tgz 0ms (cache hit)
2703 http cache typescript-eslint@https://registry.npmjs.org/typescript-eslint/-/typescript-eslint-8.59.2.tgz 0ms (cache hit)
2704 http cache fast-glob@https://registry.npmjs.org/fast-glob/-/fast-glob-3.3.1.tgz 0ms (cache hit)
2705 http cache eslint-plugin-react-hooks@https://registry.npmjs.org/eslint-plugin-react-hooks/-/eslint-plugin-react-hooks-7.1.1.tgz 0ms (cache hit)
2706 http cache eslint-plugin-react@https://registry.npmjs.org/eslint-plugin-react/-/eslint-plugin-react-7.37.5.tgz 0ms (cache hit)
2707 http cache eslint-plugin-jsx-a11y@https://registry.npmjs.org/eslint-plugin-jsx-a11y/-/eslint-plugin-jsx-a11y-6.10.2.tgz 0ms (cache hit)
2708 http cache @next/eslint-plugin-next@https://registry.npmjs.org/@next/eslint-plugin-next/-/eslint-plugin-next-16.2.6.tgz 0ms (cache hit)
2709 http cache eslint-plugin-import@https://registry.npmjs.org/eslint-plugin-import/-/eslint-plugin-import-2.32.0.tgz 0ms (cache hit)
2710 http cache eslint-import-resolver-typescript@https://registry.npmjs.org/eslint-import-resolver-typescript/-/eslint-import-resolver-typescript-3.10.1.tgz 0ms (cache hit)
2711 http cache eslint-import-resolver-node@https://registry.npmjs.org/eslint-import-resolver-node/-/eslint-import-resolver-node-0.3.10.tgz 0ms (cache hit)
2712 http cache ms@https://registry.npmjs.org/ms/-/ms-2.1.3.tgz 0ms (cache hit)
2713 http cache which@https://registry.npmjs.org/which/-/which-2.0.2.tgz 0ms (cache hit)
2714 http cache shebang-command@https://registry.npmjs.org/shebang-command/-/shebang-command-2.0.0.tgz 0ms (cache hit)
2715 http cache path-key@https://registry.npmjs.org/path-key/-/path-key-3.1.1.tgz 0ms (cache hit)
2716 http cache color-name@https://registry.npmjs.org/color-name/-/color-name-1.1.4.tgz 0ms (cache hit)
2717 http cache color-convert@https://registry.npmjs.org/color-convert/-/color-convert-2.0.1.tgz 0ms (cache hit)
2718 http cache ansi-styles@https://registry.npmjs.org/ansi-styles/-/ansi-styles-4.3.0.tgz 0ms (cache hit)
2719 http cache supports-color@https://registry.npmjs.org/supports-color/-/supports-color-7.2.0.tgz 0ms (cache hit)
2720 http cache @humanfs/types@https://registry.npmjs.org/@humanfs/types/-/types-0.15.0.tgz 0ms (cache hit)
2721 http cache uri-js@https://registry.npmjs.org/uri-js/-/uri-js-4.4.1.tgz 0ms (cache hit)
2722 http cache json-schema-traverse@https://registry.npmjs.org/json-schema-traverse/-/json-schema-traverse-0.4.1.tgz 0ms (cache hit)
2723 http cache @humanfs/core@https://registry.npmjs.org/@humanfs/core/-/core-0.19.2.tgz 0ms (cache hit)
2724 http cache fast-json-stable-stringify@https://registry.npmjs.org/fast-json-stable-stringify/-/fast-json-stable-stringify-2.1.0.tgz 0ms (cache hit)
2725 http cache levn@https://registry.npmjs.org/levn/-/levn-0.4.1.tgz 0ms (cache hit)
2726 http cache strip-json-comments@https://registry.npmjs.org/strip-json-comments/-/strip-json-comments-3.1.1.tgz 1ms (cache hit)
2727 http cache js-yaml@https://registry.npmjs.org/js-yaml/-/js-yaml-4.1.1.tgz 0ms (cache hit)
2728 http cache @types/json-schema@https://registry.npmjs.org/@types/json-schema/-/json-schema-7.0.15.tgz 0ms (cache hit)
2729 http cache import-fresh@https://registry.npmjs.org/import-fresh/-/import-fresh-3.3.1.tgz 0ms (cache hit)
2730 http cache globals@https://registry.npmjs.org/globals/-/globals-14.0.0.tgz 0ms (cache hit)
2731 http cache @eslint/object-schema@https://registry.npmjs.org/@eslint/object-schema/-/object-schema-2.1.7.tgz 0ms (cache hit)
2732 http cache natural-compare@https://registry.npmjs.org/natural-compare/-/natural-compare-1.4.0.tgz 0ms (cache hit)
2733 http cache minimatch@https://registry.npmjs.org/minimatch/-/minimatch-3.1.5.tgz 0ms (cache hit)
2734 http cache lodash.merge@https://registry.npmjs.org/lodash.merge/-/lodash.merge-4.6.2.tgz 0ms (cache hit)
2735 http cache json-stable-stringify-without-jsonify@https://registry.npmjs.org/json-stable-stringify-without-jsonify/-/json-stable-stringify-without-jsonify-1.0.1.tgz 0ms (cache hit)
2736 http cache imurmurhash@https://registry.npmjs.org/imurmurhash/-/imurmurhash-0.1.4.tgz 0ms (cache hit)
2737 http cache is-glob@https://registry.npmjs.org/is-glob/-/is-glob-4.0.3.tgz 0ms (cache hit)
2738 http cache optionator@https://registry.npmjs.org/optionator/-/optionator-0.9.4.tgz 0ms (cache hit)
2739 http cache ignore@https://registry.npmjs.org/ignore/-/ignore-5.3.2.tgz 0ms (cache hit)
2740 http cache glob-parent@https://registry.npmjs.org/glob-parent/-/glob-parent-6.0.2.tgz 0ms (cache hit)
2741 http cache find-up@https://registry.npmjs.org/find-up/-/find-up-5.0.0.tgz 0ms (cache hit)
2742 http cache fast-deep-equal@https://registry.npmjs.org/fast-deep-equal/-/fast-deep-equal-3.1.3.tgz 0ms (cache hit)
2743 http cache file-entry-cache@https://registry.npmjs.org/file-entry-cache/-/file-entry-cache-8.0.0.tgz 0ms (cache hit)
2744 http cache esutils@https://registry.npmjs.org/esutils/-/esutils-2.0.3.tgz 0ms (cache hit)
2745 http cache esquery@https://registry.npmjs.org/esquery/-/esquery-1.7.0.tgz 0ms (cache hit)
2746 http cache espree@https://registry.npmjs.org/espree/-/espree-10.4.0.tgz 0ms (cache hit)
2747 http cache eslint-scope@https://registry.npmjs.org/eslint-scope/-/eslint-scope-8.4.0.tgz 0ms (cache hit)
2748 http cache eslint-visitor-keys@https://registry.npmjs.org/eslint-visitor-keys/-/eslint-visitor-keys-4.2.1.tgz 0ms (cache hit)
2749 http cache escape-string-regexp@https://registry.npmjs.org/escape-string-regexp/-/escape-string-regexp-4.0.0.tgz 0ms (cache hit)
2750 http cache debug@https://registry.npmjs.org/debug/-/debug-4.4.3.tgz 0ms (cache hit)
2751 http cache cross-spawn@https://registry.npmjs.org/cross-spawn/-/cross-spawn-7.0.6.tgz 0ms (cache hit)
2752 http cache @types/estree@https://registry.npmjs.org/@types/estree/-/estree-1.0.9.tgz 0ms (cache hit)
2753 http cache chalk@https://registry.npmjs.org/chalk/-/chalk-4.1.2.tgz 0ms (cache hit)
2754 http cache ajv@https://registry.npmjs.org/ajv/-/ajv-6.15.0.tgz 0ms (cache hit)
2755 http cache @humanwhocodes/module-importer@https://registry.npmjs.org/@humanwhocodes/module-importer/-/module-importer-1.0.1.tgz 0ms (cache hit)
2756 http cache @humanwhocodes/retry@https://registry.npmjs.org/@humanwhocodes/retry/-/retry-0.4.3.tgz 0ms (cache hit)
2757 http cache @humanfs/node@https://registry.npmjs.org/@humanfs/node/-/node-0.16.8.tgz 0ms (cache hit)
2758 http cache @eslint/plugin-kit@https://registry.npmjs.org/@eslint/plugin-kit/-/plugin-kit-0.4.1.tgz 0ms (cache hit)
2759 http cache @eslint/js@https://registry.npmjs.org/@eslint/js/-/js-9.39.4.tgz 0ms (cache hit)
2760 http cache @eslint/core@https://registry.npmjs.org/@eslint/core/-/core-0.17.0.tgz 0ms (cache hit)
2761 http cache @eslint/eslintrc@https://registry.npmjs.org/@eslint/eslintrc/-/eslintrc-3.3.5.tgz 0ms (cache hit)
2762 http cache @eslint/config-helpers@https://registry.npmjs.org/@eslint/config-helpers/-/config-helpers-0.4.2.tgz 0ms (cache hit)
2763 http cache @eslint/config-array@https://registry.npmjs.org/@eslint/config-array/-/config-array-0.21.2.tgz 0ms (cache hit)
2764 http cache @eslint-community/eslint-utils@https://registry.npmjs.org/@eslint-community/eslint-utils/-/eslint-utils-4.9.1.tgz 0ms (cache hit)
2765 http cache tapable@https://registry.npmjs.org/tapable/-/tapable-2.3.3.tgz 0ms (cache hit)
2766 http cache @eslint-community/regexpp@https://registry.npmjs.org/@eslint-community/regexpp/-/regexpp-4.12.2.tgz 0ms (cache hit)
2767 http cache graceful-fs@https://registry.npmjs.org/graceful-fs/-/graceful-fs-4.2.11.tgz 0ms (cache hit)
2768 http cache undici-types@https://registry.npmjs.org/undici-types/-/undici-types-6.21.0.tgz 0ms (cache hit)
2769 http cache csstype@https://registry.npmjs.org/csstype/-/csstype-3.2.3.tgz 0ms (cache hit)
2770 http cache @jridgewell/resolve-uri@https://registry.npmjs.org/@jridgewell/resolve-uri/-/resolve-uri-3.1.2.tgz 0ms (cache hit)
2771 http cache @tailwindcss/oxide-win32-x64-msvc@https://registry.npmjs.org/@tailwindcss/oxide-win32-x64-msvc/-/oxide-win32-x64-msvc-4.3.0.tgz 0ms (cache hit)
2772 http cache @jridgewell/sourcemap-codec@https://registry.npmjs.org/@jridgewell/sourcemap-codec/-/sourcemap-codec-1.5.5.tgz 0ms (cache hit)
2773 http cache @jridgewell/trace-mapping@https://registry.npmjs.org/@jridgewell/trace-mapping/-/trace-mapping-0.3.31.tgz 0ms (cache hit)
2774 http cache source-map-js@https://registry.npmjs.org/source-map-js/-/source-map-js-1.2.1.tgz 0ms (cache hit)
2775 http cache @jridgewell/gen-mapping@https://registry.npmjs.org/@jridgewell/gen-mapping/-/gen-mapping-0.3.13.tgz 0ms (cache hit)
2776 http cache lightningcss@https://registry.npmjs.org/lightningcss/-/lightningcss-1.32.0.tgz 0ms (cache hit)
2777 http cache enhanced-resolve@https://registry.npmjs.org/enhanced-resolve/-/enhanced-resolve-5.21.2.tgz 0ms (cache hit)
2778 http cache magic-string@https://registry.npmjs.org/magic-string/-/magic-string-0.30.21.tgz 0ms (cache hit)
2779 http cache jiti@https://registry.npmjs.org/jiti/-/jiti-2.7.0.tgz 0ms (cache hit)
2780 http cache postcss@https://registry.npmjs.org/postcss/-/postcss-8.5.14.tgz 0ms (cache hit)
2781 http cache @jridgewell/remapping@https://registry.npmjs.org/@jridgewell/remapping/-/remapping-2.3.5.tgz 0ms (cache hit)
2782 http cache @tailwindcss/node@https://registry.npmjs.org/@tailwindcss/node/-/node-4.3.0.tgz 0ms (cache hit)
2783 http cache @tailwindcss/oxide@https://registry.npmjs.org/@tailwindcss/oxide/-/oxide-4.3.0.tgz 0ms (cache hit)
2784 http cache @alloc/quick-lru@https://registry.npmjs.org/@alloc/quick-lru/-/quick-lru-5.2.0.tgz 0ms (cache hit)
2785 http cache typescript@https://registry.npmjs.org/typescript/-/typescript-5.9.3.tgz 0ms (cache hit)
2786 http cache tailwindcss@https://registry.npmjs.org/tailwindcss/-/tailwindcss-4.3.0.tgz 0ms (cache hit)
2787 http cache @types/react-dom@https://registry.npmjs.org/@types/react-dom/-/react-dom-19.2.3.tgz 0ms (cache hit)
2788 http cache next@https://registry.npmjs.org/next/-/next-16.2.6.tgz 0ms (cache hit)
2789 http cache react@https://registry.npmjs.org/react/-/react-19.2.4.tgz 0ms (cache hit)
2790 http cache react-dom@https://registry.npmjs.org/react-dom/-/react-dom-19.2.4.tgz 0ms (cache hit)
2791 http cache eslint@https://registry.npmjs.org/eslint/-/eslint-9.39.4.tgz 0ms (cache hit)
2792 http cache @types/react@https://registry.npmjs.org/@types/react/-/react-19.2.14.tgz 0ms (cache hit)
2793 http cache eslint-config-next@https://registry.npmjs.org/eslint-config-next/-/eslint-config-next-16.2.6.tgz 0ms (cache hit)
2794 http cache @types/node@https://registry.npmjs.org/@types/node/-/node-20.19.40.tgz 0ms (cache hit)
2795 http cache eslint-visitor-keys@https://registry.npmjs.org/eslint-visitor-keys/-/eslint-visitor-keys-5.0.1.tgz 0ms (cache hit)
2796 http cache @tailwindcss/postcss@https://registry.npmjs.org/@tailwindcss/postcss/-/postcss-4.3.0.tgz 0ms (cache hit)
2797 http cache ignore@https://registry.npmjs.org/ignore/-/ignore-7.0.5.tgz 0ms (cache hit)
2798 http cache balanced-match@https://registry.npmjs.org/balanced-match/-/balanced-match-4.0.4.tgz 0ms (cache hit)
2799 http cache brace-expansion@https://registry.npmjs.org/brace-expansion/-/brace-expansion-5.0.6.tgz 0ms (cache hit)
2800 http cache minimatch@https://registry.npmjs.org/minimatch/-/minimatch-10.2.5.tgz 0ms (cache hit)
2801 http cache semver@https://registry.npmjs.org/semver/-/semver-7.8.0.tgz 0ms (cache hit)
2802 http cache semver@https://registry.npmjs.org/semver/-/semver-7.8.0.tgz 0ms (cache hit)
2803 http cache debug@https://registry.npmjs.org/debug/-/debug-3.2.7.tgz 0ms (cache hit)
2804 http cache json5@https://registry.npmjs.org/json5/-/json5-1.0.2.tgz 0ms (cache hit)
2805 http cache semver@https://registry.npmjs.org/semver/-/semver-7.8.0.tgz 0ms (cache hit)
2806 http cache glob-parent@https://registry.npmjs.org/glob-parent/-/glob-parent-5.1.2.tgz 0ms (cache hit)
2807 http cache fdir@https://registry.npmjs.org/fdir/-/fdir-6.5.0.tgz 0ms (cache hit)
2808 http cache picomatch@https://registry.npmjs.org/picomatch/-/picomatch-4.0.4.tgz 0ms (cache hit)
2809 http cache eslint-visitor-keys@https://registry.npmjs.org/eslint-visitor-keys/-/eslint-visitor-keys-3.4.3.tgz 0ms (cache hit)
2810 http cache debug@https://registry.npmjs.org/debug/-/debug-3.2.7.tgz 0ms (cache hit)
2811 http cache debug@https://registry.npmjs.org/debug/-/debug-3.2.7.tgz 0ms (cache hit)
2812 http cache globals@https://registry.npmjs.org/globals/-/globals-16.4.0.tgz 0ms (cache hit)
2813 http cache postcss@https://registry.npmjs.org/postcss/-/postcss-8.4.31.tgz 0ms (cache hit)
2814 silly tarball no local data for is-weakmap@https://registry.npmjs.org/is-weakmap/-/is-weakmap-2.0.2.tgz. Extracting by manifest.
2815 silly tarball no local data for is-weakset@https://registry.npmjs.org/is-weakset/-/is-weakset-2.0.4.tgz. Extracting by manifest.
2816 silly tarball no local data for generator-function@https://registry.npmjs.org/generator-function/-/generator-function-2.0.1.tgz. Extracting by manifest.
2817 silly tarball no local data for is-map@https://registry.npmjs.org/is-map/-/is-map-2.0.3.tgz. Extracting by manifest.
2818 silly tarball no local data for which-collection@https://registry.npmjs.org/which-collection/-/which-collection-1.0.2.tgz. Extracting by manifest.
2819 silly tarball no local data for is-generator-function@https://registry.npmjs.org/is-generator-function/-/is-generator-function-1.1.2.tgz. Extracting by manifest.
2820 silly tarball no local data for async-function@https://registry.npmjs.org/async-function/-/async-function-1.0.0.tgz. Extracting by manifest.
2821 silly tarball no local data for is-number-object@https://registry.npmjs.org/is-number-object/-/is-number-object-1.1.1.tgz. Extracting by manifest.
2822 silly tarball no local data for is-finalizationregistry@https://registry.npmjs.org/is-finalizationregistry/-/is-finalizationregistry-1.1.1.tgz. Extracting by manifest.
2823 silly tarball no local data for is-bigint@https://registry.npmjs.org/is-bigint/-/is-bigint-1.1.0.tgz. Extracting by manifest.
2824 silly tarball no local data for is-async-function@https://registry.npmjs.org/is-async-function/-/is-async-function-2.1.1.tgz. Extracting by manifest.
2825 silly tarball no local data for is-boolean-object@https://registry.npmjs.org/is-boolean-object/-/is-boolean-object-1.2.2.tgz. Extracting by manifest.
2826 silly tarball no local data for @emnapi/wasi-threads@https://registry.npmjs.org/@emnapi/wasi-threads/-/wasi-threads-1.2.1.tgz. Extracting by manifest.
2827 silly tarball no local data for isexe@https://registry.npmjs.org/isexe/-/isexe-2.0.0.tgz. Extracting by manifest.
2828 silly tarball no local data for punycode@https://registry.npmjs.org/punycode/-/punycode-2.3.1.tgz. Extracting by manifest.
2829 silly tarball no local data for @tybys/wasm-util@https://registry.npmjs.org/@tybys/wasm-util/-/wasm-util-0.10.2.tgz. Extracting by manifest.
2830 silly tarball no local data for escalade@https://registry.npmjs.org/escalade/-/escalade-3.2.0.tgz. Extracting by manifest.
2831 silly tarball no local data for @unrs/resolver-binding-win32-x64-msvc@https://registry.npmjs.org/@unrs/resolver-binding-win32-x64-msvc/-/resolver-binding-win32-x64-msvc-1.11.1.tgz. Extracting by manifest.
2832 silly tarball no local data for @emnapi/core@https://registry.npmjs.org/@emnapi/core/-/core-1.10.0.tgz. Extracting by manifest.
2833 silly tarball no local data for @napi-rs/wasm-runtime@https://registry.npmjs.org/@napi-rs/wasm-runtime/-/wasm-runtime-0.2.12.tgz. Extracting by manifest.
2834 silly tarball no local data for napi-postinstall@https://registry.npmjs.org/napi-postinstall/-/napi-postinstall-0.3.4.tgz. Extracting by manifest.
2835 silly tarball no local data for which-boxed-primitive@https://registry.npmjs.org/which-boxed-primitive/-/which-boxed-primitive-1.1.1.tgz. Extracting by manifest.
2836 silly tarball no local data for has-bigints@https://registry.npmjs.org/has-bigints/-/has-bigints-1.1.0.tgz. Extracting by manifest.
2837 silly tarball no local data for @typescript-eslint/tsconfig-utils@https://registry.npmjs.org/@typescript-eslint/tsconfig-utils/-/tsconfig-utils-8.59.2.tgz. Extracting by manifest.
2838 silly tarball no local data for ts-api-utils@https://registry.npmjs.org/ts-api-utils/-/ts-api-utils-2.5.0.tgz. Extracting by manifest.
2839 silly tarball no local data for @typescript-eslint/project-service@https://registry.npmjs.org/@typescript-eslint/project-service/-/project-service-8.59.2.tgz. Extracting by manifest.
2840 silly tarball no local data for @typescript-eslint/type-utils@https://registry.npmjs.org/@typescript-eslint/type-utils/-/type-utils-8.59.2.tgz. Extracting by manifest.
2841 silly tarball no local data for @typescript-eslint/types@https://registry.npmjs.org/@typescript-eslint/types/-/types-8.59.2.tgz. Extracting by manifest.
2842 silly tarball no local data for @typescript-eslint/visitor-keys@https://registry.npmjs.org/@typescript-eslint/visitor-keys/-/visitor-keys-8.59.2.tgz. Extracting by manifest.
2843 silly tarball no local data for @typescript-eslint/utils@https://registry.npmjs.org/@typescript-eslint/utils/-/utils-8.59.2.tgz. Extracting by manifest.
2844 silly tarball no local data for @typescript-eslint/scope-manager@https://registry.npmjs.org/@typescript-eslint/scope-manager/-/scope-manager-8.59.2.tgz. Extracting by manifest.
2845 silly tarball no local data for @typescript-eslint/typescript-estree@https://registry.npmjs.org/@typescript-eslint/typescript-estree/-/typescript-estree-8.59.2.tgz. Extracting by manifest.
2846 silly tarball no local data for @typescript-eslint/eslint-plugin@https://registry.npmjs.org/@typescript-eslint/eslint-plugin/-/eslint-plugin-8.59.2.tgz. Extracting by manifest.
2847 silly tarball no local data for @typescript-eslint/parser@https://registry.npmjs.org/@typescript-eslint/parser/-/parser-8.59.2.tgz. Extracting by manifest.
2848 silly tarball no local data for which-builtin-type@https://registry.npmjs.org/which-builtin-type/-/which-builtin-type-1.2.1.tgz. Extracting by manifest.
2849 silly tarball no local data for @types/json5@https://registry.npmjs.org/@types/json5/-/json5-0.0.29.tgz. Extracting by manifest.
2850 silly tarball no local data for reflect.getprototypeof@https://registry.npmjs.org/reflect.getprototypeof/-/reflect.getprototypeof-1.0.10.tgz. Extracting by manifest.
2851 silly tarball no local data for for-each@https://registry.npmjs.org/for-each/-/for-each-0.3.5.tgz. Extracting by manifest.
2852 silly tarball no local data for minimist@https://registry.npmjs.org/minimist/-/minimist-1.2.8.tgz. Extracting by manifest.
2853 silly tarball no local data for strip-bom@https://registry.npmjs.org/strip-bom/-/strip-bom-3.0.0.tgz. Extracting by manifest.
2854 silly tarball no local data for is-number@https://registry.npmjs.org/is-number/-/is-number-7.0.0.tgz. Extracting by manifest.
2855 silly tarball no local data for client-only@https://registry.npmjs.org/client-only/-/client-only-0.0.1.tgz. Extracting by manifest.
2856 silly tarball no local data for has-flag@https://registry.npmjs.org/has-flag/-/has-flag-4.0.0.tgz. Extracting by manifest.
2857 silly tarball no local data for side-channel-weakmap@https://registry.npmjs.org/side-channel-weakmap/-/side-channel-weakmap-1.0.2.tgz. Extracting by manifest.
2858 silly tarball no local data for side-channel-list@https://registry.npmjs.org/side-channel-list/-/side-channel-list-1.0.1.tgz. Extracting by manifest.
2859 silly tarball no local data for @emnapi/runtime@https://registry.npmjs.org/@emnapi/runtime/-/runtime-1.10.0.tgz. Extracting by manifest.
2860 silly tarball no local data for shebang-regex@https://registry.npmjs.org/shebang-regex/-/shebang-regex-3.0.0.tgz. Extracting by manifest.
2861 silly tarball no local data for side-channel-map@https://registry.npmjs.org/side-channel-map/-/side-channel-map-1.0.1.tgz. Extracting by manifest.
2862 silly tarball no local data for @img/sharp-win32-x64@https://registry.npmjs.org/@img/sharp-win32-x64/-/sharp-win32-x64-0.34.5.tgz. Extracting by manifest.
2863 silly tarball no local data for @img/colour@https://registry.npmjs.org/@img/colour/-/colour-1.1.0.tgz. Extracting by manifest.
2864 silly tarball no local data for queue-microtask@https://registry.npmjs.org/queue-microtask/-/queue-microtask-1.2.3.tgz. Extracting by manifest.
2865 silly tarball no local data for supports-preserve-symlinks-flag@https://registry.npmjs.org/supports-preserve-symlinks-flag/-/supports-preserve-symlinks-flag-1.0.0.tgz. Extracting by manifest.
2866 silly tarball no local data for isarray@https://registry.npmjs.org/isarray/-/isarray-2.0.5.tgz. Extracting by manifest.
2867 silly tarball no local data for node-exports-info@https://registry.npmjs.org/node-exports-info/-/node-exports-info-1.6.0.tgz. Extracting by manifest.
2868 silly tarball no local data for path-parse@https://registry.npmjs.org/path-parse/-/path-parse-1.0.7.tgz. Extracting by manifest.
2869 silly tarball no local data for scheduler@https://registry.npmjs.org/scheduler/-/scheduler-0.27.0.tgz. Extracting by manifest.
2870 silly tarball no local data for react-is@https://registry.npmjs.org/react-is/-/react-is-16.13.1.tgz. Extracting by manifest.
2871 silly tarball no local data for object-assign@https://registry.npmjs.org/object-assign/-/object-assign-4.1.1.tgz. Extracting by manifest.
2872 silly tarball no local data for loose-envify@https://registry.npmjs.org/loose-envify/-/loose-envify-1.4.0.tgz. Extracting by manifest.
2873 silly tarball no local data for yocto-queue@https://registry.npmjs.org/yocto-queue/-/yocto-queue-0.1.0.tgz. Extracting by manifest.
2874 silly tarball no local data for callsites@https://registry.npmjs.org/callsites/-/callsites-3.1.0.tgz. Extracting by manifest.
2875 silly tarball no local data for nanoid@https://registry.npmjs.org/nanoid/-/nanoid-3.3.12.tgz. Extracting by manifest.
2876 silly tarball no local data for fast-levenshtein@https://registry.npmjs.org/fast-levenshtein/-/fast-levenshtein-2.0.6.tgz. Extracting by manifest.
2877 silly tarball no local data for p-limit@https://registry.npmjs.org/p-limit/-/p-limit-3.1.0.tgz. Extracting by manifest.
2878 silly tarball no local data for word-wrap@https://registry.npmjs.org/word-wrap/-/word-wrap-1.2.5.tgz. Extracting by manifest.
2879 silly tarball no local data for @swc/helpers@https://registry.npmjs.org/@swc/helpers/-/helpers-0.5.15.tgz. Extracting by manifest.
2880 silly tarball no local data for deep-is@https://registry.npmjs.org/deep-is/-/deep-is-0.1.4.tgz. Extracting by manifest.
2881 silly tarball no local data for @next/swc-win32-x64-msvc@https://registry.npmjs.org/@next/swc-win32-x64-msvc/-/swc-win32-x64-msvc-16.2.6.tgz. Extracting by manifest.
2882 silly tarball no local data for @next/env@https://registry.npmjs.org/@next/env/-/env-16.2.6.tgz. Extracting by manifest.
2883 silly tarball no local data for styled-jsx@https://registry.npmjs.org/styled-jsx/-/styled-jsx-5.1.6.tgz. Extracting by manifest.
2884 silly tarball no local data for tslib@https://registry.npmjs.org/tslib/-/tslib-2.8.1.tgz. Extracting by manifest.
2885 silly tarball no local data for balanced-match@https://registry.npmjs.org/balanced-match/-/balanced-match-1.0.2.tgz. Extracting by manifest.
2886 silly tarball no local data for sharp@https://registry.npmjs.org/sharp/-/sharp-0.34.5.tgz. Extracting by manifest.
2887 silly tarball no local data for concat-map@https://registry.npmjs.org/concat-map/-/concat-map-0.0.1.tgz. Extracting by manifest.
2888 silly tarball no local data for to-regex-range@https://registry.npmjs.org/to-regex-range/-/to-regex-range-5.0.1.tgz. Extracting by manifest.
2889 silly tarball no local data for brace-expansion@https://registry.npmjs.org/brace-expansion/-/brace-expansion-1.1.14.tgz. Extracting by manifest.
2890 silly tarball no local data for fill-range@https://registry.npmjs.org/fill-range/-/fill-range-7.1.1.tgz. Extracting by manifest.
2891 silly tarball no local data for picomatch@https://registry.npmjs.org/picomatch/-/picomatch-2.3.2.tgz. Extracting by manifest.
2892 silly tarball no local data for braces@https://registry.npmjs.org/braces/-/braces-3.0.3.tgz. Extracting by manifest.
2893 silly tarball no local data for yallist@https://registry.npmjs.org/yallist/-/yallist-3.1.1.tgz. Extracting by manifest.
2894 silly tarball no local data for detect-libc@https://registry.npmjs.org/detect-libc/-/detect-libc-2.1.2.tgz. Extracting by manifest.
2895 silly tarball no local data for p-locate@https://registry.npmjs.org/p-locate/-/p-locate-5.0.0.tgz. Extracting by manifest.
2896 silly tarball no local data for lightningcss-win32-x64-msvc@https://registry.npmjs.org/lightningcss-win32-x64-msvc/-/lightningcss-win32-x64-msvc-1.32.0.tgz. Extracting by manifest.
2897 silly tarball no local data for prelude-ls@https://registry.npmjs.org/prelude-ls/-/prelude-ls-1.2.1.tgz. Extracting by manifest.
2898 silly tarball no local data for type-check@https://registry.npmjs.org/type-check/-/type-check-0.4.0.tgz. Extracting by manifest.
2899 silly tarball no local data for argparse@https://registry.npmjs.org/argparse/-/argparse-2.0.1.tgz. Extracting by manifest.
2900 silly tarball no local data for language-subtag-registry@https://registry.npmjs.org/language-subtag-registry/-/language-subtag-registry-0.3.23.tgz. Extracting by manifest.
2901 silly tarball no local data for json-buffer@https://registry.npmjs.org/json-buffer/-/json-buffer-3.0.1.tgz. Extracting by manifest.
2902 silly tarball no local data for set-function-name@https://registry.npmjs.org/set-function-name/-/set-function-name-2.0.2.tgz. Extracting by manifest.
2903 silly tarball no local data for is-extglob@https://registry.npmjs.org/is-extglob/-/is-extglob-2.1.1.tgz. Extracting by manifest.
2904 silly tarball no local data for resolve-from@https://registry.npmjs.org/resolve-from/-/resolve-from-4.0.0.tgz. Extracting by manifest.
2905 silly tarball no local data for side-channel@https://registry.npmjs.org/side-channel/-/side-channel-1.1.0.tgz. Extracting by manifest.
2906 silly tarball no local data for hermes-estree@https://registry.npmjs.org/hermes-estree/-/hermes-estree-0.25.1.tgz. Extracting by manifest.
2907 silly tarball no local data for parent-module@https://registry.npmjs.org/parent-module/-/parent-module-1.0.1.tgz. Extracting by manifest.
2908 silly tarball no local data for functions-have-names@https://registry.npmjs.org/functions-have-names/-/functions-have-names-1.2.3.tgz. Extracting by manifest.
2909 silly tarball no local data for resolve-pkg-maps@https://registry.npmjs.org/resolve-pkg-maps/-/resolve-pkg-maps-1.0.0.tgz. Extracting by manifest.
2910 silly tarball no local data for dunder-proto@https://registry.npmjs.org/dunder-proto/-/dunder-proto-1.0.1.tgz. Extracting by manifest.
2911 silly tarball no local data for keyv@https://registry.npmjs.org/keyv/-/keyv-4.5.4.tgz. Extracting by manifest.
2912 silly tarball no local data for flatted@https://registry.npmjs.org/flatted/-/flatted-3.4.2.tgz. Extracting by manifest.
2913 silly tarball no local data for path-exists@https://registry.npmjs.org/path-exists/-/path-exists-4.0.0.tgz. Extracting by manifest.
2914 silly tarball no local data for run-parallel@https://registry.npmjs.org/run-parallel/-/run-parallel-1.2.0.tgz. Extracting by manifest.
2915 silly tarball no local data for locate-path@https://registry.npmjs.org/locate-path/-/locate-path-6.0.0.tgz. Extracting by manifest.
2916 silly tarball no local data for flat-cache@https://registry.npmjs.org/flat-cache/-/flat-cache-4.0.1.tgz. Extracting by manifest.
2917 silly tarball no local data for fastq@https://registry.npmjs.org/fastq/-/fastq-1.20.1.tgz. Extracting by manifest.
2918 silly tarball no local data for reusify@https://registry.npmjs.org/reusify/-/reusify-1.1.0.tgz. Extracting by manifest.
2919 silly tarball no local data for @nodelib/fs.scandir@https://registry.npmjs.org/@nodelib/fs.scandir/-/fs.scandir-2.1.5.tgz. Extracting by manifest.
2920 silly tarball no local data for @nodelib/fs.stat@https://registry.npmjs.org/@nodelib/fs.stat/-/fs.stat-2.0.5.tgz. Extracting by manifest.
2921 silly tarball no local data for @nodelib/fs.walk@https://registry.npmjs.org/@nodelib/fs.walk/-/fs.walk-1.2.8.tgz. Extracting by manifest.
2922 silly tarball no local data for micromatch@https://registry.npmjs.org/micromatch/-/micromatch-4.0.8.tgz. Extracting by manifest.
2923 silly tarball no local data for acorn-jsx@https://registry.npmjs.org/acorn-jsx/-/acorn-jsx-5.3.2.tgz. Extracting by manifest.
2924 silly tarball no local data for merge2@https://registry.npmjs.org/merge2/-/merge2-1.4.1.tgz. Extracting by manifest.
2925 silly tarball no local data for acorn@https://registry.npmjs.org/acorn/-/acorn-8.16.0.tgz. Extracting by manifest.
2926 silly tarball no local data for update-browserslist-db@https://registry.npmjs.org/update-browserslist-db/-/update-browserslist-db-1.2.3.tgz. Extracting by manifest.
2927 silly tarball no local data for esrecurse@https://registry.npmjs.org/esrecurse/-/esrecurse-4.3.0.tgz. Extracting by manifest.
2928 silly tarball no local data for node-releases@https://registry.npmjs.org/node-releases/-/node-releases-2.0.38.tgz. Extracting by manifest.
2929 silly tarball no local data for @babel/helper-globals@https://registry.npmjs.org/@babel/helper-globals/-/helper-globals-7.28.0.tgz. Extracting by manifest.
2930 silly tarball no local data for electron-to-chromium@https://registry.npmjs.org/electron-to-chromium/-/electron-to-chromium-1.5.353.tgz. Extracting by manifest.
2931 silly tarball no local data for @babel/helper-string-parser@https://registry.npmjs.org/@babel/helper-string-parser/-/helper-string-parser-7.27.1.tgz. Extracting by manifest.
2932 silly tarball no local data for caniuse-lite@https://registry.npmjs.org/caniuse-lite/-/caniuse-lite-1.0.30001792.tgz. Extracting by manifest.
2933 silly tarball no local data for baseline-browser-mapping@https://registry.npmjs.org/baseline-browser-mapping/-/baseline-browser-mapping-2.10.29.tgz. Extracting by manifest.
2934 silly tarball no local data for @babel/helper-module-imports@https://registry.npmjs.org/@babel/helper-module-imports/-/helper-module-imports-7.28.6.tgz. Extracting by manifest.
2935 silly tarball no local data for browserslist@https://registry.npmjs.org/browserslist/-/browserslist-4.28.2.tgz. Extracting by manifest.
2936 silly tarball no local data for lru-cache@https://registry.npmjs.org/lru-cache/-/lru-cache-5.1.1.tgz. Extracting by manifest.
2937 silly tarball no local data for @babel/compat-data@https://registry.npmjs.org/@babel/compat-data/-/compat-data-7.29.3.tgz. Extracting by manifest.
2938 silly tarball no local data for @babel/helper-validator-option@https://registry.npmjs.org/@babel/helper-validator-option/-/helper-validator-option-7.27.1.tgz. Extracting by manifest.
2939 silly tarball no local data for jsesc@https://registry.npmjs.org/jsesc/-/jsesc-3.1.0.tgz. Extracting by manifest.
2940 silly tarball no local data for picocolors@https://registry.npmjs.org/picocolors/-/picocolors-1.1.1.tgz. Extracting by manifest.
2941 silly tarball no local data for @babel/helper-validator-identifier@https://registry.npmjs.org/@babel/helper-validator-identifier/-/helper-validator-identifier-7.28.5.tgz. Extracting by manifest.
2942 silly tarball no local data for json5@https://registry.npmjs.org/json5/-/json5-2.2.3.tgz. Extracting by manifest.
2943 silly tarball no local data for gensync@https://registry.npmjs.org/gensync/-/gensync-1.0.0-beta.2.tgz. Extracting by manifest.
2944 silly tarball no local data for js-tokens@https://registry.npmjs.org/js-tokens/-/js-tokens-4.0.0.tgz. Extracting by manifest.
2945 silly tarball no local data for convert-source-map@https://registry.npmjs.org/convert-source-map/-/convert-source-map-2.0.0.tgz. Extracting by manifest.
2946 silly tarball no local data for @babel/template@https://registry.npmjs.org/@babel/template/-/template-7.28.6.tgz. Extracting by manifest.
2947 silly tarball no local data for @babel/types@https://registry.npmjs.org/@babel/types/-/types-7.29.0.tgz. Extracting by manifest.
2948 silly tarball no local data for @babel/traverse@https://registry.npmjs.org/@babel/traverse/-/traverse-7.29.0.tgz. Extracting by manifest.
2949 silly tarball no local data for @babel/helpers@https://registry.npmjs.org/@babel/helpers/-/helpers-7.29.2.tgz. Extracting by manifest.
2950 silly tarball no local data for @babel/helper-module-transforms@https://registry.npmjs.org/@babel/helper-module-transforms/-/helper-module-transforms-7.28.6.tgz. Extracting by manifest.
2951 silly tarball no local data for zod@https://registry.npmjs.org/zod/-/zod-4.4.3.tgz. Extracting by manifest.
2952 silly tarball no local data for zod-validation-error@https://registry.npmjs.org/zod-validation-error/-/zod-validation-error-4.0.2.tgz. Extracting by manifest.
2953 silly tarball no local data for @babel/helper-compilation-targets@https://registry.npmjs.org/@babel/helper-compilation-targets/-/helper-compilation-targets-7.28.6.tgz. Extracting by manifest.
2954 silly tarball no local data for @babel/generator@https://registry.npmjs.org/@babel/generator/-/generator-7.29.1.tgz. Extracting by manifest.
2955 silly tarball no local data for @babel/code-frame@https://registry.npmjs.org/@babel/code-frame/-/code-frame-7.29.0.tgz. Extracting by manifest.
2956 silly tarball no local data for @babel/parser@https://registry.npmjs.org/@babel/parser/-/parser-7.29.3.tgz. Extracting by manifest.
2957 silly tarball no local data for @babel/core@https://registry.npmjs.org/@babel/core/-/core-7.29.0.tgz. Extracting by manifest.
2958 silly tarball no local data for iterator.prototype@https://registry.npmjs.org/iterator.prototype/-/iterator.prototype-1.1.5.tgz. Extracting by manifest.
2959 silly tarball no local data for hermes-parser@https://registry.npmjs.org/hermes-parser/-/hermes-parser-0.25.1.tgz. Extracting by manifest.
2960 silly tarball no local data for prop-types@https://registry.npmjs.org/prop-types/-/prop-types-15.8.1.tgz. Extracting by manifest.
2961 silly tarball no local data for string.prototype.repeat@https://registry.npmjs.org/string.prototype.repeat/-/string.prototype.repeat-1.0.0.tgz. Extracting by manifest.
2962 silly tarball no local data for string.prototype.matchall@https://registry.npmjs.org/string.prototype.matchall/-/string.prototype.matchall-4.0.12.tgz. Extracting by manifest.
2963 silly tarball no local data for object.entries@https://registry.npmjs.org/object.entries/-/object.entries-1.1.9.tgz. Extracting by manifest.
2964 silly tarball no local data for estraverse@https://registry.npmjs.org/estraverse/-/estraverse-5.3.0.tgz. Extracting by manifest.
2965 silly tarball no local data for es-iterator-helpers@https://registry.npmjs.org/es-iterator-helpers/-/es-iterator-helpers-1.3.2.tgz. Extracting by manifest.
2966 silly tarball no local data for array.prototype.tosorted@https://registry.npmjs.org/array.prototype.tosorted/-/array.prototype.tosorted-1.1.4.tgz. Extracting by manifest.
2967 silly tarball no local data for string.prototype.includes@https://registry.npmjs.org/string.prototype.includes/-/string.prototype.includes-2.0.1.tgz. Extracting by manifest.
2968 silly tarball no local data for array.prototype.findlast@https://registry.npmjs.org/array.prototype.findlast/-/array.prototype.findlast-1.2.5.tgz. Extracting by manifest.
2969 silly tarball no local data for emoji-regex@https://registry.npmjs.org/emoji-regex/-/emoji-regex-9.2.2.tgz. Extracting by manifest.
2970 silly tarball no local data for language-tags@https://registry.npmjs.org/language-tags/-/language-tags-1.0.9.tgz. Extracting by manifest.
2971 silly tarball no local data for jsx-ast-utils@https://registry.npmjs.org/jsx-ast-utils/-/jsx-ast-utils-3.3.5.tgz. Extracting by manifest.
2972 silly tarball no local data for damerau-levenshtein@https://registry.npmjs.org/damerau-levenshtein/-/damerau-levenshtein-1.0.8.tgz. Extracting by manifest.
2973 silly tarball no local data for axobject-query@https://registry.npmjs.org/axobject-query/-/axobject-query-4.1.0.tgz. Extracting by manifest.
2974 silly tarball no local data for ast-types-flow@https://registry.npmjs.org/ast-types-flow/-/ast-types-flow-0.0.8.tgz. Extracting by manifest.
2975 silly tarball no local data for is-date-object@https://registry.npmjs.org/is-date-object/-/is-date-object-1.1.0.tgz. Extracting by manifest.
2976 silly tarball no local data for aria-query@https://registry.npmjs.org/aria-query/-/aria-query-5.3.2.tgz. Extracting by manifest.
2977 silly tarball no local data for axe-core@https://registry.npmjs.org/axe-core/-/axe-core-4.11.4.tgz. Extracting by manifest.
2978 silly tarball no local data for has-tostringtag@https://registry.npmjs.org/has-tostringtag/-/has-tostringtag-1.0.2.tgz. Extracting by manifest.
2979 silly tarball no local data for is-symbol@https://registry.npmjs.org/is-symbol/-/is-symbol-1.1.1.tgz. Extracting by manifest.
2980 silly tarball no local data for possible-typed-array-names@https://registry.npmjs.org/possible-typed-array-names/-/possible-typed-array-names-1.1.0.tgz. Extracting by manifest.
2981 silly tarball no local data for which-typed-array@https://registry.npmjs.org/which-typed-array/-/which-typed-array-1.1.20.tgz. Extracting by manifest.
2982 silly tarball no local data for unbox-primitive@https://registry.npmjs.org/unbox-primitive/-/unbox-primitive-1.1.0.tgz. Extracting by manifest.
2983 silly tarball no local data for typed-array-length@https://registry.npmjs.org/typed-array-length/-/typed-array-length-1.0.7.tgz. Extracting by manifest.
2984 silly tarball no local data for typed-array-buffer@https://registry.npmjs.org/typed-array-buffer/-/typed-array-buffer-1.0.3.tgz. Extracting by manifest.
2985 silly tarball no local data for typed-array-byte-offset@https://registry.npmjs.org/typed-array-byte-offset/-/typed-array-byte-offset-1.0.4.tgz. Extracting by manifest.
2986 silly tarball no local data for typed-array-byte-length@https://registry.npmjs.org/typed-array-byte-length/-/typed-array-byte-length-1.0.3.tgz. Extracting by manifest.
2987 silly tarball no local data for string.prototype.trimstart@https://registry.npmjs.org/string.prototype.trimstart/-/string.prototype.trimstart-1.0.8.tgz. Extracting by manifest.
2988 silly tarball no local data for string.prototype.trim@https://registry.npmjs.org/string.prototype.trim/-/string.prototype.trim-1.2.10.tgz. Extracting by manifest.
2989 silly tarball no local data for stop-iteration-iterator@https://registry.npmjs.org/stop-iteration-iterator/-/stop-iteration-iterator-1.1.0.tgz. Extracting by manifest.
2990 silly tarball no local data for safe-regex-test@https://registry.npmjs.org/safe-regex-test/-/safe-regex-test-1.1.0.tgz. Extracting by manifest.
2991 silly tarball no local data for set-proto@https://registry.npmjs.org/set-proto/-/set-proto-1.0.0.tgz. Extracting by manifest.
2992 silly tarball no local data for safe-push-apply@https://registry.npmjs.org/safe-push-apply/-/safe-push-apply-1.0.0.tgz. Extracting by manifest.
2993 silly tarball no local data for own-keys@https://registry.npmjs.org/own-keys/-/own-keys-1.0.1.tgz. Extracting by manifest.
2994 silly tarball no local data for safe-array-concat@https://registry.npmjs.org/safe-array-concat/-/safe-array-concat-1.1.4.tgz. Extracting by manifest.
2995 silly tarball no local data for regexp.prototype.flags@https://registry.npmjs.org/regexp.prototype.flags/-/regexp.prototype.flags-1.5.4.tgz. Extracting by manifest.
2996 silly tarball no local data for is-typed-array@https://registry.npmjs.org/is-typed-array/-/is-typed-array-1.1.15.tgz. Extracting by manifest.
2997 silly tarball no local data for object.assign@https://registry.npmjs.org/object.assign/-/object.assign-4.1.7.tgz. Extracting by manifest.
2998 silly tarball no local data for is-weakref@https://registry.npmjs.org/is-weakref/-/is-weakref-1.1.1.tgz. Extracting by manifest.
2999 silly tarball no local data for is-shared-array-buffer@https://registry.npmjs.org/is-shared-array-buffer/-/is-shared-array-buffer-1.0.4.tgz. Extracting by manifest.
3000 silly tarball no local data for object-inspect@https://registry.npmjs.org/object-inspect/-/object-inspect-1.13.4.tgz. Extracting by manifest.
3001 silly tarball no local data for is-data-view@https://registry.npmjs.org/is-data-view/-/is-data-view-1.0.2.tgz. Extracting by manifest.
3002 silly tarball no local data for is-regex@https://registry.npmjs.org/is-regex/-/is-regex-1.2.1.tgz. Extracting by manifest.
3003 silly tarball no local data for is-set@https://registry.npmjs.org/is-set/-/is-set-2.0.3.tgz. Extracting by manifest.
3004 silly tarball no local data for is-callable@https://registry.npmjs.org/is-callable/-/is-callable-1.2.7.tgz. Extracting by manifest.
3005 silly tarball no local data for is-array-buffer@https://registry.npmjs.org/is-array-buffer/-/is-array-buffer-3.0.5.tgz. Extracting by manifest.
3006 silly tarball no local data for internal-slot@https://registry.npmjs.org/internal-slot/-/internal-slot-1.1.0.tgz. Extracting by manifest.
3007 silly tarball no local data for globalthis@https://registry.npmjs.org/globalthis/-/globalthis-1.0.4.tgz. Extracting by manifest.
3008 silly tarball no local data for has-symbols@https://registry.npmjs.org/has-symbols/-/has-symbols-1.1.0.tgz. Extracting by manifest.
3009 silly tarball no local data for has-proto@https://registry.npmjs.org/has-proto/-/has-proto-1.2.0.tgz. Extracting by manifest.
3010 silly tarball no local data for get-proto@https://registry.npmjs.org/get-proto/-/get-proto-1.0.1.tgz. Extracting by manifest.
3011 silly tarball no local data for get-symbol-description@https://registry.npmjs.org/get-symbol-description/-/get-symbol-description-1.1.0.tgz. Extracting by manifest.
3012 silly tarball no local data for function.prototype.name@https://registry.npmjs.org/function.prototype.name/-/function.prototype.name-1.1.8.tgz. Extracting by manifest.
3013 silly tarball no local data for is-negative-zero@https://registry.npmjs.org/is-negative-zero/-/is-negative-zero-2.0.3.tgz. Extracting by manifest.
3014 silly tarball no local data for es-to-primitive@https://registry.npmjs.org/es-to-primitive/-/es-to-primitive-1.3.0.tgz. Extracting by manifest.
3015 silly tarball no local data for es-set-tostringtag@https://registry.npmjs.org/es-set-tostringtag/-/es-set-tostringtag-2.1.0.tgz. Extracting by manifest.
3016 silly tarball no local data for data-view-byte-offset@https://registry.npmjs.org/data-view-byte-offset/-/data-view-byte-offset-1.0.1.tgz. Extracting by manifest.
3017 silly tarball no local data for data-view-byte-length@https://registry.npmjs.org/data-view-byte-length/-/data-view-byte-length-1.0.2.tgz. Extracting by manifest.
3018 silly tarball no local data for data-view-buffer@https://registry.npmjs.org/data-view-buffer/-/data-view-buffer-1.0.2.tgz. Extracting by manifest.
3019 silly tarball no local data for available-typed-arrays@https://registry.npmjs.org/available-typed-arrays/-/available-typed-arrays-1.0.7.tgz. Extracting by manifest.
3020 silly tarball no local data for array-buffer-byte-length@https://registry.npmjs.org/array-buffer-byte-length/-/array-buffer-byte-length-1.0.2.tgz. Extracting by manifest.
3021 silly tarball no local data for arraybuffer.prototype.slice@https://registry.npmjs.org/arraybuffer.prototype.slice/-/arraybuffer.prototype.slice-1.0.4.tgz. Extracting by manifest.
3022 silly tarball no local data for object-keys@https://registry.npmjs.org/object-keys/-/object-keys-1.1.1.tgz. Extracting by manifest.
3023 silly tarball no local data for gopd@https://registry.npmjs.org/gopd/-/gopd-1.2.0.tgz. Extracting by manifest.
3024 silly tarball no local data for has-property-descriptors@https://registry.npmjs.org/has-property-descriptors/-/has-property-descriptors-1.0.2.tgz. Extracting by manifest.
3025 silly tarball no local data for define-data-property@https://registry.npmjs.org/define-data-property/-/define-data-property-1.1.4.tgz. Extracting by manifest.
3026 silly tarball no local data for function-bind@https://registry.npmjs.org/function-bind/-/function-bind-1.1.2.tgz. Extracting by manifest.
3027 silly tarball no local data for set-function-length@https://registry.npmjs.org/set-function-length/-/set-function-length-1.2.2.tgz. Extracting by manifest.
3028 silly tarball no local data for es-define-property@https://registry.npmjs.org/es-define-property/-/es-define-property-1.0.1.tgz. Extracting by manifest.
3029 silly tarball no local data for call-bind-apply-helpers@https://registry.npmjs.org/call-bind-apply-helpers/-/call-bind-apply-helpers-1.0.2.tgz. Extracting by manifest.
3030 silly tarball no local data for es-shim-unscopables@https://registry.npmjs.org/es-shim-unscopables/-/es-shim-unscopables-1.1.0.tgz. Extracting by manifest.
3031 silly tarball no local data for is-string@https://registry.npmjs.org/is-string/-/is-string-1.1.1.tgz. Extracting by manifest.
3032 silly tarball no local data for es-errors@https://registry.npmjs.org/es-errors/-/es-errors-1.3.0.tgz. Extracting by manifest.
3033 silly tarball no local data for math-intrinsics@https://registry.npmjs.org/math-intrinsics/-/math-intrinsics-1.1.0.tgz. Extracting by manifest.
3034 silly tarball no local data for get-intrinsic@https://registry.npmjs.org/get-intrinsic/-/get-intrinsic-1.3.0.tgz. Extracting by manifest.
3035 silly tarball no local data for es-object-atoms@https://registry.npmjs.org/es-object-atoms/-/es-object-atoms-1.1.1.tgz. Extracting by manifest.
3036 silly tarball no local data for es-abstract@https://registry.npmjs.org/es-abstract/-/es-abstract-1.24.2.tgz. Extracting by manifest.
3037 silly tarball no local data for call-bound@https://registry.npmjs.org/call-bound/-/call-bound-1.0.4.tgz. Extracting by manifest.
3038 silly tarball no local data for define-properties@https://registry.npmjs.org/define-properties/-/define-properties-1.2.1.tgz. Extracting by manifest.
3039 silly tarball no local data for call-bind@https://registry.npmjs.org/call-bind/-/call-bind-1.0.9.tgz. Extracting by manifest.
3040 silly tarball no local data for tsconfig-paths@https://registry.npmjs.org/tsconfig-paths/-/tsconfig-paths-3.15.0.tgz. Extracting by manifest.
3041 silly tarball no local data for string.prototype.trimend@https://registry.npmjs.org/string.prototype.trimend/-/string.prototype.trimend-1.0.9.tgz. Extracting by manifest.
3042 silly tarball no local data for semver@https://registry.npmjs.org/semver/-/semver-6.3.1.tgz. Extracting by manifest.
3043 silly tarball no local data for object.values@https://registry.npmjs.org/object.values/-/object.values-1.2.1.tgz. Extracting by manifest.
3044 silly tarball no local data for object.groupby@https://registry.npmjs.org/object.groupby/-/object.groupby-1.0.3.tgz. Extracting by manifest.
3045 silly tarball no local data for object.fromentries@https://registry.npmjs.org/object.fromentries/-/object.fromentries-2.0.8.tgz. Extracting by manifest.
3046 silly tarball no local data for hasown@https://registry.npmjs.org/hasown/-/hasown-2.0.3.tgz. Extracting by manifest.
3047 silly tarball no local data for eslint-module-utils@https://registry.npmjs.org/eslint-module-utils/-/eslint-module-utils-2.12.1.tgz. Extracting by manifest.
3048 silly tarball no local data for doctrine@https://registry.npmjs.org/doctrine/-/doctrine-2.1.0.tgz. Extracting by manifest.
3049 silly tarball no local data for array.prototype.flatmap@https://registry.npmjs.org/array.prototype.flatmap/-/array.prototype.flatmap-1.3.3.tgz. Extracting by manifest.
3050 silly tarball no local data for array.prototype.flat@https://registry.npmjs.org/array.prototype.flat/-/array.prototype.flat-1.3.3.tgz. Extracting by manifest.
3051 silly tarball no local data for @rtsao/scc@https://registry.npmjs.org/@rtsao/scc/-/scc-1.1.0.tgz. Extracting by manifest.
3052 silly tarball no local data for array.prototype.findlastindex@https://registry.npmjs.org/array.prototype.findlastindex/-/array.prototype.findlastindex-1.2.6.tgz. Extracting by manifest.
3053 silly tarball no local data for array-includes@https://registry.npmjs.org/array-includes/-/array-includes-3.1.9.tgz. Extracting by manifest.
3054 silly tarball no local data for unrs-resolver@https://registry.npmjs.org/unrs-resolver/-/unrs-resolver-1.11.1.tgz. Extracting by manifest.
3055 silly tarball no local data for tinyglobby@https://registry.npmjs.org/tinyglobby/-/tinyglobby-0.2.16.tgz. Extracting by manifest.
3056 silly tarball no local data for stable-hash@https://registry.npmjs.org/stable-hash/-/stable-hash-0.0.5.tgz. Extracting by manifest.
3057 silly tarball no local data for is-bun-module@https://registry.npmjs.org/is-bun-module/-/is-bun-module-2.0.0.tgz. Extracting by manifest.
3058 silly tarball no local data for @nolyfill/is-core-module@https://registry.npmjs.org/@nolyfill/is-core-module/-/is-core-module-1.0.39.tgz. Extracting by manifest.
3059 silly tarball no local data for resolve@https://registry.npmjs.org/resolve/-/resolve-2.0.0-next.6.tgz. Extracting by manifest.
3060 silly tarball no local data for get-tsconfig@https://registry.npmjs.org/get-tsconfig/-/get-tsconfig-4.14.0.tgz. Extracting by manifest.
3061 silly tarball no local data for is-core-module@https://registry.npmjs.org/is-core-module/-/is-core-module-2.16.2.tgz. Extracting by manifest.
3062 silly tarball no local data for typescript-eslint@https://registry.npmjs.org/typescript-eslint/-/typescript-eslint-8.59.2.tgz. Extracting by manifest.
3063 silly tarball no local data for fast-glob@https://registry.npmjs.org/fast-glob/-/fast-glob-3.3.1.tgz. Extracting by manifest.
3064 silly tarball no local data for eslint-plugin-react-hooks@https://registry.npmjs.org/eslint-plugin-react-hooks/-/eslint-plugin-react-hooks-7.1.1.tgz. Extracting by manifest.
3065 silly tarball no local data for eslint-plugin-react@https://registry.npmjs.org/eslint-plugin-react/-/eslint-plugin-react-7.37.5.tgz. Extracting by manifest.
3066 silly tarball no local data for eslint-plugin-jsx-a11y@https://registry.npmjs.org/eslint-plugin-jsx-a11y/-/eslint-plugin-jsx-a11y-6.10.2.tgz. Extracting by manifest.
3067 silly tarball no local data for @next/eslint-plugin-next@https://registry.npmjs.org/@next/eslint-plugin-next/-/eslint-plugin-next-16.2.6.tgz. Extracting by manifest.
3068 silly tarball no local data for eslint-plugin-import@https://registry.npmjs.org/eslint-plugin-import/-/eslint-plugin-import-2.32.0.tgz. Extracting by manifest.
3069 silly tarball no local data for eslint-import-resolver-typescript@https://registry.npmjs.org/eslint-import-resolver-typescript/-/eslint-import-resolver-typescript-3.10.1.tgz. Extracting by manifest.
3070 silly tarball no local data for eslint-import-resolver-node@https://registry.npmjs.org/eslint-import-resolver-node/-/eslint-import-resolver-node-0.3.10.tgz. Extracting by manifest.
3071 silly tarball no local data for ms@https://registry.npmjs.org/ms/-/ms-2.1.3.tgz. Extracting by manifest.
3072 silly tarball no local data for which@https://registry.npmjs.org/which/-/which-2.0.2.tgz. Extracting by manifest.
3073 silly tarball no local data for shebang-command@https://registry.npmjs.org/shebang-command/-/shebang-command-2.0.0.tgz. Extracting by manifest.
3074 silly tarball no local data for path-key@https://registry.npmjs.org/path-key/-/path-key-3.1.1.tgz. Extracting by manifest.
3075 silly tarball no local data for color-name@https://registry.npmjs.org/color-name/-/color-name-1.1.4.tgz. Extracting by manifest.
3076 silly tarball no local data for color-convert@https://registry.npmjs.org/color-convert/-/color-convert-2.0.1.tgz. Extracting by manifest.
3077 silly tarball no local data for ansi-styles@https://registry.npmjs.org/ansi-styles/-/ansi-styles-4.3.0.tgz. Extracting by manifest.
3078 silly tarball no local data for supports-color@https://registry.npmjs.org/supports-color/-/supports-color-7.2.0.tgz. Extracting by manifest.
3079 silly tarball no local data for @humanfs/types@https://registry.npmjs.org/@humanfs/types/-/types-0.15.0.tgz. Extracting by manifest.
3080 silly tarball no local data for uri-js@https://registry.npmjs.org/uri-js/-/uri-js-4.4.1.tgz. Extracting by manifest.
3081 silly tarball no local data for json-schema-traverse@https://registry.npmjs.org/json-schema-traverse/-/json-schema-traverse-0.4.1.tgz. Extracting by manifest.
3082 silly tarball no local data for @humanfs/core@https://registry.npmjs.org/@humanfs/core/-/core-0.19.2.tgz. Extracting by manifest.
3083 silly tarball no local data for fast-json-stable-stringify@https://registry.npmjs.org/fast-json-stable-stringify/-/fast-json-stable-stringify-2.1.0.tgz. Extracting by manifest.
3084 silly tarball no local data for levn@https://registry.npmjs.org/levn/-/levn-0.4.1.tgz. Extracting by manifest.
3085 silly tarball no local data for strip-json-comments@https://registry.npmjs.org/strip-json-comments/-/strip-json-comments-3.1.1.tgz. Extracting by manifest.
3086 silly tarball no local data for js-yaml@https://registry.npmjs.org/js-yaml/-/js-yaml-4.1.1.tgz. Extracting by manifest.
3087 silly tarball no local data for @types/json-schema@https://registry.npmjs.org/@types/json-schema/-/json-schema-7.0.15.tgz. Extracting by manifest.
3088 silly tarball no local data for import-fresh@https://registry.npmjs.org/import-fresh/-/import-fresh-3.3.1.tgz. Extracting by manifest.
3089 silly tarball no local data for globals@https://registry.npmjs.org/globals/-/globals-14.0.0.tgz. Extracting by manifest.
3090 silly tarball no local data for @eslint/object-schema@https://registry.npmjs.org/@eslint/object-schema/-/object-schema-2.1.7.tgz. Extracting by manifest.
3091 silly tarball no local data for natural-compare@https://registry.npmjs.org/natural-compare/-/natural-compare-1.4.0.tgz. Extracting by manifest.
3092 silly tarball no local data for minimatch@https://registry.npmjs.org/minimatch/-/minimatch-3.1.5.tgz. Extracting by manifest.
3093 silly tarball no local data for lodash.merge@https://registry.npmjs.org/lodash.merge/-/lodash.merge-4.6.2.tgz. Extracting by manifest.
3094 silly tarball no local data for json-stable-stringify-without-jsonify@https://registry.npmjs.org/json-stable-stringify-without-jsonify/-/json-stable-stringify-without-jsonify-1.0.1.tgz. Extracting by manifest.
3095 silly tarball no local data for imurmurhash@https://registry.npmjs.org/imurmurhash/-/imurmurhash-0.1.4.tgz. Extracting by manifest.
3096 silly tarball no local data for is-glob@https://registry.npmjs.org/is-glob/-/is-glob-4.0.3.tgz. Extracting by manifest.
3097 silly tarball no local data for optionator@https://registry.npmjs.org/optionator/-/optionator-0.9.4.tgz. Extracting by manifest.
3098 silly tarball no local data for ignore@https://registry.npmjs.org/ignore/-/ignore-5.3.2.tgz. Extracting by manifest.
3099 silly tarball no local data for glob-parent@https://registry.npmjs.org/glob-parent/-/glob-parent-6.0.2.tgz. Extracting by manifest.
3100 silly tarball no local data for find-up@https://registry.npmjs.org/find-up/-/find-up-5.0.0.tgz. Extracting by manifest.
3101 silly tarball no local data for fast-deep-equal@https://registry.npmjs.org/fast-deep-equal/-/fast-deep-equal-3.1.3.tgz. Extracting by manifest.
3102 silly tarball no local data for file-entry-cache@https://registry.npmjs.org/file-entry-cache/-/file-entry-cache-8.0.0.tgz. Extracting by manifest.
3103 silly tarball no local data for esutils@https://registry.npmjs.org/esutils/-/esutils-2.0.3.tgz. Extracting by manifest.
3104 silly tarball no local data for esquery@https://registry.npmjs.org/esquery/-/esquery-1.7.0.tgz. Extracting by manifest.
3105 silly tarball no local data for espree@https://registry.npmjs.org/espree/-/espree-10.4.0.tgz. Extracting by manifest.
3106 silly tarball no local data for eslint-scope@https://registry.npmjs.org/eslint-scope/-/eslint-scope-8.4.0.tgz. Extracting by manifest.
3107 silly tarball no local data for eslint-visitor-keys@https://registry.npmjs.org/eslint-visitor-keys/-/eslint-visitor-keys-4.2.1.tgz. Extracting by manifest.
3108 silly tarball no local data for escape-string-regexp@https://registry.npmjs.org/escape-string-regexp/-/escape-string-regexp-4.0.0.tgz. Extracting by manifest.
3109 silly tarball no local data for debug@https://registry.npmjs.org/debug/-/debug-4.4.3.tgz. Extracting by manifest.
3110 silly tarball no local data for cross-spawn@https://registry.npmjs.org/cross-spawn/-/cross-spawn-7.0.6.tgz. Extracting by manifest.
3111 silly tarball no local data for @types/estree@https://registry.npmjs.org/@types/estree/-/estree-1.0.9.tgz. Extracting by manifest.
3112 silly tarball no local data for chalk@https://registry.npmjs.org/chalk/-/chalk-4.1.2.tgz. Extracting by manifest.
3113 silly tarball no local data for ajv@https://registry.npmjs.org/ajv/-/ajv-6.15.0.tgz. Extracting by manifest.
3114 silly tarball no local data for @humanwhocodes/module-importer@https://registry.npmjs.org/@humanwhocodes/module-importer/-/module-importer-1.0.1.tgz. Extracting by manifest.
3115 silly tarball no local data for @humanwhocodes/retry@https://registry.npmjs.org/@humanwhocodes/retry/-/retry-0.4.3.tgz. Extracting by manifest.
3116 silly tarball no local data for @humanfs/node@https://registry.npmjs.org/@humanfs/node/-/node-0.16.8.tgz. Extracting by manifest.
3117 silly tarball no local data for @eslint/plugin-kit@https://registry.npmjs.org/@eslint/plugin-kit/-/plugin-kit-0.4.1.tgz. Extracting by manifest.
3118 silly tarball no local data for @eslint/js@https://registry.npmjs.org/@eslint/js/-/js-9.39.4.tgz. Extracting by manifest.
3119 silly tarball no local data for @eslint/core@https://registry.npmjs.org/@eslint/core/-/core-0.17.0.tgz. Extracting by manifest.
3120 silly tarball no local data for @eslint/eslintrc@https://registry.npmjs.org/@eslint/eslintrc/-/eslintrc-3.3.5.tgz. Extracting by manifest.
3121 silly tarball no local data for @eslint/config-helpers@https://registry.npmjs.org/@eslint/config-helpers/-/config-helpers-0.4.2.tgz. Extracting by manifest.
3122 silly tarball no local data for @eslint/config-array@https://registry.npmjs.org/@eslint/config-array/-/config-array-0.21.2.tgz. Extracting by manifest.
3123 silly tarball no local data for @eslint-community/eslint-utils@https://registry.npmjs.org/@eslint-community/eslint-utils/-/eslint-utils-4.9.1.tgz. Extracting by manifest.
3124 silly tarball no local data for tapable@https://registry.npmjs.org/tapable/-/tapable-2.3.3.tgz. Extracting by manifest.
3125 silly tarball no local data for @eslint-community/regexpp@https://registry.npmjs.org/@eslint-community/regexpp/-/regexpp-4.12.2.tgz. Extracting by manifest.
3126 silly tarball no local data for graceful-fs@https://registry.npmjs.org/graceful-fs/-/graceful-fs-4.2.11.tgz. Extracting by manifest.
3127 silly tarball no local data for undici-types@https://registry.npmjs.org/undici-types/-/undici-types-6.21.0.tgz. Extracting by manifest.
3128 silly tarball no local data for csstype@https://registry.npmjs.org/csstype/-/csstype-3.2.3.tgz. Extracting by manifest.
3129 silly tarball no local data for @jridgewell/resolve-uri@https://registry.npmjs.org/@jridgewell/resolve-uri/-/resolve-uri-3.1.2.tgz. Extracting by manifest.
3130 silly tarball no local data for @tailwindcss/oxide-win32-x64-msvc@https://registry.npmjs.org/@tailwindcss/oxide-win32-x64-msvc/-/oxide-win32-x64-msvc-4.3.0.tgz. Extracting by manifest.
3131 silly tarball no local data for @jridgewell/sourcemap-codec@https://registry.npmjs.org/@jridgewell/sourcemap-codec/-/sourcemap-codec-1.5.5.tgz. Extracting by manifest.
3132 silly tarball no local data for @jridgewell/trace-mapping@https://registry.npmjs.org/@jridgewell/trace-mapping/-/trace-mapping-0.3.31.tgz. Extracting by manifest.
3133 silly tarball no local data for source-map-js@https://registry.npmjs.org/source-map-js/-/source-map-js-1.2.1.tgz. Extracting by manifest.
3134 silly tarball no local data for @jridgewell/gen-mapping@https://registry.npmjs.org/@jridgewell/gen-mapping/-/gen-mapping-0.3.13.tgz. Extracting by manifest.
3135 silly tarball no local data for lightningcss@https://registry.npmjs.org/lightningcss/-/lightningcss-1.32.0.tgz. Extracting by manifest.
3136 silly tarball no local data for enhanced-resolve@https://registry.npmjs.org/enhanced-resolve/-/enhanced-resolve-5.21.2.tgz. Extracting by manifest.
3137 silly tarball no local data for magic-string@https://registry.npmjs.org/magic-string/-/magic-string-0.30.21.tgz. Extracting by manifest.
3138 silly tarball no local data for jiti@https://registry.npmjs.org/jiti/-/jiti-2.7.0.tgz. Extracting by manifest.
3139 silly tarball no local data for postcss@https://registry.npmjs.org/postcss/-/postcss-8.5.14.tgz. Extracting by manifest.
3140 silly tarball no local data for @jridgewell/remapping@https://registry.npmjs.org/@jridgewell/remapping/-/remapping-2.3.5.tgz. Extracting by manifest.
3141 silly tarball no local data for @tailwindcss/node@https://registry.npmjs.org/@tailwindcss/node/-/node-4.3.0.tgz. Extracting by manifest.
3142 silly tarball no local data for @tailwindcss/oxide@https://registry.npmjs.org/@tailwindcss/oxide/-/oxide-4.3.0.tgz. Extracting by manifest.
3143 silly tarball no local data for @alloc/quick-lru@https://registry.npmjs.org/@alloc/quick-lru/-/quick-lru-5.2.0.tgz. Extracting by manifest.
3144 silly tarball no local data for typescript@https://registry.npmjs.org/typescript/-/typescript-5.9.3.tgz. Extracting by manifest.
3145 silly tarball no local data for tailwindcss@https://registry.npmjs.org/tailwindcss/-/tailwindcss-4.3.0.tgz. Extracting by manifest.
3146 silly tarball no local data for @types/react-dom@https://registry.npmjs.org/@types/react-dom/-/react-dom-19.2.3.tgz. Extracting by manifest.
3147 silly tarball no local data for next@https://registry.npmjs.org/next/-/next-16.2.6.tgz. Extracting by manifest.
3148 silly tarball no local data for react@https://registry.npmjs.org/react/-/react-19.2.4.tgz. Extracting by manifest.
3149 silly tarball no local data for react-dom@https://registry.npmjs.org/react-dom/-/react-dom-19.2.4.tgz. Extracting by manifest.
3150 silly tarball no local data for eslint@https://registry.npmjs.org/eslint/-/eslint-9.39.4.tgz. Extracting by manifest.
3151 silly tarball no local data for @types/react@https://registry.npmjs.org/@types/react/-/react-19.2.14.tgz. Extracting by manifest.
3152 silly tarball no local data for eslint-config-next@https://registry.npmjs.org/eslint-config-next/-/eslint-config-next-16.2.6.tgz. Extracting by manifest.
3153 silly tarball no local data for @types/node@https://registry.npmjs.org/@types/node/-/node-20.19.40.tgz. Extracting by manifest.
3154 silly tarball no local data for eslint-visitor-keys@https://registry.npmjs.org/eslint-visitor-keys/-/eslint-visitor-keys-5.0.1.tgz. Extracting by manifest.
3155 silly tarball no local data for @tailwindcss/postcss@https://registry.npmjs.org/@tailwindcss/postcss/-/postcss-4.3.0.tgz. Extracting by manifest.
3156 silly tarball no local data for ignore@https://registry.npmjs.org/ignore/-/ignore-7.0.5.tgz. Extracting by manifest.
3157 silly tarball no local data for balanced-match@https://registry.npmjs.org/balanced-match/-/balanced-match-4.0.4.tgz. Extracting by manifest.
3158 silly tarball no local data for brace-expansion@https://registry.npmjs.org/brace-expansion/-/brace-expansion-5.0.6.tgz. Extracting by manifest.
3159 silly tarball no local data for minimatch@https://registry.npmjs.org/minimatch/-/minimatch-10.2.5.tgz. Extracting by manifest.
3160 silly tarball no local data for semver@https://registry.npmjs.org/semver/-/semver-7.8.0.tgz. Extracting by manifest.
3161 silly tarball no local data for semver@https://registry.npmjs.org/semver/-/semver-7.8.0.tgz. Extracting by manifest.
3162 silly tarball no local data for debug@https://registry.npmjs.org/debug/-/debug-3.2.7.tgz. Extracting by manifest.
3163 silly tarball no local data for json5@https://registry.npmjs.org/json5/-/json5-1.0.2.tgz. Extracting by manifest.
3164 silly tarball no local data for semver@https://registry.npmjs.org/semver/-/semver-7.8.0.tgz. Extracting by manifest.
3165 silly tarball no local data for glob-parent@https://registry.npmjs.org/glob-parent/-/glob-parent-5.1.2.tgz. Extracting by manifest.
3166 silly tarball no local data for fdir@https://registry.npmjs.org/fdir/-/fdir-6.5.0.tgz. Extracting by manifest.
3167 silly tarball no local data for picomatch@https://registry.npmjs.org/picomatch/-/picomatch-4.0.4.tgz. Extracting by manifest.
3168 silly tarball no local data for eslint-visitor-keys@https://registry.npmjs.org/eslint-visitor-keys/-/eslint-visitor-keys-3.4.3.tgz. Extracting by manifest.
3169 silly tarball no local data for debug@https://registry.npmjs.org/debug/-/debug-3.2.7.tgz. Extracting by manifest.
3170 silly tarball no local data for debug@https://registry.npmjs.org/debug/-/debug-3.2.7.tgz. Extracting by manifest.
3171 silly tarball no local data for globals@https://registry.npmjs.org/globals/-/globals-16.4.0.tgz. Extracting by manifest.
3172 silly tarball no local data for postcss@https://registry.npmjs.org/postcss/-/postcss-8.4.31.tgz. Extracting by manifest.
3173 http fetch POST 200 https://registry.npmjs.org/-/npm/v1/security/advisories/bulk 1502ms
3174 silly audit report {
3174 silly audit report   postcss: [
3174 silly audit report     {
3174 silly audit report       id: 1117015,
3174 silly audit report       url: 'https://github.com/advisories/GHSA-qx2v-qp2m-jg93',
3174 silly audit report       title: 'PostCSS has XSS via Unescaped </style> in its CSS Stringify Output',
3174 silly audit report       severity: 'moderate',
3174 silly audit report       vulnerable_versions: '<8.5.10',
3174 silly audit report       cwe: [Array],
3174 silly audit report       cvss: [Object]
3174 silly audit report     }
3174 silly audit report   ]
3174 silly audit report }
3175 silly packumentCache corgi:https://registry.npmjs.org/postcss cache-miss
3176 http fetch GET 200 https://registry.npmjs.org/is-weakmap/-/is-weakmap-2.0.2.tgz 1299ms (cache miss)
3177 http fetch GET 200 https://registry.npmjs.org/which-collection/-/which-collection-1.0.2.tgz 1291ms (cache miss)
3178 http fetch GET 200 https://registry.npmjs.org/punycode/-/punycode-2.3.1.tgz 1277ms (cache miss)
3179 http fetch GET 200 https://registry.npmjs.org/is-weakset/-/is-weakset-2.0.4.tgz 1339ms (cache miss)
3180 http fetch GET 200 https://registry.npmjs.org/escalade/-/escalade-3.2.0.tgz 1460ms (cache miss)
3181 http fetch GET 200 https://registry.npmjs.org/generator-function/-/generator-function-2.0.1.tgz 1487ms (cache miss)
3182 http fetch GET 200 https://registry.npmjs.org/has-bigints/-/has-bigints-1.1.0.tgz 1455ms (cache miss)
3183 http fetch GET 200 https://registry.npmjs.org/which-boxed-primitive/-/which-boxed-primitive-1.1.1.tgz 1519ms (cache miss)
3184 http fetch GET 200 https://registry.npmjs.org/@typescript-eslint/tsconfig-utils/-/tsconfig-utils-8.59.2.tgz 1557ms (cache miss)
3185 http fetch GET 200 https://registry.npmjs.org/@typescript-eslint/project-service/-/project-service-8.59.2.tgz 1671ms (cache miss)
3186 http fetch GET 200 https://registry.npmjs.org/minimist/-/minimist-1.2.8.tgz 1743ms (cache miss)
3187 http fetch GET 200 https://registry.npmjs.org/has-flag/-/has-flag-4.0.0.tgz 1835ms (cache miss)
3188 http fetch GET 200 https://registry.npmjs.org/is-number/-/is-number-7.0.0.tgz 1842ms (cache miss)
3189 http fetch GET 200 https://registry.npmjs.org/@types/json5/-/json5-0.0.29.tgz 1889ms (cache miss)
3190 http fetch GET 200 https://registry.npmjs.org/strip-bom/-/strip-bom-3.0.0.tgz 1906ms (cache miss)
3191 http fetch GET 200 https://registry.npmjs.org/client-only/-/client-only-0.0.1.tgz 1903ms (cache miss)
3192 http fetch GET 200 https://registry.npmjs.org/side-channel-map/-/side-channel-map-1.0.1.tgz 1896ms (cache miss)
3193 http fetch GET 200 https://registry.npmjs.org/shebang-regex/-/shebang-regex-3.0.0.tgz 1924ms (cache miss)
3194 http fetch GET 200 https://registry.npmjs.org/isarray/-/isarray-2.0.5.tgz 1914ms (cache miss)
3195 http fetch GET 200 https://registry.npmjs.org/scheduler/-/scheduler-0.27.0.tgz 1969ms (cache miss)
3196 http fetch GET 200 https://registry.npmjs.org/path-parse/-/path-parse-1.0.7.tgz 2019ms (cache miss)
3197 http fetch GET 200 https://registry.npmjs.org/queue-microtask/-/queue-microtask-1.2.3.tgz 2053ms (cache miss)
3198 http fetch GET 200 https://registry.npmjs.org/object-assign/-/object-assign-4.1.1.tgz 2038ms (cache miss)
3199 http fetch GET 200 https://registry.npmjs.org/yocto-queue/-/yocto-queue-0.1.0.tgz 2033ms (cache miss)
3200 http fetch GET 200 https://registry.npmjs.org/callsites/-/callsites-3.1.0.tgz 2033ms (cache miss)
3201 http fetch GET 200 https://registry.npmjs.org/isexe/-/isexe-2.0.0.tgz 2135ms (cache miss)
3202 http fetch GET 200 https://registry.npmjs.org/loose-envify/-/loose-envify-1.4.0.tgz 2054ms (cache miss)
3203 http fetch GET 200 https://registry.npmjs.org/word-wrap/-/word-wrap-1.2.5.tgz 2103ms (cache miss)
3204 http fetch GET 200 https://registry.npmjs.org/p-limit/-/p-limit-3.1.0.tgz 2154ms (cache miss)
3205 http fetch GET 200 https://registry.npmjs.org/concat-map/-/concat-map-0.0.1.tgz 2138ms (cache miss)
3206 http fetch GET 200 https://registry.npmjs.org/balanced-match/-/balanced-match-1.0.2.tgz 2175ms (cache miss)
3207 http fetch GET 200 https://registry.npmjs.org/brace-expansion/-/brace-expansion-1.1.14.tgz 2172ms (cache miss)
3208 http fetch GET 200 https://registry.npmjs.org/@next/env/-/env-16.2.6.tgz 2212ms (cache miss)
3209 http fetch GET 200 https://registry.npmjs.org/fast-levenshtein/-/fast-levenshtein-2.0.6.tgz 2271ms (cache miss)
3210 http fetch GET 200 https://registry.npmjs.org/@img/colour/-/colour-1.1.0.tgz 2328ms (cache miss)
3211 http fetch GET 200 https://registry.npmjs.org/is-map/-/is-map-2.0.3.tgz 2447ms (cache miss)
3212 http fetch GET 200 https://registry.npmjs.org/@typescript-eslint/parser/-/parser-8.59.2.tgz 2397ms (cache miss)
3213 http fetch GET 200 https://registry.npmjs.org/yallist/-/yallist-3.1.1.tgz 2329ms (cache miss)
3214 http fetch GET 200 https://registry.npmjs.org/json-buffer/-/json-buffer-3.0.1.tgz 2326ms (cache miss)
3215 http fetch GET 200 https://registry.npmjs.org/set-function-name/-/set-function-name-2.0.2.tgz 2325ms (cache miss)
3216 http fetch GET 200 https://registry.npmjs.org/is-finalizationregistry/-/is-finalizationregistry-1.1.1.tgz 2488ms (cache miss)
3217 http fetch GET 200 https://registry.npmjs.org/is-bigint/-/is-bigint-1.1.0.tgz 2507ms (cache miss)
3218 http fetch GET 200 https://registry.npmjs.org/p-locate/-/p-locate-5.0.0.tgz 2376ms (cache miss)
3219 http fetch GET 200 https://registry.npmjs.org/is-generator-function/-/is-generator-function-1.1.2.tgz 2528ms (cache miss)
3220 http fetch GET 200 https://registry.npmjs.org/is-extglob/-/is-extglob-2.1.1.tgz 2391ms (cache miss)
3221 http fetch GET 200 https://registry.npmjs.org/is-boolean-object/-/is-boolean-object-1.2.2.tgz 2607ms (cache miss)
3222 http fetch GET 200 https://registry.npmjs.org/is-number-object/-/is-number-object-1.1.1.tgz 2615ms (cache miss)
3223 http fetch GET 200 https://registry.npmjs.org/is-async-function/-/is-async-function-2.1.1.tgz 2632ms (cache miss)
3224 http fetch GET 200 https://registry.npmjs.org/supports-preserve-symlinks-flag/-/supports-preserve-symlinks-flag-1.0.0.tgz 2557ms (cache miss)
3225 http fetch GET 200 https://registry.npmjs.org/which-builtin-type/-/which-builtin-type-1.2.1.tgz 2591ms (cache miss)
3226 http fetch GET 200 https://registry.npmjs.org/parent-module/-/parent-module-1.0.1.tgz 2482ms (cache miss)
3227 http fetch GET 200 https://registry.npmjs.org/@typescript-eslint/visitor-keys/-/visitor-keys-8.59.2.tgz 2621ms (cache miss)
3228 http fetch GET 200 https://registry.npmjs.org/type-check/-/type-check-0.4.0.tgz 2528ms (cache miss)
3229 http fetch GET 200 https://registry.npmjs.org/ts-api-utils/-/ts-api-utils-2.5.0.tgz 2657ms (cache miss)
3230 http fetch GET 200 https://registry.npmjs.org/path-exists/-/path-exists-4.0.0.tgz 2518ms (cache miss)
3231 http fetch GET 200 https://registry.npmjs.org/react-is/-/react-is-16.13.1.tgz 2608ms (cache miss)
3232 http fetch GET 200 https://registry.npmjs.org/to-regex-range/-/to-regex-range-5.0.1.tgz 2574ms (cache miss)
3233 http fetch GET 200 https://registry.npmjs.org/run-parallel/-/run-parallel-1.2.0.tgz 2546ms (cache miss)
3234 http fetch GET 200 https://registry.npmjs.org/side-channel-weakmap/-/side-channel-weakmap-1.0.2.tgz 2674ms (cache miss)
3235 http fetch GET 200 https://registry.npmjs.org/resolve-from/-/resolve-from-4.0.0.tgz 2585ms (cache miss)
3236 http fetch GET 200 https://registry.npmjs.org/async-function/-/async-function-1.0.0.tgz 2752ms (cache miss)
3237 http fetch GET 200 https://registry.npmjs.org/side-channel/-/side-channel-1.1.0.tgz 2601ms (cache miss)
3238 http fetch GET 200 https://registry.npmjs.org/locate-path/-/locate-path-6.0.0.tgz 2590ms (cache miss)
3239 http fetch GET 200 https://registry.npmjs.org/deep-is/-/deep-is-0.1.4.tgz 2655ms (cache miss)
3240 http fetch GET 200 https://registry.npmjs.org/for-each/-/for-each-0.3.5.tgz 2733ms (cache miss)
3241 http fetch GET 200 https://registry.npmjs.org/side-channel-list/-/side-channel-list-1.0.1.tgz 2738ms (cache miss)
3242 http fetch GET 200 https://registry.npmjs.org/@nodelib/fs.scandir/-/fs.scandir-2.1.5.tgz 2625ms (cache miss)
3243 http fetch GET 200 https://registry.npmjs.org/reusify/-/reusify-1.1.0.tgz 2633ms (cache miss)
3244 http fetch GET 200 https://registry.npmjs.org/dunder-proto/-/dunder-proto-1.0.1.tgz 2658ms (cache miss)
3245 http fetch GET 200 https://registry.npmjs.org/@nodelib/fs.stat/-/fs.stat-2.0.5.tgz 2640ms (cache miss)
3246 http fetch GET 200 https://registry.npmjs.org/resolve-pkg-maps/-/resolve-pkg-maps-1.0.0.tgz 2662ms (cache miss)
3247 http fetch GET 200 https://registry.npmjs.org/functions-have-names/-/functions-have-names-1.2.3.tgz 2672ms (cache miss)
3248 http fetch GET 200 https://registry.npmjs.org/fill-range/-/fill-range-7.1.1.tgz 2703ms (cache miss)
3249 http fetch GET 200 https://registry.npmjs.org/merge2/-/merge2-1.4.1.tgz 2647ms (cache miss)
3250 http fetch GET 200 https://registry.npmjs.org/update-browserslist-db/-/update-browserslist-db-1.2.3.tgz 2654ms (cache miss)
3251 http fetch GET 200 https://registry.npmjs.org/@babel/helper-globals/-/helper-globals-7.28.0.tgz 2682ms (cache miss)
3252 http fetch GET 200 https://registry.npmjs.org/argparse/-/argparse-2.0.1.tgz 2754ms (cache miss)
3253 http fetch GET 200 https://registry.npmjs.org/esrecurse/-/esrecurse-4.3.0.tgz 2736ms (cache miss)
3254 http fetch GET 200 https://registry.npmjs.org/lru-cache/-/lru-cache-5.1.1.tgz 2752ms (cache miss)
3255 http fetch GET 200 https://registry.npmjs.org/@babel/compat-data/-/compat-data-7.29.3.tgz 2764ms (cache miss)
3256 http fetch GET 200 https://registry.npmjs.org/node-releases/-/node-releases-2.0.38.tgz 2786ms (cache miss)
3257 http fetch GET 200 https://registry.npmjs.org/prelude-ls/-/prelude-ls-1.2.1.tgz 2851ms (cache miss)
3258 http fetch GET 200 https://registry.npmjs.org/braces/-/braces-3.0.3.tgz 2865ms (cache miss)
3259 http fetch GET 200 https://registry.npmjs.org/flat-cache/-/flat-cache-4.0.1.tgz 2825ms (cache miss)
3260 http fetch GET 200 https://registry.npmjs.org/micromatch/-/micromatch-4.0.8.tgz 2833ms (cache miss)
3261 http fetch GET 200 https://registry.npmjs.org/detect-libc/-/detect-libc-2.1.2.tgz 2895ms (cache miss)
3262 http fetch GET 200 https://registry.npmjs.org/reflect.getprototypeof/-/reflect.getprototypeof-1.0.10.tgz 2989ms (cache miss)
3263 http fetch GET 200 https://registry.npmjs.org/@babel/helper-string-parser/-/helper-string-parser-7.27.1.tgz 2844ms (cache miss)
3264 http fetch GET 200 https://registry.npmjs.org/tslib/-/tslib-2.8.1.tgz 2934ms (cache miss)
3265 http fetch GET 200 https://registry.npmjs.org/@typescript-eslint/types/-/types-8.59.2.tgz 3041ms (cache miss)
3266 http fetch GET 200 https://registry.npmjs.org/picocolors/-/picocolors-1.1.1.tgz 2870ms (cache miss)
3267 http fetch GET 200 https://registry.npmjs.org/picomatch/-/picomatch-2.3.2.tgz 2962ms (cache miss)
3268 http fetch GET 200 https://registry.npmjs.org/gensync/-/gensync-1.0.0-beta.2.tgz 2926ms (cache miss)
3269 http fetch GET 200 https://registry.npmjs.org/@emnapi/wasi-threads/-/wasi-threads-1.2.1.tgz 3209ms (cache miss)
3270 http fetch GET 200 https://registry.npmjs.org/js-tokens/-/js-tokens-4.0.0.tgz 2995ms (cache miss)
3271 http fetch GET 200 https://registry.npmjs.org/@babel/helper-validator-option/-/helper-validator-option-7.27.1.tgz 3012ms (cache miss)
3272 http fetch GET 200 https://registry.npmjs.org/fastq/-/fastq-1.20.1.tgz 3078ms (cache miss)
3273 http fetch GET 200 https://registry.npmjs.org/jsesc/-/jsesc-3.1.0.tgz 3062ms (cache miss)
3274 http fetch GET 200 https://registry.npmjs.org/flatted/-/flatted-3.4.2.tgz 3114ms (cache miss)
3275 http fetch GET 200 https://registry.npmjs.org/baseline-browser-mapping/-/baseline-browser-mapping-2.10.29.tgz 3098ms (cache miss)
3276 http fetch GET 200 https://registry.npmjs.org/convert-source-map/-/convert-source-map-2.0.0.tgz 3093ms (cache miss)
3277 http fetch GET 200 https://registry.npmjs.org/electron-to-chromium/-/electron-to-chromium-1.5.353.tgz 3132ms (cache miss)
3278 http fetch GET 200 https://registry.npmjs.org/browserslist/-/browserslist-4.28.2.tgz 3127ms (cache miss)
3279 http fetch GET 200 https://registry.npmjs.org/napi-postinstall/-/napi-postinstall-0.3.4.tgz 3344ms (cache miss)
3280 http fetch GET 200 https://registry.npmjs.org/@babel/helper-validator-identifier/-/helper-validator-identifier-7.28.5.tgz 3198ms (cache miss)
3281 http fetch GET 200 https://registry.npmjs.org/acorn/-/acorn-8.16.0.tgz 3233ms (cache miss)
3282 http fetch GET 200 https://registry.npmjs.org/@babel/helper-module-imports/-/helper-module-imports-7.28.6.tgz 3221ms (cache miss)
3283 http fetch GET 200 https://registry.npmjs.org/hermes-estree/-/hermes-estree-0.25.1.tgz 3281ms (cache miss)
3284 http fetch GET 200 https://registry.npmjs.org/@emnapi/runtime/-/runtime-1.10.0.tgz 3375ms (cache miss)
3285 http fetch GET 200 https://registry.npmjs.org/nanoid/-/nanoid-3.3.12.tgz 3368ms (cache miss)
3286 http fetch GET 200 https://registry.npmjs.org/acorn-jsx/-/acorn-jsx-5.3.2.tgz 3303ms (cache miss)
3287 http fetch GET 200 https://registry.npmjs.org/@unrs/resolver-binding-win32-x64-msvc/-/resolver-binding-win32-x64-msvc-1.11.1.tgz 3503ms (cache miss)
3288 http fetch GET 200 https://registry.npmjs.org/node-exports-info/-/node-exports-info-1.6.0.tgz 3524ms (cache miss)
3289 http fetch GET 200 https://registry.npmjs.org/styled-jsx/-/styled-jsx-5.1.6.tgz 3512ms (cache miss)
3290 http fetch GET 200 https://registry.npmjs.org/iterator.prototype/-/iterator.prototype-1.1.5.tgz 3470ms (cache miss)
3291 http fetch GET 200 https://registry.npmjs.org/@babel/template/-/template-7.28.6.tgz 3510ms (cache miss)
3292 http fetch GET 200 https://registry.npmjs.org/@emnapi/core/-/core-1.10.0.tgz 3721ms (cache miss)
3293 http fetch GET 200 https://registry.npmjs.org/json5/-/json5-2.2.3.tgz 3523ms (cache miss)
3294 http fetch GET 200 https://registry.npmjs.org/@nodelib/fs.walk/-/fs.walk-1.2.8.tgz 3572ms (cache miss)
3295 http fetch GET 200 https://registry.npmjs.org/@babel/helper-compilation-targets/-/helper-compilation-targets-7.28.6.tgz 3562ms (cache miss)
3296 http fetch GET 200 https://registry.npmjs.org/language-subtag-registry/-/language-subtag-registry-0.3.23.tgz 3663ms (cache miss)
3297 http fetch GET 200 https://registry.npmjs.org/zod-validation-error/-/zod-validation-error-4.0.2.tgz 3580ms (cache miss)
3298 http fetch GET 200 https://registry.npmjs.org/sharp/-/sharp-0.34.5.tgz 3737ms (cache miss)
3299 http fetch GET 200 https://registry.npmjs.org/@typescript-eslint/type-utils/-/type-utils-8.59.2.tgz 3873ms (cache miss)
3300 http fetch GET 200 https://registry.npmjs.org/@babel/code-frame/-/code-frame-7.29.0.tgz 3767ms (cache miss)
3301 http fetch GET 200 https://registry.npmjs.org/@tybys/wasm-util/-/wasm-util-0.10.2.tgz 4009ms (cache miss)
3302 http fetch GET 200 https://registry.npmjs.org/string.prototype.repeat/-/string.prototype.repeat-1.0.0.tgz 3876ms (cache miss)
3303 http fetch GET 200 https://registry.npmjs.org/prop-types/-/prop-types-15.8.1.tgz 3912ms (cache miss)
3304 http fetch GET 200 https://registry.npmjs.org/@napi-rs/wasm-runtime/-/wasm-runtime-0.2.12.tgz 4179ms (cache miss)
3305 http fetch GET 200 https://registry.npmjs.org/keyv/-/keyv-4.5.4.tgz 4076ms (cache miss)
3306 http fetch GET 200 https://registry.npmjs.org/@babel/generator/-/generator-7.29.1.tgz 4028ms (cache miss)
3307 http fetch GET 200 https://registry.npmjs.org/string.prototype.matchall/-/string.prototype.matchall-4.0.12.tgz 4028ms (cache miss)
3308 http fetch GET 200 https://registry.npmjs.org/estraverse/-/estraverse-5.3.0.tgz 4061ms (cache miss)
3309 http fetch GET 200 https://registry.npmjs.org/@babel/helper-module-transforms/-/helper-module-transforms-7.28.6.tgz 4123ms (cache miss)
3310 http fetch GET 200 https://registry.npmjs.org/array.prototype.tosorted/-/array.prototype.tosorted-1.1.4.tgz 4143ms (cache miss)
3311 http fetch GET 200 https://registry.npmjs.org/object.entries/-/object.entries-1.1.9.tgz 4164ms (cache miss)
3312 http fetch GET 200 https://registry.npmjs.org/string.prototype.includes/-/string.prototype.includes-2.0.1.tgz 4167ms (cache miss)
3313 http fetch GET 200 https://registry.npmjs.org/emoji-regex/-/emoji-regex-9.2.2.tgz 4232ms (cache miss)
3314 http fetch GET 200 https://registry.npmjs.org/@typescript-eslint/typescript-estree/-/typescript-estree-8.59.2.tgz 4487ms (cache miss)
3315 http fetch GET 200 https://registry.npmjs.org/array.prototype.findlast/-/array.prototype.findlast-1.2.5.tgz 4271ms (cache miss)
3316 http fetch GET 200 https://registry.npmjs.org/damerau-levenshtein/-/damerau-levenshtein-1.0.8.tgz 4312ms (cache miss)
3317 http fetch GET 200 https://registry.npmjs.org/@typescript-eslint/utils/-/utils-8.59.2.tgz 4544ms (cache miss)
3318 http fetch GET 200 https://registry.npmjs.org/ast-types-flow/-/ast-types-flow-0.0.8.tgz 4332ms (cache miss)
3319 http fetch GET 200 https://registry.npmjs.org/has-tostringtag/-/has-tostringtag-1.0.2.tgz 4392ms (cache miss)
3320 http fetch GET 200 https://registry.npmjs.org/is-date-object/-/is-date-object-1.1.0.tgz 4399ms (cache miss)
3321 http fetch GET 200 https://registry.npmjs.org/is-symbol/-/is-symbol-1.1.1.tgz 4418ms (cache miss)
3322 http fetch GET 200 https://registry.npmjs.org/language-tags/-/language-tags-1.0.9.tgz 4481ms (cache miss)
3323 http fetch GET 200 https://registry.npmjs.org/unbox-primitive/-/unbox-primitive-1.1.0.tgz 4499ms (cache miss)
3324 http fetch GET 200 https://registry.npmjs.org/possible-typed-array-names/-/possible-typed-array-names-1.1.0.tgz 4555ms (cache miss)
3325 http fetch GET 200 https://registry.npmjs.org/typed-array-byte-offset/-/typed-array-byte-offset-1.0.4.tgz 4570ms (cache miss)
3326 http fetch GET 200 https://registry.npmjs.org/typed-array-buffer/-/typed-array-buffer-1.0.3.tgz 4597ms (cache miss)
3327 http fetch GET 200 https://registry.npmjs.org/typed-array-byte-length/-/typed-array-byte-length-1.0.3.tgz 4598ms (cache miss)
3328 http fetch GET 200 https://registry.npmjs.org/which-typed-array/-/which-typed-array-1.1.20.tgz 4612ms (cache miss)
3329 http fetch GET 200 https://registry.npmjs.org/set-proto/-/set-proto-1.0.0.tgz 4638ms (cache miss)
3330 http fetch GET 200 https://registry.npmjs.org/typed-array-length/-/typed-array-length-1.0.7.tgz 4674ms (cache miss)
3331 http fetch GET 200 https://registry.npmjs.org/safe-regex-test/-/safe-regex-test-1.1.0.tgz 4675ms (cache miss)
3332 http fetch GET 200 https://registry.npmjs.org/safe-push-apply/-/safe-push-apply-1.0.0.tgz 4681ms (cache miss)
3333 http fetch GET 200 https://registry.npmjs.org/stop-iteration-iterator/-/stop-iteration-iterator-1.1.0.tgz 4712ms (cache miss)
3334 http fetch GET 200 https://registry.npmjs.org/own-keys/-/own-keys-1.0.1.tgz 4717ms (cache miss)
3335 http fetch GET 200 https://registry.npmjs.org/safe-array-concat/-/safe-array-concat-1.1.4.tgz 4725ms (cache miss)
3336 http fetch GET 200 https://registry.npmjs.org/is-typed-array/-/is-typed-array-1.1.15.tgz 4737ms (cache miss)
3337 http fetch GET 200 https://registry.npmjs.org/string.prototype.trimstart/-/string.prototype.trimstart-1.0.8.tgz 4763ms (cache miss)
3338 http fetch GET 200 https://registry.npmjs.org/string.prototype.trim/-/string.prototype.trim-1.2.10.tgz 4795ms (cache miss)
3339 http fetch GET 200 https://registry.npmjs.org/regexp.prototype.flags/-/regexp.prototype.flags-1.5.4.tgz 4830ms (cache miss)
3340 http fetch GET 200 https://registry.npmjs.org/is-shared-array-buffer/-/is-shared-array-buffer-1.0.4.tgz 4830ms (cache miss)
3341 http fetch GET 200 https://registry.npmjs.org/is-weakref/-/is-weakref-1.1.1.tgz 4848ms (cache miss)
3342 http fetch GET 200 https://registry.npmjs.org/is-data-view/-/is-data-view-1.0.2.tgz 4850ms (cache miss)
3343 http fetch GET 200 https://registry.npmjs.org/is-regex/-/is-regex-1.2.1.tgz 4939ms (cache miss)
3344 http fetch GET 200 https://registry.npmjs.org/is-array-buffer/-/is-array-buffer-3.0.5.tgz 4976ms (cache miss)
3345 http fetch GET 200 https://registry.npmjs.org/is-set/-/is-set-2.0.3.tgz 5006ms (cache miss)
3346 http fetch GET 200 https://registry.npmjs.org/has-proto/-/has-proto-1.2.0.tgz 5039ms (cache miss)
3347 http fetch GET 200 https://registry.npmjs.org/get-proto/-/get-proto-1.0.1.tgz 5050ms (cache miss)
3348 http fetch GET 200 https://registry.npmjs.org/get-symbol-description/-/get-symbol-description-1.1.0.tgz 5058ms (cache miss)
3349 http fetch GET 200 https://registry.npmjs.org/is-callable/-/is-callable-1.2.7.tgz 5120ms (cache miss)
3350 http fetch GET 200 https://registry.npmjs.org/internal-slot/-/internal-slot-1.1.0.tgz 5133ms (cache miss)
3351 http fetch GET 200 https://registry.npmjs.org/es-set-tostringtag/-/es-set-tostringtag-2.1.0.tgz 5155ms (cache miss)
3352 http fetch GET 200 https://registry.npmjs.org/function.prototype.name/-/function.prototype.name-1.1.8.tgz 5160ms (cache miss)
3353 http fetch GET 200 https://registry.npmjs.org/es-to-primitive/-/es-to-primitive-1.3.0.tgz 5173ms (cache miss)
3354 http fetch GET 200 https://registry.npmjs.org/data-view-byte-offset/-/data-view-byte-offset-1.0.1.tgz 5170ms (cache miss)
3355 http fetch GET 200 https://registry.npmjs.org/data-view-byte-length/-/data-view-byte-length-1.0.2.tgz 5172ms (cache miss)
3356 http fetch GET 200 https://registry.npmjs.org/array-buffer-byte-length/-/array-buffer-byte-length-1.0.2.tgz 5234ms (cache miss)
3357 http fetch GET 200 https://registry.npmjs.org/is-negative-zero/-/is-negative-zero-2.0.3.tgz 5253ms (cache miss)
3358 http fetch GET 200 https://registry.npmjs.org/data-view-buffer/-/data-view-buffer-1.0.2.tgz 5249ms (cache miss)
3359 http fetch GET 200 https://registry.npmjs.org/object-keys/-/object-keys-1.1.1.tgz 5279ms (cache miss)
3360 http fetch GET 200 https://registry.npmjs.org/arraybuffer.prototype.slice/-/arraybuffer.prototype.slice-1.0.4.tgz 5286ms (cache miss)
3361 http fetch GET 200 https://registry.npmjs.org/gopd/-/gopd-1.2.0.tgz 5287ms (cache miss)
3362 http fetch GET 200 https://registry.npmjs.org/available-typed-arrays/-/available-typed-arrays-1.0.7.tgz 5295ms (cache miss)
3363 http fetch GET 200 https://registry.npmjs.org/has-property-descriptors/-/has-property-descriptors-1.0.2.tgz 5303ms (cache miss)
3364 http fetch GET 200 https://registry.npmjs.org/has-symbols/-/has-symbols-1.1.0.tgz 5432ms (cache miss)
3365 http fetch GET 200 https://registry.npmjs.org/set-function-length/-/set-function-length-1.2.2.tgz 5438ms (cache miss)
3366 http fetch GET 200 https://registry.npmjs.org/es-define-property/-/es-define-property-1.0.1.tgz 5466ms (cache miss)
3367 http fetch GET 200 https://registry.npmjs.org/function-bind/-/function-bind-1.1.2.tgz 5521ms (cache miss)
3368 http fetch GET 200 https://registry.npmjs.org/es-shim-unscopables/-/es-shim-unscopables-1.1.0.tgz 5518ms (cache miss)
3369 http fetch GET 200 https://registry.npmjs.org/math-intrinsics/-/math-intrinsics-1.1.0.tgz 5513ms (cache miss)
3370 http fetch GET 200 https://registry.npmjs.org/es-object-atoms/-/es-object-atoms-1.1.1.tgz 5529ms (cache miss)
3371 http fetch GET 200 https://registry.npmjs.org/object.assign/-/object.assign-4.1.7.tgz 5593ms (cache miss)
3372 http fetch GET 200 https://registry.npmjs.org/call-bound/-/call-bound-1.0.4.tgz 5541ms (cache miss)
3373 http fetch GET 200 https://registry.npmjs.org/call-bind/-/call-bind-1.0.9.tgz 5555ms (cache miss)
3374 http fetch GET 200 https://registry.npmjs.org/define-properties/-/define-properties-1.2.1.tgz 5589ms (cache miss)
3375 http fetch GET 200 https://registry.npmjs.org/string.prototype.trimend/-/string.prototype.trimend-1.0.9.tgz 5653ms (cache miss)
3376 http fetch GET 200 https://registry.npmjs.org/object.groupby/-/object.groupby-1.0.3.tgz 5664ms (cache miss)
3377 http fetch GET 200 https://registry.npmjs.org/globalthis/-/globalthis-1.0.4.tgz 5744ms (cache miss)
3378 http fetch GET 200 https://registry.npmjs.org/@babel/traverse/-/traverse-7.29.0.tgz 5833ms (cache miss)
3379 http fetch GET 200 https://registry.npmjs.org/is-string/-/is-string-1.1.1.tgz 5715ms (cache miss)
3380 http fetch GET 200 https://registry.npmjs.org/hasown/-/hasown-2.0.3.tgz 5695ms (cache miss)
3381 http fetch GET 200 https://registry.npmjs.org/semver/-/semver-6.3.1.tgz 5722ms (cache miss)
3382 http fetch GET 200 https://registry.npmjs.org/array.prototype.flatmap/-/array.prototype.flatmap-1.3.3.tgz 5727ms (cache miss)
3383 http fetch GET 200 https://registry.npmjs.org/get-intrinsic/-/get-intrinsic-1.3.0.tgz 5777ms (cache miss)
3384 http fetch GET 200 https://registry.npmjs.org/define-data-property/-/define-data-property-1.1.4.tgz 5801ms (cache miss)
3385 http fetch GET 200 https://registry.npmjs.org/@rtsao/scc/-/scc-1.1.0.tgz 5773ms (cache miss)
3386 http fetch GET 200 https://registry.npmjs.org/object-inspect/-/object-inspect-1.13.4.tgz 5888ms (cache miss)
3387 http fetch GET 200 https://registry.npmjs.org/call-bind-apply-helpers/-/call-bind-apply-helpers-1.0.2.tgz 5888ms (cache miss)
3388 http fetch GET 200 https://registry.npmjs.org/array-includes/-/array-includes-3.1.9.tgz 5853ms (cache miss)
3389 http fetch GET 200 https://registry.npmjs.org/stable-hash/-/stable-hash-0.0.5.tgz 5856ms (cache miss)
3390 http fetch GET 200 https://registry.npmjs.org/es-errors/-/es-errors-1.3.0.tgz 5898ms (cache miss)
3391 http fetch GET 200 https://registry.npmjs.org/doctrine/-/doctrine-2.1.0.tgz 5934ms (cache miss)
3392 http fetch GET 200 https://registry.npmjs.org/is-bun-module/-/is-bun-module-2.0.0.tgz 5926ms (cache miss)
3393 http fetch GET 200 https://registry.npmjs.org/@nolyfill/is-core-module/-/is-core-module-1.0.39.tgz 5933ms (cache miss)
3394 http fetch GET 200 https://registry.npmjs.org/unrs-resolver/-/unrs-resolver-1.11.1.tgz 5945ms (cache miss)
3395 http fetch GET 200 https://registry.npmjs.org/tinyglobby/-/tinyglobby-0.2.16.tgz 5975ms (cache miss)
3396 http fetch GET 200 https://registry.npmjs.org/array.prototype.findlastindex/-/array.prototype.findlastindex-1.2.6.tgz 5988ms (cache miss)
3397 http fetch GET 200 https://registry.npmjs.org/@babel/parser/-/parser-7.29.3.tgz 6155ms (cache miss)
3398 http fetch GET 200 https://registry.npmjs.org/object.fromentries/-/object.fromentries-2.0.8.tgz 6054ms (cache miss)
3399 http fetch GET 200 https://registry.npmjs.org/typescript-eslint/-/typescript-eslint-8.59.2.tgz 6075ms (cache miss)
3400 http fetch GET 200 https://registry.npmjs.org/object.values/-/object.values-1.2.1.tgz 6151ms (cache miss)
3401 http fetch GET 200 https://registry.npmjs.org/is-core-module/-/is-core-module-2.16.2.tgz 6158ms (cache miss)
3402 http fetch GET 200 https://registry.npmjs.org/hermes-parser/-/hermes-parser-0.25.1.tgz 6317ms (cache miss)
3403 http fetch GET 200 https://registry.npmjs.org/eslint-module-utils/-/eslint-module-utils-2.12.1.tgz 6225ms (cache miss)
3404 http fetch GET 200 https://registry.npmjs.org/eslint-import-resolver-node/-/eslint-import-resolver-node-0.3.10.tgz 6200ms (cache miss)
3405 http fetch GET 200 https://registry.npmjs.org/eslint-import-resolver-typescript/-/eslint-import-resolver-typescript-3.10.1.tgz 6275ms (cache miss)
3406 http fetch GET 200 https://registry.npmjs.org/ms/-/ms-2.1.3.tgz 6300ms (cache miss)
3407 http fetch GET 200 https://registry.npmjs.org/which/-/which-2.0.2.tgz 6358ms (cache miss)
3408 http fetch GET 200 https://registry.npmjs.org/axe-core/-/axe-core-4.11.4.tgz 6510ms (cache miss)
3409 http fetch GET 200 https://registry.npmjs.org/get-tsconfig/-/get-tsconfig-4.14.0.tgz 6384ms (cache miss)
3410 http fetch GET 200 https://registry.npmjs.org/shebang-command/-/shebang-command-2.0.0.tgz 6369ms (cache miss)
3411 http fetch GET 200 https://registry.npmjs.org/path-key/-/path-key-3.1.1.tgz 6381ms (cache miss)
3412 http fetch GET 200 https://registry.npmjs.org/color-name/-/color-name-1.1.4.tgz 6380ms (cache miss)
3413 http fetch GET 200 https://registry.npmjs.org/supports-color/-/supports-color-7.2.0.tgz 6410ms (cache miss)
3414 http fetch GET 200 https://registry.npmjs.org/ansi-styles/-/ansi-styles-4.3.0.tgz 6413ms (cache miss)
3415 http fetch GET 200 https://registry.npmjs.org/color-convert/-/color-convert-2.0.1.tgz 6435ms (cache miss)
3416 http fetch GET 200 https://registry.npmjs.org/json-schema-traverse/-/json-schema-traverse-0.4.1.tgz 6430ms (cache miss)
3417 http fetch GET 200 https://registry.npmjs.org/@humanfs/types/-/types-0.15.0.tgz 6453ms (cache miss)
3418 http fetch GET 200 https://registry.npmjs.org/fast-json-stable-stringify/-/fast-json-stable-stringify-2.1.0.tgz 6452ms (cache miss)
3419 http fetch GET 200 https://registry.npmjs.org/array.prototype.flat/-/array.prototype.flat-1.3.3.tgz 6516ms (cache miss)
3420 http fetch GET 200 https://registry.npmjs.org/strip-json-comments/-/strip-json-comments-3.1.1.tgz 6491ms (cache miss)
3421 http fetch GET 200 https://registry.npmjs.org/@types/json-schema/-/json-schema-7.0.15.tgz 6496ms (cache miss)
3422 http fetch GET 200 https://registry.npmjs.org/import-fresh/-/import-fresh-3.3.1.tgz 6505ms (cache miss)
3423 http fetch GET 200 https://registry.npmjs.org/@babel/core/-/core-7.29.0.tgz 6719ms (cache miss)
3424 http fetch GET 200 https://registry.npmjs.org/@humanfs/core/-/core-0.19.2.tgz 6558ms (cache miss)
3425 http fetch GET 200 https://registry.npmjs.org/es-iterator-helpers/-/es-iterator-helpers-1.3.2.tgz 6790ms (cache miss)
3426 http fetch GET 200 https://registry.npmjs.org/@eslint/object-schema/-/object-schema-2.1.7.tgz 6614ms (cache miss)
3427 http fetch GET 200 https://registry.npmjs.org/json-stable-stringify-without-jsonify/-/json-stable-stringify-without-jsonify-1.0.1.tgz 6678ms (cache miss)
3428 http fetch GET 200 https://registry.npmjs.org/lodash.merge/-/lodash.merge-4.6.2.tgz 6703ms (cache miss)
3429 http fetch GET 200 https://registry.npmjs.org/levn/-/levn-0.4.1.tgz 6732ms (cache miss)
3430 http fetch GET 200 https://registry.npmjs.org/imurmurhash/-/imurmurhash-0.1.4.tgz 6738ms (cache miss)
3431 http fetch GET 200 https://registry.npmjs.org/is-glob/-/is-glob-4.0.3.tgz 6758ms (cache miss)
3432 http fetch GET 200 https://registry.npmjs.org/optionator/-/optionator-0.9.4.tgz 6803ms (cache miss)
3433 http fetch GET 200 https://registry.npmjs.org/natural-compare/-/natural-compare-1.4.0.tgz 6826ms (cache miss)
3434 http fetch GET 200 https://registry.npmjs.org/minimatch/-/minimatch-3.1.5.tgz 6856ms (cache miss)
3435 http fetch GET 200 https://registry.npmjs.org/ignore/-/ignore-5.3.2.tgz 6874ms (cache miss)
3436 http fetch GET 200 https://registry.npmjs.org/fast-deep-equal/-/fast-deep-equal-3.1.3.tgz 6872ms (cache miss)
3437 http fetch GET 200 https://registry.npmjs.org/find-up/-/find-up-5.0.0.tgz 6877ms (cache miss)
3438 http fetch GET 200 https://registry.npmjs.org/globals/-/globals-14.0.0.tgz 6899ms (cache miss)
3439 http fetch GET 200 https://registry.npmjs.org/jsx-ast-utils/-/jsx-ast-utils-3.3.5.tgz 7295ms (cache miss)
3440 http fetch GET 200 https://registry.npmjs.org/tsconfig-paths/-/tsconfig-paths-3.15.0.tgz 7239ms (cache miss)
3441 http fetch GET 200 https://registry.npmjs.org/esutils/-/esutils-2.0.3.tgz 7190ms (cache miss)
3442 http fetch GET 200 https://registry.npmjs.org/file-entry-cache/-/file-entry-cache-8.0.0.tgz 7248ms (cache miss)
3443 http fetch GET 200 https://registry.npmjs.org/fast-glob/-/fast-glob-3.3.1.tgz 7316ms (cache miss)
3444 http fetch GET 200 https://registry.npmjs.org/eslint-scope/-/eslint-scope-8.4.0.tgz 7261ms (cache miss)
3445 http fetch GET 200 https://registry.npmjs.org/escape-string-regexp/-/escape-string-regexp-4.0.0.tgz 7294ms (cache miss)
3446 http fetch GET 200 https://registry.npmjs.org/@next/eslint-plugin-next/-/eslint-plugin-next-16.2.6.tgz 7403ms (cache miss)
3447 http fetch GET 200 https://registry.npmjs.org/cross-spawn/-/cross-spawn-7.0.6.tgz 7364ms (cache miss)
3448 http fetch GET 200 https://registry.npmjs.org/espree/-/espree-10.4.0.tgz 7411ms (cache miss)
3449 http fetch GET 200 https://registry.npmjs.org/eslint-visitor-keys/-/eslint-visitor-keys-4.2.1.tgz 7422ms (cache miss)
3450 http fetch GET 200 https://registry.npmjs.org/chalk/-/chalk-4.1.2.tgz 7481ms (cache miss)
3451 http fetch GET 200 https://registry.npmjs.org/esquery/-/esquery-1.7.0.tgz 7504ms (cache miss)
3452 http fetch GET 200 https://registry.npmjs.org/@babel/types/-/types-7.29.0.tgz 7746ms (cache miss)
3453 http fetch GET 200 https://registry.npmjs.org/debug/-/debug-4.4.3.tgz 7537ms (cache miss)
3454 http fetch GET 200 https://registry.npmjs.org/js-yaml/-/js-yaml-4.1.1.tgz 7604ms (cache miss)
3455 http fetch GET 200 https://registry.npmjs.org/@humanwhocodes/retry/-/retry-0.4.3.tgz 7559ms (cache miss)
3456 http fetch GET 200 https://registry.npmjs.org/@eslint/js/-/js-9.39.4.tgz 7560ms (cache miss)
3457 http fetch GET 200 https://registry.npmjs.org/@types/estree/-/estree-1.0.9.tgz 7666ms (cache miss)
3458 http fetch GET 200 https://registry.npmjs.org/glob-parent/-/glob-parent-6.0.2.tgz 7715ms (cache miss)
3459 http fetch GET 200 https://registry.npmjs.org/@humanfs/node/-/node-0.16.8.tgz 7691ms (cache miss)
3460 http fetch GET 200 https://registry.npmjs.org/uri-js/-/uri-js-4.4.1.tgz 7751ms (cache miss)
3461 http fetch GET 200 https://registry.npmjs.org/@eslint/plugin-kit/-/plugin-kit-0.4.1.tgz 7743ms (cache miss)
3462 http fetch GET 200 https://registry.npmjs.org/graceful-fs/-/graceful-fs-4.2.11.tgz 7780ms (cache miss)
3463 http fetch GET 200 https://registry.npmjs.org/@humanwhocodes/module-importer/-/module-importer-1.0.1.tgz 7803ms (cache miss)
3464 http fetch GET 200 https://registry.npmjs.org/axobject-query/-/axobject-query-4.1.0.tgz 8080ms (cache miss)
3465 http fetch GET 200 https://registry.npmjs.org/resolve/-/resolve-2.0.0-next.6.tgz 8057ms (cache miss)
3466 http fetch GET 200 https://registry.npmjs.org/@eslint/config-array/-/config-array-0.21.2.tgz 8114ms (cache miss)
3467 http fetch GET 200 https://registry.npmjs.org/@eslint/config-helpers/-/config-helpers-0.4.2.tgz 8181ms (cache miss)
3468 http fetch GET 200 https://registry.npmjs.org/@jridgewell/resolve-uri/-/resolve-uri-3.1.2.tgz 8170ms (cache miss)
3469 http fetch GET 200 https://registry.npmjs.org/@eslint/core/-/core-0.17.0.tgz 8264ms (cache miss)
3470 http fetch GET 200 https://registry.npmjs.org/@eslint/eslintrc/-/eslintrc-3.3.5.tgz 8283ms (cache miss)
3471 http fetch GET 200 https://registry.npmjs.org/@eslint-community/regexpp/-/regexpp-4.12.2.tgz 8293ms (cache miss)
3472 http fetch GET 200 https://registry.npmjs.org/csstype/-/csstype-3.2.3.tgz 8312ms (cache miss)
3473 http fetch GET 200 https://registry.npmjs.org/tapable/-/tapable-2.3.3.tgz 8335ms (cache miss)
3474 http fetch GET 200 https://registry.npmjs.org/undici-types/-/undici-types-6.21.0.tgz 8343ms (cache miss)
3475 http fetch GET 200 https://registry.npmjs.org/@babel/helpers/-/helpers-7.29.2.tgz 8711ms (cache miss)
3476 http fetch GET 200 https://registry.npmjs.org/lightningcss-win32-x64-msvc/-/lightningcss-win32-x64-msvc-1.32.0.tgz 8841ms (cache miss)
3477 http fetch GET 200 https://registry.npmjs.org/eslint-plugin-import/-/eslint-plugin-import-2.32.0.tgz 8587ms (cache miss)
3478 http fetch GET 200 https://registry.npmjs.org/@jridgewell/sourcemap-codec/-/sourcemap-codec-1.5.5.tgz 8509ms (cache miss)
3479 http fetch GET 200 https://registry.npmjs.org/lightningcss/-/lightningcss-1.32.0.tgz 8602ms (cache miss)
3480 http fetch GET 200 https://registry.npmjs.org/@alloc/quick-lru/-/quick-lru-5.2.0.tgz 8673ms (cache miss)
3481 http fetch GET 200 https://registry.npmjs.org/@types/react-dom/-/react-dom-19.2.3.tgz 8762ms (cache miss)
3482 http fetch GET 200 https://registry.npmjs.org/magic-string/-/magic-string-0.30.21.tgz 8822ms (cache miss)
3483 http fetch GET 200 https://registry.npmjs.org/@tailwindcss/oxide/-/oxide-4.3.0.tgz 8842ms (cache miss)
3484 http fetch GET 200 https://registry.npmjs.org/@tailwindcss/node/-/node-4.3.0.tgz 8847ms (cache miss)
3485 http fetch GET 200 https://registry.npmjs.org/@eslint-community/eslint-utils/-/eslint-utils-4.9.1.tgz 8885ms (cache miss)
3486 http fetch GET 200 https://registry.npmjs.org/source-map-js/-/source-map-js-1.2.1.tgz 8871ms (cache miss)
3487 http fetch GET 200 https://registry.npmjs.org/aria-query/-/aria-query-5.3.2.tgz 9152ms (cache miss)
3488 http fetch GET 200 https://registry.npmjs.org/@jridgewell/remapping/-/remapping-2.3.5.tgz 9004ms (cache miss)
3489 http fetch GET 200 https://registry.npmjs.org/@jridgewell/gen-mapping/-/gen-mapping-0.3.13.tgz 9035ms (cache miss)
3490 http fetch GET 200 https://registry.npmjs.org/enhanced-resolve/-/enhanced-resolve-5.21.2.tgz 9202ms (cache miss)
3491 http fetch GET 200 https://registry.npmjs.org/@swc/helpers/-/helpers-0.5.15.tgz 9626ms (cache miss)
3492 http fetch GET 200 https://registry.npmjs.org/@types/react/-/react-19.2.14.tgz 9199ms (cache miss)
3493 http fetch GET 200 https://registry.npmjs.org/ignore/-/ignore-7.0.5.tgz 9217ms (cache miss)
3494 http fetch GET 200 https://registry.npmjs.org/react/-/react-19.2.4.tgz 9242ms (cache miss)
3495 http fetch GET 200 https://registry.npmjs.org/@jridgewell/trace-mapping/-/trace-mapping-0.3.31.tgz 9274ms (cache miss)
3496 http fetch GET 200 https://registry.npmjs.org/ajv/-/ajv-6.15.0.tgz 9328ms (cache miss)
3497 http fetch GET 200 https://registry.npmjs.org/eslint-config-next/-/eslint-config-next-16.2.6.tgz 9273ms (cache miss)
3498 http fetch GET 200 https://registry.npmjs.org/balanced-match/-/balanced-match-4.0.4.tgz 9276ms (cache miss)
3499 http fetch GET 200 https://registry.npmjs.org/postcss/-/postcss-8.5.14.tgz 9310ms (cache miss)
3500 http fetch GET 200 https://registry.npmjs.org/eslint-visitor-keys/-/eslint-visitor-keys-5.0.1.tgz 9419ms (cache miss)
3501 http fetch GET 200 https://registry.npmjs.org/brace-expansion/-/brace-expansion-5.0.6.tgz 9418ms (cache miss)
3502 http fetch GET 200 https://registry.npmjs.org/@tailwindcss/postcss/-/postcss-4.3.0.tgz 9461ms (cache miss)
3503 http fetch GET 200 https://registry.npmjs.org/@typescript-eslint/scope-manager/-/scope-manager-8.59.2.tgz 10018ms (cache miss)
3504 http fetch GET 200 https://registry.npmjs.org/debug/-/debug-3.2.7.tgz 9664ms (cache miss)
3505 http fetch GET 200 https://registry.npmjs.org/eslint-plugin-react-hooks/-/eslint-plugin-react-hooks-7.1.1.tgz 9969ms (cache miss)
3506 http fetch GET 200 https://registry.npmjs.org/json5/-/json5-1.0.2.tgz 9892ms (cache miss)
3507 http fetch GET 200 https://registry.npmjs.org/tailwindcss/-/tailwindcss-4.3.0.tgz 9991ms (cache miss)
3508 http fetch GET 200 https://registry.npmjs.org/debug/-/debug-3.2.7.tgz 10008ms (cache miss)
3509 http fetch GET 200 https://registry.npmjs.org/fdir/-/fdir-6.5.0.tgz 10074ms (cache miss)
3510 http fetch GET 200 https://registry.npmjs.org/debug/-/debug-3.2.7.tgz 10101ms (cache miss)
3511 http fetch GET 200 https://registry.npmjs.org/semver/-/semver-7.8.0.tgz 10214ms (cache miss)
3512 http fetch GET 200 https://registry.npmjs.org/glob-parent/-/glob-parent-5.1.2.tgz 10232ms (cache miss)
3513 http fetch GET 200 https://registry.npmjs.org/eslint-visitor-keys/-/eslint-visitor-keys-3.4.3.tgz 10231ms (cache miss)
3514 http fetch GET 200 https://registry.npmjs.org/semver/-/semver-7.8.0.tgz 10255ms (cache miss)
3515 http fetch GET 200 https://registry.npmjs.org/picomatch/-/picomatch-4.0.4.tgz 10253ms (cache miss)
3516 http fetch GET 200 https://registry.npmjs.org/globals/-/globals-16.4.0.tgz 10251ms (cache miss)
3517 http fetch GET 200 https://registry.npmjs.org/minimatch/-/minimatch-10.2.5.tgz 10269ms (cache miss)
3518 http fetch GET 200 https://registry.npmjs.org/eslint-plugin-jsx-a11y/-/eslint-plugin-jsx-a11y-6.10.2.tgz 10513ms (cache miss)
3519 http fetch GET 200 https://registry.npmjs.org/semver/-/semver-7.8.0.tgz 10372ms (cache miss)
3520 http fetch GET 200 https://registry.npmjs.org/postcss/-/postcss-8.4.31.tgz 10542ms (cache miss)
3521 http fetch GET 200 https://registry.npmjs.org/postcss 10171ms (cache miss)
3522 silly packumentCache corgi:https://registry.npmjs.org/postcss set size:undefined disposed:false
3523 silly packumentCache corgi:https://registry.npmjs.org/next cache-miss
3524 http fetch GET 200 https://registry.npmjs.org/@typescript-eslint/eslint-plugin/-/eslint-plugin-8.59.2.tgz 11390ms (cache miss)
3525 http fetch GET 200 https://registry.npmjs.org/eslint-plugin-react/-/eslint-plugin-react-7.37.5.tgz 11280ms (cache miss)
3526 http fetch GET 200 https://registry.npmjs.org/@types/node/-/node-20.19.40.tgz 12225ms (cache miss)
3527 http fetch GET 200 https://registry.npmjs.org/eslint/-/eslint-9.39.4.tgz 12421ms (cache miss)
3528 http fetch GET 200 https://registry.npmjs.org/jiti/-/jiti-2.7.0.tgz 12627ms (cache miss)
3529 http fetch GET 200 https://registry.npmjs.org/zod/-/zod-4.4.3.tgz 13084ms (cache miss)
3530 http fetch GET 200 https://registry.npmjs.org/caniuse-lite/-/caniuse-lite-1.0.30001792.tgz 13210ms (cache miss)
3531 http fetch GET 200 https://registry.npmjs.org/react-dom/-/react-dom-19.2.4.tgz 13696ms (cache miss)
3532 http fetch GET 200 https://registry.npmjs.org/next 3538ms (cache miss)
3533 silly packumentCache corgi:https://registry.npmjs.org/next set size:undefined disposed:false
3534 http fetch GET 200 https://registry.npmjs.org/@tailwindcss/oxide-win32-x64-msvc/-/oxide-win32-x64-msvc-4.3.0.tgz 16367ms (cache miss)
3535 http fetch GET 200 https://registry.npmjs.org/typescript/-/typescript-5.9.3.tgz 18579ms (cache miss)
3536 http fetch GET 200 https://registry.npmjs.org/es-abstract/-/es-abstract-1.24.2.tgz 20658ms (cache miss)
3537 http fetch GET 200 https://registry.npmjs.org/@img/sharp-win32-x64/-/sharp-win32-x64-0.34.5.tgz 22383ms (cache miss)
3538 http fetch GET 200 https://registry.npmjs.org/@next/swc-win32-x64-msvc/-/swc-win32-x64-msvc-16.2.6.tgz 64374ms (cache miss)
3539 http fetch GET 200 https://registry.npmjs.org/next/-/next-16.2.6.tgz 78166ms (cache miss)
3540 info run sharp@0.34.5 install node_modules/sharp node install/check.js || npm run build
3541 info run sharp@0.34.5 install { code: 'EPERM', signal: undefined }
3542 verbose reify failed optional dependency C:\Users\Administrator\Documents\Syncrypt\syncrypt-app\node_modules\sharp
3543 silly reify mark deleted [
3543 silly reify   'C:\\Users\\Administrator\\Documents\\Syncrypt\\syncrypt-app\\node_modules\\sharp'
3543 silly reify ]
3544 verbose reify failed optional dependency C:\Users\Administrator\Documents\Syncrypt\syncrypt-app\node_modules\sharp\node_modules\semver
3545 silly reify mark deleted [
3545 silly reify   'C:\\Users\\Administrator\\Documents\\Syncrypt\\syncrypt-app\\node_modules\\sharp\\node_modules\\semver',
3545 silly reify   'C:\\Users\\Administrator\\Documents\\Syncrypt\\syncrypt-app\\node_modules\\sharp\\node_modules\\.bin\\semver',
3545 silly reify   'C:\\Users\\Administrator\\Documents\\Syncrypt\\syncrypt-app\\node_modules\\sharp\\node_modules\\.bin\\semver.cmd',
3545 silly reify   'C:\\Users\\Administrator\\Documents\\Syncrypt\\syncrypt-app\\node_modules\\sharp\\node_modules\\.bin\\semver.ps1'
3545 silly reify ]
3546 verbose reify failed optional dependency C:\Users\Administrator\Documents\Syncrypt\syncrypt-app\node_modules\@img\colour
3547 silly reify mark deleted [
3547 silly reify   'C:\\Users\\Administrator\\Documents\\Syncrypt\\syncrypt-app\\node_modules\\@img\\colour'
3547 silly reify ]
3548 verbose reify failed optional dependency C:\Users\Administrator\Documents\Syncrypt\syncrypt-app\node_modules\@img\sharp-wasm32
3549 silly reify mark deleted [
3549 silly reify   'C:\\Users\\Administrator\\Documents\\Syncrypt\\syncrypt-app\\node_modules\\@img\\sharp-wasm32'
3549 silly reify ]
3550 verbose reify failed optional dependency C:\Users\Administrator\Documents\Syncrypt\syncrypt-app\node_modules\@img\sharp-linux-arm
3551 silly reify mark deleted [
3551 silly reify   'C:\\Users\\Administrator\\Documents\\Syncrypt\\syncrypt-app\\node_modules\\@img\\sharp-linux-arm'
3551 silly reify ]
3552 verbose reify failed optional dependency C:\Users\Administrator\Documents\Syncrypt\syncrypt-app\node_modules\@img\sharp-linux-x64
3553 silly reify mark deleted [
3553 silly reify   'C:\\Users\\Administrator\\Documents\\Syncrypt\\syncrypt-app\\node_modules\\@img\\sharp-linux-x64'
3553 silly reify ]
3554 verbose reify failed optional dependency C:\Users\Administrator\Documents\Syncrypt\syncrypt-app\node_modules\@img\sharp-win32-x64
3555 silly reify mark deleted [
3555 silly reify   'C:\\Users\\Administrator\\Documents\\Syncrypt\\syncrypt-app\\node_modules\\@img\\sharp-win32-x64'
3555 silly reify ]
3556 verbose reify failed optional dependency C:\Users\Administrator\Documents\Syncrypt\syncrypt-app\node_modules\@img\sharp-darwin-x64
3557 silly reify mark deleted [
3557 silly reify   'C:\\Users\\Administrator\\Documents\\Syncrypt\\syncrypt-app\\node_modules\\@img\\sharp-darwin-x64'
3557 silly reify ]
3558 verbose reify failed optional dependency C:\Users\Administrator\Documents\Syncrypt\syncrypt-app\node_modules\@img\sharp-win32-ia32
3559 silly reify mark deleted [
3559 silly reify   'C:\\Users\\Administrator\\Documents\\Syncrypt\\syncrypt-app\\node_modules\\@img\\sharp-win32-ia32'
3559 silly reify ]
3560 verbose reify failed optional dependency C:\Users\Administrator\Documents\Syncrypt\syncrypt-app\node_modules\@img\sharp-linux-arm64
3561 silly reify mark deleted [
3561 silly reify   'C:\\Users\\Administrator\\Documents\\Syncrypt\\syncrypt-app\\node_modules\\@img\\sharp-linux-arm64'
3561 silly reify ]
3562 verbose reify failed optional dependency C:\Users\Administrator\Documents\Syncrypt\syncrypt-app\node_modules\@img\sharp-linux-ppc64
3563 silly reify mark deleted [
3563 silly reify   'C:\\Users\\Administrator\\Documents\\Syncrypt\\syncrypt-app\\node_modules\\@img\\sharp-linux-ppc64'
3563 silly reify ]
3564 verbose reify failed optional dependency C:\Users\Administrator\Documents\Syncrypt\syncrypt-app\node_modules\@img\sharp-linux-s390x
3565 silly reify mark deleted [
3565 silly reify   'C:\\Users\\Administrator\\Documents\\Syncrypt\\syncrypt-app\\node_modules\\@img\\sharp-linux-s390x'
3565 silly reify ]
3566 verbose reify failed optional dependency C:\Users\Administrator\Documents\Syncrypt\syncrypt-app\node_modules\@img\sharp-win32-arm64
3567 silly reify mark deleted [
3567 silly reify   'C:\\Users\\Administrator\\Documents\\Syncrypt\\syncrypt-app\\node_modules\\@img\\sharp-win32-arm64'
3567 silly reify ]
3568 verbose reify failed optional dependency C:\Users\Administrator\Documents\Syncrypt\syncrypt-app\node_modules\@img\sharp-darwin-arm64
3569 silly reify mark deleted [
3569 silly reify   'C:\\Users\\Administrator\\Documents\\Syncrypt\\syncrypt-app\\node_modules\\@img\\sharp-darwin-arm64'
3569 silly reify ]
3570 verbose reify failed optional dependency C:\Users\Administrator\Documents\Syncrypt\syncrypt-app\node_modules\@img\sharp-linux-riscv64
3571 silly reify mark deleted [
3571 silly reify   'C:\\Users\\Administrator\\Documents\\Syncrypt\\syncrypt-app\\node_modules\\@img\\sharp-linux-riscv64'
3571 silly reify ]
3572 verbose reify failed optional dependency C:\Users\Administrator\Documents\Syncrypt\syncrypt-app\node_modules\@img\sharp-linuxmusl-x64
3573 silly reify mark deleted [
3573 silly reify   'C:\\Users\\Administrator\\Documents\\Syncrypt\\syncrypt-app\\node_modules\\@img\\sharp-linuxmusl-x64'
3573 silly reify ]
3574 verbose reify failed optional dependency C:\Users\Administrator\Documents\Syncrypt\syncrypt-app\node_modules\@img\sharp-linuxmusl-arm64
3575 silly reify mark deleted [
3575 silly reify   'C:\\Users\\Administrator\\Documents\\Syncrypt\\syncrypt-app\\node_modules\\@img\\sharp-linuxmusl-arm64'
3575 silly reify ]
3576 verbose reify failed optional dependency C:\Users\Administrator\Documents\Syncrypt\syncrypt-app\node_modules\@img\sharp-libvips-linux-arm
3577 silly reify mark deleted [
3577 silly reify   'C:\\Users\\Administrator\\Documents\\Syncrypt\\syncrypt-app\\node_modules\\@img\\sharp-libvips-linux-arm'
3577 silly reify ]
3578 verbose reify failed optional dependency C:\Users\Administrator\Documents\Syncrypt\syncrypt-app\node_modules\@img\sharp-libvips-linux-x64
3579 silly reify mark deleted [
3579 silly reify   'C:\\Users\\Administrator\\Documents\\Syncrypt\\syncrypt-app\\node_modules\\@img\\sharp-libvips-linux-x64'
3579 silly reify ]
3580 verbose reify failed optional dependency C:\Users\Administrator\Documents\Syncrypt\syncrypt-app\node_modules\@img\sharp-libvips-darwin-x64
3581 silly reify mark deleted [
3581 silly reify   'C:\\Users\\Administrator\\Documents\\Syncrypt\\syncrypt-app\\node_modules\\@img\\sharp-libvips-darwin-x64'
3581 silly reify ]
3582 verbose reify failed optional dependency C:\Users\Administrator\Documents\Syncrypt\syncrypt-app\node_modules\@img\sharp-libvips-linux-arm64
3583 silly reify mark deleted [
3583 silly reify   'C:\\Users\\Administrator\\Documents\\Syncrypt\\syncrypt-app\\node_modules\\@img\\sharp-libvips-linux-arm64'
3583 silly reify ]
3584 verbose reify failed optional dependency C:\Users\Administrator\Documents\Syncrypt\syncrypt-app\node_modules\@img\sharp-libvips-linux-ppc64
3585 silly reify mark deleted [
3585 silly reify   'C:\\Users\\Administrator\\Documents\\Syncrypt\\syncrypt-app\\node_modules\\@img\\sharp-libvips-linux-ppc64'
3585 silly reify ]
3586 verbose reify failed optional dependency C:\Users\Administrator\Documents\Syncrypt\syncrypt-app\node_modules\@img\sharp-libvips-linux-s390x
3587 silly reify mark deleted [
3587 silly reify   'C:\\Users\\Administrator\\Documents\\Syncrypt\\syncrypt-app\\node_modules\\@img\\sharp-libvips-linux-s390x'
3587 silly reify ]
3588 verbose reify failed optional dependency C:\Users\Administrator\Documents\Syncrypt\syncrypt-app\node_modules\@img\sharp-libvips-darwin-arm64
3589 silly reify mark deleted [
3589 silly reify   'C:\\Users\\Administrator\\Documents\\Syncrypt\\syncrypt-app\\node_modules\\@img\\sharp-libvips-darwin-arm64'
3589 silly reify ]
3590 verbose reify failed optional dependency C:\Users\Administrator\Documents\Syncrypt\syncrypt-app\node_modules\@img\sharp-libvips-linux-riscv64
3591 silly reify mark deleted [
3591 silly reify   'C:\\Users\\Administrator\\Documents\\Syncrypt\\syncrypt-app\\node_modules\\@img\\sharp-libvips-linux-riscv64'
3591 silly reify ]
3592 verbose reify failed optional dependency C:\Users\Administrator\Documents\Syncrypt\syncrypt-app\node_modules\@img\sharp-libvips-linuxmusl-x64
3593 silly reify mark deleted [
3593 silly reify   'C:\\Users\\Administrator\\Documents\\Syncrypt\\syncrypt-app\\node_modules\\@img\\sharp-libvips-linuxmusl-x64'
3593 silly reify ]
3594 verbose reify failed optional dependency C:\Users\Administrator\Documents\Syncrypt\syncrypt-app\node_modules\@img\sharp-libvips-linuxmusl-arm64
3595 silly reify mark deleted [
3595 silly reify   'C:\\Users\\Administrator\\Documents\\Syncrypt\\syncrypt-app\\node_modules\\@img\\sharp-libvips-linuxmusl-arm64'
3595 silly reify ]
3596 info run unrs-resolver@1.11.1 postinstall node_modules/unrs-resolver napi-postinstall unrs-resolver 1.11.1 check
3597 info run unrs-resolver@1.11.1 postinstall { code: 'EPERM', signal: undefined }
3598 warn cleanup Failed to remove some directories [
3598 warn cleanup   [
3598 warn cleanup     '\\\\?\\C:\\Users\\Administrator\\Documents\\Syncrypt\\syncrypt-app\\node_modules',
3598 warn cleanup     [Error: EPERM: operation not permitted, rmdir 'C:\Users\Administrator\Documents\Syncrypt\syncrypt-app\node_modules\next\dist\next-devtools\dev-overlay'] {
3598 warn cleanup       errno: -4048,
3598 warn cleanup       code: 'EPERM',
3598 warn cleanup       syscall: 'rmdir',
3598 warn cleanup       path: 'C:\\Users\\Administrator\\Documents\\Syncrypt\\syncrypt-app\\node_modules\\next\\dist\\next-devtools\\dev-overlay'
3598 warn cleanup     }
3598 warn cleanup   ],
3598 warn cleanup   [
3598 warn cleanup     '\\\\?\\C:\\Users\\Administrator\\Documents\\Syncrypt\\syncrypt-app\\node_modules\\next',
3598 warn cleanup     [Error: EPERM: operation not permitted, rmdir 'C:\Users\Administrator\Documents\Syncrypt\syncrypt-app\node_modules\next\dist\esm\build\webpack\config'] {
3598 warn cleanup       errno: -4048,
3598 warn cleanup       code: 'EPERM',
3598 warn cleanup       syscall: 'rmdir',
3598 warn cleanup       path: 'C:\\Users\\Administrator\\Documents\\Syncrypt\\syncrypt-app\\node_modules\\next\\dist\\esm\\build\\webpack\\config'
3598 warn cleanup     }
3598 warn cleanup   ]
3598 warn cleanup ]
3599 verbose stack Error: spawn EPERM
3599 verbose stack     at ChildProcess.spawn (node:internal/child_process:441:11)
3599 verbose stack     at spawn (node:child_process:796:9)
3599 verbose stack     at promiseSpawn (C:\Program Files\nodejs\node_modules\npm\node_modules\@npmcli\promise-spawn\lib\index.js:39:16)
3599 verbose stack     at spawnWithShell (C:\Program Files\nodejs\node_modules\npm\node_modules\@npmcli\promise-spawn\lib\index.js:124:10)
3599 verbose stack     at promiseSpawn (C:\Program Files\nodejs\node_modules\npm\node_modules\@npmcli\promise-spawn\lib\index.js:12:12)
3599 verbose stack     at runScriptPkg (C:\Program Files\nodejs\node_modules\npm\node_modules\@npmcli\run-script\lib\run-script-pkg.js:79:13)
3599 verbose stack     at runScript (C:\Program Files\nodejs\node_modules\npm\node_modules\@npmcli\run-script\lib\run-script.js:9:12)
3599 verbose stack     at C:\Program Files\nodejs\node_modules\npm\node_modules\@npmcli\arborist\lib\arborist\rebuild.js:328:17
3599 verbose stack     at run (C:\Program Files\nodejs\node_modules\npm\node_modules\promise-call-limit\dist\commonjs\index.js:67:22)
3599 verbose stack     at C:\Program Files\nodejs\node_modules\npm\node_modules\promise-call-limit\dist\commonjs\index.js:84:9
3600 error code EPERM
3601 error syscall spawn
3602 error errno -4048
3603 error Error: spawn EPERM
3603 error     at ChildProcess.spawn (node:internal/child_process:441:11)
3603 error     at spawn (node:child_process:796:9)
3603 error     at promiseSpawn (C:\Program Files\nodejs\node_modules\npm\node_modules\@npmcli\promise-spawn\lib\index.js:39:16)
3603 error     at spawnWithShell (C:\Program Files\nodejs\node_modules\npm\node_modules\@npmcli\promise-spawn\lib\index.js:124:10)
3603 error     at promiseSpawn (C:\Program Files\nodejs\node_modules\npm\node_modules\@npmcli\promise-spawn\lib\index.js:12:12)
3603 error     at runScriptPkg (C:\Program Files\nodejs\node_modules\npm\node_modules\@npmcli\run-script\lib\run-script-pkg.js:79:13)
3603 error     at runScript (C:\Program Files\nodejs\node_modules\npm\node_modules\@npmcli\run-script\lib\run-script.js:9:12)
3603 error     at C:\Program Files\nodejs\node_modules\npm\node_modules\@npmcli\arborist\lib\arborist\rebuild.js:328:17
3603 error     at run (C:\Program Files\nodejs\node_modules\npm\node_modules\promise-call-limit\dist\commonjs\index.js:67:22)
3603 error     at C:\Program Files\nodejs\node_modules\npm\node_modules\promise-call-limit\dist\commonjs\index.js:84:9 {
3603 error   errno: -4048,
3603 error   code: 'EPERM',
3603 error   syscall: 'spawn'
3603 error }
3604 error
3604 error The operation was rejected by your operating system.
3604 error It's possible that the file was already in use (by a text editor or antivirus), or that you lack permissions to access it.
3604 error
3604 error If you believe this might be a permissions issue, please double-check the permissions of the file and its containing directories, or try running the command again as root/Administrator.
3605 silly unfinished npm timer reify 1778437356348
3606 silly unfinished npm timer reify:build 1778437511724
3607 silly unfinished npm timer build 1778437511726
3608 silly unfinished npm timer build:deps 1778437511727
3609 silly unfinished npm timer build:run:postinstall 1778437512011
3610 silly unfinished npm timer build:run:postinstall:node_modules/unrs-resolver 1778437512012
3611 verbose cwd C:\Users\Administrator\Documents\Syncrypt\syncrypt-app
3612 verbose os Windows_NT 10.0.19045
3613 verbose node v24.15.0
3614 verbose npm  v11.12.1
3615 verbose exit -4048
3616 verbose code -4048
3617 error A complete log of this run can be found in: C:\Users\Administrator\Documents\Syncrypt\.npm-cache\_logs\2026-05-10T18_22_34_609Z-debug-0.log
